/*
Navicat MySQL Data Transfer

Source Server         : 本地MySQL
Source Server Version : 50638
Source Host           : localhost:3306
Source Database       : mockinterview

Target Server Type    : MYSQL
Target Server Version : 50638
File Encoding         : 65001

Date: 2019-01-04 23:20:30
*/

SET FOREIGN_KEY_CHECKS=0;

-- ----------------------------
-- Table structure for c_admin
-- ----------------------------
DROP TABLE IF EXISTS `c_admin`;
CREATE TABLE `c_admin` (
  `aid` bigint(20) NOT NULL AUTO_INCREMENT COMMENT '管理员ID',
  `username` varchar(255) NOT NULL COMMENT '用户名',
  `password` varchar(255) NOT NULL COMMENT '密码',
  `email` varchar(255) NOT NULL COMMENT '邮箱',
  `head_url` varchar(255) DEFAULT NULL COMMENT '头像链接',
  `create_time` datetime DEFAULT NULL COMMENT '创建时间',
  PRIMARY KEY (`aid`)
) ENGINE=InnoDB AUTO_INCREMENT=2 DEFAULT CHARSET=utf8 COMMENT='管理员';

-- ----------------------------
-- Records of c_admin
-- ----------------------------
INSERT INTO `c_admin` VALUES ('1', 'admin', '21232f297a57a5a743894a0e4a801fc3', '19151329@qq.com', 'D:/Pictures/web/mockinterview/1544257909189.jpg', '2018-11-11 15:30:06');

-- ----------------------------
-- Table structure for c_article
-- ----------------------------
DROP TABLE IF EXISTS `c_article`;
CREATE TABLE `c_article` (
  `aid` bigint(20) NOT NULL AUTO_INCREMENT COMMENT '文章ID',
  `title` varchar(255) DEFAULT NULL COMMENT '标题',
  `content` text COMMENT '内容',
  `uid` bigint(20) DEFAULT NULL COMMENT '用户ID',
  `create_time` datetime DEFAULT NULL COMMENT '创建时间',
  PRIMARY KEY (`aid`)
) ENGINE=InnoDB DEFAULT CHARSET=utf8 COMMENT='文章内容';

-- ----------------------------
-- Records of c_article
-- ----------------------------

-- ----------------------------
-- Table structure for c_follower
-- ----------------------------
DROP TABLE IF EXISTS `c_follower`;
CREATE TABLE `c_follower` (
  `fid` int(11) NOT NULL AUTO_INCREMENT COMMENT 'ID',
  `followers_uid` int(11) DEFAULT NULL COMMENT '被关注者ID',
  `followers_type` varchar(4) DEFAULT NULL COMMENT '被关注者（1、求职者，2、面试官）',
  `following_uid` int(11) DEFAULT NULL COMMENT '关注者ID',
  `following_type` varchar(4) DEFAULT NULL COMMENT '关注者（1、求职者，2、面试官）',
  `follow_status` varchar(4) DEFAULT NULL COMMENT '关注的状态（1、关注，2、取消关注，3、拉黑）',
  `follow_time` datetime DEFAULT NULL ON UPDATE CURRENT_TIMESTAMP COMMENT '关注时间',
  `unfollow_time` datetime DEFAULT NULL ON UPDATE CURRENT_TIMESTAMP COMMENT '取消关注时间',
  PRIMARY KEY (`fid`)
) ENGINE=InnoDB AUTO_INCREMENT=77 DEFAULT CHARSET=utf8 COMMENT='关注表';

-- ----------------------------
-- Records of c_follower
-- ----------------------------
INSERT INTO `c_follower` VALUES ('1', '93', '2', '93', '1', '2', '2018-12-26 22:49:07', '2018-12-26 22:49:08');
INSERT INTO `c_follower` VALUES ('2', '93', '2', '93', '1', '2', '2018-12-26 23:52:07', '2018-12-26 23:52:08');
INSERT INTO `c_follower` VALUES ('3', '93', '2', '93', '1', '2', '2018-12-26 23:52:11', '2018-12-26 23:52:11');
INSERT INTO `c_follower` VALUES ('4', '2', '2', '93', '1', '2', '2018-12-26 23:53:22', '2018-12-26 23:53:22');
INSERT INTO `c_follower` VALUES ('5', '4', '2', '93', '1', '1', '2018-12-26 23:53:55', null);
INSERT INTO `c_follower` VALUES ('6', '90', '1', '93', '1', '2', '2018-12-27 12:24:25', '2018-12-27 12:24:26');
INSERT INTO `c_follower` VALUES ('7', '90', '1', '93', '1', '1', '2018-12-27 12:24:27', null);
INSERT INTO `c_follower` VALUES ('8', '93', '1', '93', '1', '2', '2018-12-27 12:29:37', '2018-12-27 12:29:38');
INSERT INTO `c_follower` VALUES ('9', '1', '1', '93', '1', '2', '2018-12-27 12:30:49', '2018-12-27 12:30:50');
INSERT INTO `c_follower` VALUES ('10', '1', '1', '93', '1', '1', '2018-12-27 12:30:55', null);
INSERT INTO `c_follower` VALUES ('14', '93', '1', '93', '2', '1', '2018-12-27 21:35:19', null);
INSERT INTO `c_follower` VALUES ('15', '2', '1', '93', '1', '1', '2018-12-27 21:26:31', null);
INSERT INTO `c_follower` VALUES ('16', '3', '1', '93', '1', '1', '2018-12-27 21:26:39', null);
INSERT INTO `c_follower` VALUES ('17', '4', '1', '93', '1', '2', '2018-12-27 21:47:05', '2018-12-27 21:47:06');
INSERT INTO `c_follower` VALUES ('18', '1', '2', '93', '1', '1', '2018-12-27 21:27:05', null);
INSERT INTO `c_follower` VALUES ('19', '2', '2', '93', '1', '1', '2018-12-27 21:27:10', null);
INSERT INTO `c_follower` VALUES ('20', '3', '2', '93', '1', '1', '2018-12-27 21:27:14', null);
INSERT INTO `c_follower` VALUES ('21', '93', '2', '93', '1', '1', '2018-12-27 21:27:39', null);
INSERT INTO `c_follower` VALUES ('22', '93', '1', '12', '1', '1', '2018-12-28 14:18:47', null);
INSERT INTO `c_follower` VALUES ('23', '93', '1', '21', '2', '1', '2018-12-28 14:18:47', null);
INSERT INTO `c_follower` VALUES ('24', '93', '1', '23', '1', '2', '2018-12-28 19:43:28', '2018-12-28 19:43:28');
INSERT INTO `c_follower` VALUES ('25', '10', '2', '93', '2', '1', '2018-12-28 14:21:33', '2018-12-28 14:21:33');
INSERT INTO `c_follower` VALUES ('26', '11', '2', '93', '2', '1', '2018-12-28 14:21:33', '2018-12-28 14:21:33');
INSERT INTO `c_follower` VALUES ('27', '12', '2', '93', '2', '1', '2018-12-28 14:21:33', '2018-12-28 14:21:33');
INSERT INTO `c_follower` VALUES ('28', '13', '2', '93', '2', '1', '2018-12-28 14:21:33', '2018-12-28 14:21:33');
INSERT INTO `c_follower` VALUES ('29', '14', '2', '93', '2', '1', '2018-12-28 14:21:33', '2018-12-28 14:21:33');
INSERT INTO `c_follower` VALUES ('30', '15', '2', '93', '2', '1', '2018-12-28 14:21:33', '2018-12-28 14:21:33');
INSERT INTO `c_follower` VALUES ('31', '16', '2', '93', '2', '1', '2018-12-28 14:21:33', '2018-12-28 14:21:33');
INSERT INTO `c_follower` VALUES ('32', '17', '2', '93', '2', '1', '2018-12-28 14:21:33', '2018-12-28 14:21:33');
INSERT INTO `c_follower` VALUES ('33', '18', '2', '93', '2', '1', '2018-12-28 14:21:33', '2018-12-28 14:21:33');
INSERT INTO `c_follower` VALUES ('34', '19', '2', '93', '2', '1', '2018-12-28 14:21:33', '2018-12-28 14:21:33');
INSERT INTO `c_follower` VALUES ('35', '20', '2', '93', '2', '1', '2018-12-28 14:21:33', '2018-12-28 14:21:33');
INSERT INTO `c_follower` VALUES ('36', '21', '2', '93', '2', '1', '2018-12-28 14:21:33', '2018-12-28 14:21:33');
INSERT INTO `c_follower` VALUES ('37', '4', '1', '93', '2', '1', '2018-12-28 14:18:47', null);
INSERT INTO `c_follower` VALUES ('38', '32', '1', '93', '2', '1', '2018-12-28 14:18:47', null);
INSERT INTO `c_follower` VALUES ('39', '34', '1', '93', '2', '1', '2018-12-28 14:18:47', null);
INSERT INTO `c_follower` VALUES ('40', '45', '1', '93', '2', '1', '2018-12-28 14:18:48', null);
INSERT INTO `c_follower` VALUES ('41', '6', '1', '93', '2', '1', '2018-12-28 14:18:48', null);
INSERT INTO `c_follower` VALUES ('42', '5', '1', '93', '2', '1', '2018-12-28 14:18:48', null);
INSERT INTO `c_follower` VALUES ('43', '54', '1', '93', '2', '1', '2018-12-28 14:18:48', null);
INSERT INTO `c_follower` VALUES ('44', '4', '1', '93', '2', '1', '2018-12-28 14:18:48', null);
INSERT INTO `c_follower` VALUES ('45', '34', '2', '93', '2', '1', '2018-12-28 14:25:26', null);
INSERT INTO `c_follower` VALUES ('46', '35', '2', '93', '2', '1', '2018-12-28 14:25:26', null);
INSERT INTO `c_follower` VALUES ('47', '36', '2', '93', '2', '1', '2018-12-28 14:25:26', null);
INSERT INTO `c_follower` VALUES ('48', '37', '2', '93', '2', '1', '2018-12-28 14:25:26', null);
INSERT INTO `c_follower` VALUES ('49', '38', '2', '93', '2', '1', '2018-12-28 14:25:26', null);
INSERT INTO `c_follower` VALUES ('50', '39', '2', '93', '2', '1', '2018-12-28 14:25:26', null);
INSERT INTO `c_follower` VALUES ('51', '40', '2', '93', '2', '1', '2018-12-28 14:25:26', null);
INSERT INTO `c_follower` VALUES ('52', '41', '2', '93', '2', '1', '2018-12-28 14:25:26', null);
INSERT INTO `c_follower` VALUES ('53', '42', '2', '93', '2', '1', '2018-12-28 14:25:26', null);
INSERT INTO `c_follower` VALUES ('54', '43', '2', '93', '2', '1', '2018-12-28 14:25:26', null);
INSERT INTO `c_follower` VALUES ('55', '44', '2', '93', '2', '1', '2018-12-28 14:25:26', null);
INSERT INTO `c_follower` VALUES ('56', '45', '2', '93', '2', '1', '2018-12-28 14:25:26', null);
INSERT INTO `c_follower` VALUES ('57', '46', '2', '93', '2', '1', '2018-12-28 14:25:27', null);
INSERT INTO `c_follower` VALUES ('58', '47', '2', '93', '2', '1', '2018-12-28 14:25:27', null);
INSERT INTO `c_follower` VALUES ('59', '48', '2', '93', '2', '1', '2018-12-28 14:25:27', null);
INSERT INTO `c_follower` VALUES ('60', '49', '2', '93', '2', '1', '2018-12-28 14:25:27', null);
INSERT INTO `c_follower` VALUES ('61', '50', '2', '93', '2', '1', '2018-12-28 14:25:27', null);
INSERT INTO `c_follower` VALUES ('62', '51', '2', '93', '2', '1', '2018-12-28 14:26:41', null);
INSERT INTO `c_follower` VALUES ('63', '52', '2', '93', '2', '1', '2018-12-28 14:26:41', null);
INSERT INTO `c_follower` VALUES ('64', '53', '2', '93', '2', '1', '2018-12-28 14:26:41', null);
INSERT INTO `c_follower` VALUES ('65', '54', '2', '93', '2', '1', '2018-12-28 14:26:41', null);
INSERT INTO `c_follower` VALUES ('66', '55', '2', '93', '2', '1', '2018-12-28 14:26:41', null);
INSERT INTO `c_follower` VALUES ('67', '56', '2', '93', '2', '1', '2018-12-28 14:26:41', null);
INSERT INTO `c_follower` VALUES ('68', '57', '2', '93', '2', '1', '2018-12-28 14:26:41', null);
INSERT INTO `c_follower` VALUES ('69', '58', '2', '93', '2', '1', '2018-12-28 14:26:41', null);
INSERT INTO `c_follower` VALUES ('70', '59', '2', '93', '2', '2', '2018-12-28 19:44:18', '2018-12-28 19:44:18');
INSERT INTO `c_follower` VALUES ('71', '60', '2', '93', '2', '1', '2018-12-28 14:26:41', null);
INSERT INTO `c_follower` VALUES ('72', '90', '1', '93', '2', '1', '2018-12-28 21:41:35', null);
INSERT INTO `c_follower` VALUES ('73', '1', '2', '93', '2', '1', '2018-12-28 21:42:24', null);
INSERT INTO `c_follower` VALUES ('74', '76', '2', '93', '1', '1', '2019-01-04 21:15:49', null);
INSERT INTO `c_follower` VALUES ('75', '93', '1', '93', '1', '2', '2019-01-04 21:21:57', '2019-01-04 21:21:58');
INSERT INTO `c_follower` VALUES ('76', '8', '2', '93', '2', '1', '2019-01-04 21:26:13', null);

-- ----------------------------
-- Table structure for c_message
-- ----------------------------
DROP TABLE IF EXISTS `c_message`;
CREATE TABLE `c_message` (
  `mid` int(11) NOT NULL AUTO_INCREMENT COMMENT '消息ID',
  `content` varchar(50) DEFAULT NULL COMMENT '消息内容',
  `message_url` varchar(30) DEFAULT NULL COMMENT '消息链接',
  `uid` int(11) DEFAULT NULL COMMENT '用户ID',
  `user_type` varchar(4) DEFAULT NULL COMMENT '用户类别（1、求职者，2、面试官）',
  `message_type` varchar(4) DEFAULT NULL COMMENT '消息类别（1：论坛；2：面试）',
  `oid` int(11) DEFAULT NULL COMMENT '订单ID',
  `status_type` varchar(4) DEFAULT NULL COMMENT '状态类别（面试：1、待付款，2、待面试，3、待结单，4、待评价，5、面试结束；论坛：1、帖子，2、评论）',
  `message_status` varchar(4) DEFAULT NULL COMMENT '消息状态（1、未读，2、已读，3、已删）',
  `create_time` datetime DEFAULT NULL COMMENT '创建时间',
  `update_time` datetime DEFAULT NULL COMMENT '最近更新时间',
  PRIMARY KEY (`mid`)
) ENGINE=InnoDB AUTO_INCREMENT=19 DEFAULT CHARSET=utf8 COMMENT='消息表（论坛、面试）';

-- ----------------------------
-- Records of c_message
-- ----------------------------
INSERT INTO `c_message` VALUES ('5', '于2018-12-20 17:05:15向<b>interviewer</b>发起IT模拟面试邀请', '/interviewer/93', '93', '1', '2', '31', '5', '3', '2018-12-20 17:04:27', '2019-01-01 11:23:18');
INSERT INTO `c_message` VALUES ('6', '于2018-12-20 19:33:54向<b>interviewer</b>发起IT模拟面试邀请', '/interviewer/93', '93', '1', '2', '32', '5', '1', '2018-12-20 19:33:21', '2018-12-20 19:40:49');
INSERT INTO `c_message` VALUES ('11', '于2018-12-20 21:50:55向<b>interviewer</b>发起IT模拟面试邀请', '/interviewer/93', '93', '1', '2', '37', '3', '3', '2018-12-20 21:50:24', '2019-01-01 11:23:26');
INSERT INTO `c_message` VALUES ('12', '<b>finder</b>在2018-12-20 21:50:55向您发起IT模拟面试邀请', '', '93', '2', '2', '37', '5', '1', '2018-12-20 21:50:55', '2018-12-22 23:06:21');
INSERT INTO `c_message` VALUES ('13', '于2018-12-24 17:12:01向<b>interviewer</b>发起IT模拟面试邀请', '/interviewer/93', '93', '1', '2', '38', '5', '3', '2018-12-24 17:11:20', '2019-01-01 11:14:34');
INSERT INTO `c_message` VALUES ('14', '<b>finder</b>在2018-12-24 17:12:01向您发起IT模拟面试邀请', '', '93', '2', '2', '38', '5', '1', '2018-12-24 17:12:01', '2018-12-25 22:43:22');
INSERT INTO `c_message` VALUES ('15', '于2018-12-25 16:37:18向<b>interviewer</b>发起IT模拟面试邀请', '/interviewer/93', '93', '1', '2', '39', '5', '1', '2018-12-25 16:36:11', '2018-12-25 16:40:11');
INSERT INTO `c_message` VALUES ('16', '<b>finder</b>在2018-12-25 16:37:18向您发起IT模拟面试邀请', '', '93', '2', '2', '39', '5', '1', '2018-12-25 16:37:18', '2018-12-25 16:45:10');
INSERT INTO `c_message` VALUES ('17', '于2019-01-01 11:11:05向<b>interviewer</b>发起IT模拟面试邀请', '/interview/interview/40', '93', '1', '2', '40', '2', '1', '2019-01-01 11:10:19', '2019-01-01 11:13:39');
INSERT INTO `c_message` VALUES ('18', '<b>finder</b>在2019-01-01 11:11:05向您发起IT模拟面试邀请', '/interview/finder/40', '93', '2', '2', '40', '2', '1', '2019-01-01 11:11:06', '2019-01-01 11:11:06');

-- ----------------------------
-- Table structure for c_url
-- ----------------------------
DROP TABLE IF EXISTS `c_url`;
CREATE TABLE `c_url` (
  `uid` bigint(20) NOT NULL AUTO_INCREMENT COMMENT '图片ID',
  `url_name` varchar(255) DEFAULT NULL COMMENT '图片地址',
  PRIMARY KEY (`uid`)
) ENGINE=InnoDB DEFAULT CHARSET=utf8 COMMENT='图片链接';

-- ----------------------------
-- Records of c_url
-- ----------------------------

-- ----------------------------
-- Table structure for f_comment
-- ----------------------------
DROP TABLE IF EXISTS `f_comment`;
CREATE TABLE `f_comment` (
  `cid` bigint(20) NOT NULL AUTO_INCREMENT COMMENT '评论ID',
  `comment` text COMMENT '评论内容',
  `pid` int(20) DEFAULT NULL COMMENT '帖子ID',
  `uid` int(20) DEFAULT NULL COMMENT '用户ID',
  `user_type` varchar(4) DEFAULT NULL COMMENT '用户类别（1、求职者，2、面试官）',
  `comment_status` varchar(4) DEFAULT NULL COMMENT '评论状态（1、正常，2、删除）',
  `comment_time` datetime DEFAULT NULL ON UPDATE CURRENT_TIMESTAMP COMMENT '评论时间',
  `parent_id` int(20) DEFAULT NULL COMMENT '父ID',
  PRIMARY KEY (`cid`)
) ENGINE=InnoDB AUTO_INCREMENT=31 DEFAULT CHARSET=utf8 COMMENT='帖子评论';

-- ----------------------------
-- Records of f_comment
-- ----------------------------
INSERT INTO `f_comment` VALUES ('1', '可能真的不爱的吧。毕竟之前在一起是真心的，最后这样子只能说很遗憾。感情的事强求不来。', '1', '2', '1', '1', '2018-12-25 09:56:44', '0');
INSERT INTO `f_comment` VALUES ('2', '感情的事真的扑朔迷离，说不清对错。现在只希望自己能赶快放下，混个毕业。', '1', '1', '1', '1', '2018-12-25 09:56:45', '0');
INSERT INTO `f_comment` VALUES ('3', '感情的事真的扑朔迷离，说不清对错。现在只希望自己能赶快放下，混个毕业。', '1', '23', '1', '1', '2018-12-25 09:56:45', '0');
INSERT INTO `f_comment` VALUES ('4', '感情的事真的扑朔迷离，说不清对错。现在只希望自己能赶快放下，混个毕业。', '1', '12', '1', '1', '2018-12-25 09:56:45', '0');
INSERT INTO `f_comment` VALUES ('5', '摆脱了一个不爱你的人 这是喜事啊', '1', '12', '1', '1', '2018-12-25 09:56:46', '1');
INSERT INTO `f_comment` VALUES ('6', '摆脱了一个不爱你的人 这是喜事啊', '1', '93', '1', '1', '2018-12-25 09:56:46', '1');
INSERT INTO `f_comment` VALUES ('7', '摆脱了一个不爱你的人 这是喜事啊', '1', '9', '1', '1', '2018-12-25 09:56:46', '1');
INSERT INTO `f_comment` VALUES ('8', '感情的事真的扑朔迷离，说不清对错。现在只希望自己能赶快放下，混个毕业。', '1', '8', '1', '1', '2018-12-25 09:56:46', '1');
INSERT INTO `f_comment` VALUES ('9', '感情的事真的扑朔迷离，说不清对错。现在只希望自己能赶快放下，混个毕业。', '1', '7', '1', '1', '2018-12-25 09:56:47', '2');
INSERT INTO `f_comment` VALUES ('10', '感情的事真的扑朔迷离，说不清对错。现在只希望自己能赶快放下，混个毕业。', '1', '4', '1', '1', '2018-12-25 09:56:47', '2');
INSERT INTO `f_comment` VALUES ('11', '摆脱了一个不爱你的人 这是喜事啊', '1', '3', '1', '1', '2018-12-25 09:56:47', '2');
INSERT INTO `f_comment` VALUES ('12', '摆脱了一个不爱你的人 这是喜事啊', '1', '1', '1', '1', '2018-12-25 09:56:47', '2');
INSERT INTO `f_comment` VALUES ('13', '摆脱了一个不爱你的人 这是喜事啊', '1', '1', '1', '1', '2018-12-25 09:56:56', '0');
INSERT INTO `f_comment` VALUES ('14', '暴躁了老哥。我有时候也会很怨恨，会想为什么我会碰上这种事，可是对方根本不care了啊，做什么都是我在顾影自怜。该放下过去，好好生活了。', '1', '2', '1', '1', '2018-12-25 09:56:56', '0');
INSERT INTO `f_comment` VALUES ('15', '暴躁了老哥。我有时候也会很怨恨，会想为什么我会碰上这种事，可是对方根本不care了啊，做什么都是我在顾影自怜。该放下过去，好好生活了。', '1', '3', '1', '1', '2018-12-25 09:56:48', '0');
INSERT INTO `f_comment` VALUES ('16', '暴躁了老哥。我有时候也会很怨恨，会想为什么我会碰上这种事，可是对方根本不care了啊，做什么都是我在顾影自怜。该放下过去，好好生活了。', '2', '9', '1', '1', '2018-12-25 09:56:48', '0');
INSERT INTO `f_comment` VALUES ('17', '暴躁了老哥。我有时候也会很怨恨，会想为什么我会碰上这种事，可是对方根本不care了啊，做什么都是我在顾影自怜。该放下过去，好好生活了。', '2', '7', '1', '1', '2018-12-25 09:56:48', '0');
INSERT INTO `f_comment` VALUES ('18', '暴躁了老哥。我有时候也会很怨恨，会想为什么我会碰上这种事，可是对方根本不care了啊，做什么都是我在顾影自怜。该放下过去，好好生活了。', '2', '8', '1', '1', '2018-12-25 09:56:56', '0');
INSERT INTO `f_comment` VALUES ('19', '一开始你就输了，谈恋爱也要平常心，不卑不亢', '2', '5', '1', '1', '2018-12-25 09:56:56', '0');
INSERT INTO `f_comment` VALUES ('20', '一开始你就输了，谈恋爱也要平常心，不卑不亢', '2', '4', '1', '1', '2018-12-25 09:56:56', '1');
INSERT INTO `f_comment` VALUES ('21', '一开始你就输了，谈恋爱也要平常心，不卑不亢', '2', '93', '2', '1', '2018-12-25 09:56:56', '1');
INSERT INTO `f_comment` VALUES ('22', '一开始你就输了，谈恋爱也要平常心，不卑不亢', '2', '93', '1', '1', '2018-12-25 09:56:56', '1');
INSERT INTO `f_comment` VALUES ('23', '一开始你就输了，谈恋爱也要平常心，不卑不亢', '2', '93', '2', '1', '2018-12-25 09:56:56', '2');
INSERT INTO `f_comment` VALUES ('24', '啊飒飒', '1', '93', '1', '1', '2018-12-25 09:56:56', null);
INSERT INTO `f_comment` VALUES ('25', '<p>水电费GV数电分十多个发斯蒂芬是对方告诉对方是对方感受到是对方感受到是对方告诉对方是对方告诉对方是对方告诉对方是大法官说</p>', '1', '93', '2', '1', '2018-12-25 09:57:01', null);
INSERT INTO `f_comment` VALUES ('26', '撒的发色的非常', '1', '93', '1', '1', '2018-12-25 09:57:01', null);
INSERT INTO `f_comment` VALUES ('27', '阿道夫飒飒大师', '1', '93', '1', '1', '2018-12-25 09:57:01', null);
INSERT INTO `f_comment` VALUES ('28', '地方发反反复复凤飞飞', '1', '93', '1', '1', '2018-12-25 22:26:36', null);
INSERT INTO `f_comment` VALUES ('29', '                                    <p>尽快录入货到付款数据库的回复啥地方科技和了客户机课后感觉</p>', '1', '93', '1', '1', '2018-12-25 14:27:44', null);
INSERT INTO `f_comment` VALUES ('30', '                                    <p>为什么评论没有过去！</p>', '80', '93', '1', '1', '2018-12-25 14:27:47', null);

-- ----------------------------
-- Table structure for f_forum
-- ----------------------------
DROP TABLE IF EXISTS `f_forum`;
CREATE TABLE `f_forum` (
  `pid` bigint(20) NOT NULL AUTO_INCREMENT COMMENT '帖子ID',
  `title` varchar(255) DEFAULT NULL COMMENT '标题',
  `content` text COMMENT '内容',
  `tid` bigint(20) DEFAULT NULL COMMENT '类别ID',
  `uid` int(20) DEFAULT NULL COMMENT '创建人ID',
  `user_type` varchar(4) DEFAULT NULL COMMENT '用户类别（1、求职者，2、面试官）',
  `forum_status` varchar(4) DEFAULT NULL COMMENT '帖子状态（1、正常，2、删除）',
  `scan_count` int(20) DEFAULT NULL COMMENT '浏览量',
  `comment_count` int(20) DEFAULT NULL COMMENT '评论数量',
  `create_time` datetime DEFAULT NULL COMMENT '创建时间',
  `update_time` datetime DEFAULT NULL COMMENT '跟新时间',
  `reply_time` datetime DEFAULT NULL COMMENT '最近回复时间',
  PRIMARY KEY (`pid`)
) ENGINE=InnoDB AUTO_INCREMENT=92 DEFAULT CHARSET=utf8 COMMENT='帖子';

-- ----------------------------
-- Records of f_forum
-- ----------------------------
INSERT INTO `f_forum` VALUES ('1', '【发帖人必看】牛客网发帖规范说明及要求||附加精申请通道', '一些总结\r\n以下是我个人对于怎样学习的一些总结，这结合了我的一些经历，尤其是各种坑。希望可以对各位有所启发吧。可能这更适合新手。\r\n\r\n下面不是按照重要性来的，，别误会了。。。。\r\n\r\n摒弃完美主义\r\n编程中的“完美主义”是非常致命的。举个简单的例子，我们要学习某个技术，并把它应用到实际开发中。如果是以前的我，那么我可能会把与该技术有关的书都借来，然后研读每个细节，直到所有的点都弄明白，然后再动手尝试着去开发。其实这就是一种所谓的“完美主义”，绝大多数起因于我们之前的应试教育的阴影。正确的做法应该是尝试着去做，边学边做，这样才可以更加高效的学习，而且可以满足项目的进度。之前的方式，不仅影响进度，而且会让我们迷失在细节的汪洋大海中，失去兴趣。学中做、做中学。\r\n\r\n想清楚了立马就去做，不要瞻前顾后\r\n之前，我在学习某个技术的时候，一直在想这个东西有没有用，学了可以干什么。总是在纠结这种问题，很难全身心的投入到学习中；而且，纠结的时间，就几乎可以入门某个技术了。更要命的是，我们的知识体系不够，或者说是我们不了解整个知识框架，才有这种幼稚的想法。其实多学习一些技术，在很多时候可以拓宽我们的知识面，虽然很多东西会忘记，但是一些基本思路和基本方法都会有较深地印象，一些资深架构师、技术专家和项目负责人等，都有很广阔的知识体系。\r\n\r\n学习编程的核心是学习思路和特性，而不是所谓的词法、语法\r\n首先，我要说明，词法语法很重要，这是程序能运行的基础，但是在刚开始学习的时候，不要过分的纠结于这些细节，要把主要的精力放在语言本身特性上，如果是新手，还要注意学习算法和数据结构。\r\n\r\n举个简单的例子，C++本身的特性相当复杂（看看标准手册就知道了），号称最难的语言。如果我们有了C语言的基础了，再学习C++的话，最好不要直接看那么复杂的手册。其实应该C++的基本特性入手（我不是C++高手，不当的地方还请包含）：C++相比于C语言，最核心的是扩展了面向对象部分和泛型编程（包括STL）部分（先不考虑C++11以及以后的版本），因此我们在学习的时候，先把这两个基本点弄清楚。或者说，这两个点的基本用法先弄明白，搞清楚怎么回事后，在一步步地深入拓展下去；而不是每天都看标准手册，我估计那样正常人都会GG。。拓展的时候也是，每个点都要边学边练的策略，由浅入深。我之前踩的坑是刚开始就像搞明白所有的东西，结果最后搞得身心疲惫，以至于很难学精，而且丢了兴趣。\r\n\r\n同样的例子，如果由C++转Java，我们需要了解Java语言的基本特性是什么。先不考虑JVM的情况下，主要的区别有两大点：面向对象的部分和自动垃圾回收的部分（包括指针引用之类的）。掌握了基本特性，在一步步地去解决，不仅效率高，而且不会丢失兴趣。\r\n\r\n学习编程不要钻牛角尖，编程最终目的是为了解决问题（需求）\r\n我遇到过很多同学，包括之前的我在内，总是容易钻牛角尖。比如说，将来是要做后台的，那么前端的东西一点都不碰；或者说，我认为Linux才是一个合格开发者必备的工具，用Windows显得很菜（可能一般是是服务端同学这么想）；又或者说，大佬们都用vim or Emacs，用IDE显得没有那么Geek等等。这样类似的问题有很多，我个人把它们归结为钻牛角尖。其实，现在来看，这种想法是很幼稚的，连基本的东西都搞不明白，就一味地追求所谓地“高手地配置”，没什么卵用；而且，只要能高效地解决问题，就不要管那些是否是“Geek”的东西，编程的本质是为了解决问题（需求）\r\n\r\n要合理分配学习的重心，搞明白问题的轻重缓急，以需求为导向\r\n现在，各种新技术层出不穷，令人眼花缭乱，别说是新手了，就是有一定编程经验同学，也会纠结各种各样问题。但是，以我现在的观点来看，造成这种现象的一个很重要的原因是，我们没能搞明白自己的真正需求。技术总是学不完的，如果再像 应试教育那样，非要搞明白每个知识点，那么肯定完不成任务，正确的做法是先弄明白自己到底要干什么，然后再去搜集有关的资料等，最后确定解决问题的大体步骤，然后根据步骤来有计划地、分部分地学习。很多时候，编程学习需要不求甚解，这是和应试教育最大区别，也是我们最需要克服的障碍之一。\r\n\r\n多向他人请教，多与别人交流，保持一个谦卑的心态\r\n“程序员是最骄傲的一个群体”，这话不是没有道理的。甚至可以说相当一部分的程序员，都想要证明自己的牛×高明之处，总是有想要证明自己比别人聪明、比别人强，总要成为整个项目的最最最核心的人物，总是有强烈的个人英雄主义情结。我承认，曾经的我也是这样的，后来接触的人和事情多了以后，我也一直在反思自己的不足之处，我也一直在努力地克服自己的缺点。\r\n\r\n《商业的本质》一书有一句很经典的话：“商业的本质是一个团体活动”。我个人十分赞同这句话，我们在IT界，先排除那些纯粹公益性质的开源项目，我们中的绝大多数人编程是为了做商业性质项目来获取收入的。那么，我们从事的活动本质上也是一个商业活动，那么也就是团体活动了。而上述的行为，是非常“反团体”的，这种行为肯定会对真个项目组造成极为恶劣的影响。\r\n\r\n人都有有自己的个性，但是不能把这个作为一些坏毛病的借口，所谓“人不可以有傲气，但不可无傲骨”。我们要学会欣赏并学习周围同学（同事）有点和长处，多和他们交流，取长补短，真正地去发挥团队的力量。要记住一句话：别人总是有地方比自己聪明的。\r\n\r\n别和自己较劲\r\n这一点和别钻牛角尖类似，在这里单独拿出来，是为了再次强调。很多人遇到问题总是想自己去解决，总是认为参考别人的思路或者代码就显得自己很low，非要和自己较劲。其实才是这是一种非常low的想法，编程本身是一个思想活动，而思想最重要的还是交流，思想交流的价值不言而喻。因此，如果有自己确实解决不了的问题，应该及时向搜索引擎或者懂的人请教，这没什么，重要的是解决问题和学习新的思路与方法。\r\n\r\n多读多写代码\r\n编程和写作有很多类似的地方，都是一个将思维反映在“纸面”上的活动，不过写作是一个比较“模糊”的映射，而编程需要一个精确的“映射”。成为一个优秀的作家，巨大的阅读量是一个先决条件；同时，只看不写也永远成不了作家。编程也是同理，要多看别人写的“文章”，同时也要自己不断练习，只有这样，才有机会成为dalao。', '1', '1', '1', '1', '1023', '13', '2018-07-25 15:47:34', '2019-01-04 23:15:41', '2019-01-04 21:27:12');
INSERT INTO `f_forum` VALUES ('2', '【发帖人必看】牛客网发帖规范说明及要求||附加精申请通道', '一些总结\r\n以下是我个人对于怎样学习的一些总结，这结合了我的一些经历，尤其是各种坑。希望可以对各位有所启发吧。可能这更适合新手。\r\n\r\n下面不是按照重要性来的，，别误会了。。。。\r\n\r\n摒弃完美主义\r\n编程中的“完美主义”是非常致命的。举个简单的例子，我们要学习某个技术，并把它应用到实际开发中。如果是以前的我，那么我可能会把与该技术有关的书都借来，然后研读每个细节，直到所有的点都弄明白，然后再动手尝试着去开发。其实这就是一种所谓的“完美主义”，绝大多数起因于我们之前的应试教育的阴影。正确的做法应该是尝试着去做，边学边做，这样才可以更加高效的学习，而且可以满足项目的进度。之前的方式，不仅影响进度，而且会让我们迷失在细节的汪洋大海中，失去兴趣。学中做、做中学。\r\n\r\n想清楚了立马就去做，不要瞻前顾后\r\n之前，我在学习某个技术的时候，一直在想这个东西有没有用，学了可以干什么。总是在纠结这种问题，很难全身心的投入到学习中；而且，纠结的时间，就几乎可以入门某个技术了。更要命的是，我们的知识体系不够，或者说是我们不了解整个知识框架，才有这种幼稚的想法。其实多学习一些技术，在很多时候可以拓宽我们的知识面，虽然很多东西会忘记，但是一些基本思路和基本方法都会有较深地印象，一些资深架构师、技术专家和项目负责人等，都有很广阔的知识体系。\r\n\r\n学习编程的核心是学习思路和特性，而不是所谓的词法、语法\r\n首先，我要说明，词法语法很重要，这是程序能运行的基础，但是在刚开始学习的时候，不要过分的纠结于这些细节，要把主要的精力放在语言本身特性上，如果是新手，还要注意学习算法和数据结构。\r\n\r\n举个简单的例子，C++本身的特性相当复杂（看看标准手册就知道了），号称最难的语言。如果我们有了C语言的基础了，再学习C++的话，最好不要直接看那么复杂的手册。其实应该C++的基本特性入手（我不是C++高手，不当的地方还请包含）：C++相比于C语言，最核心的是扩展了面向对象部分和泛型编程（包括STL）部分（先不考虑C++11以及以后的版本），因此我们在学习的时候，先把这两个基本点弄清楚。或者说，这两个点的基本用法先弄明白，搞清楚怎么回事后，在一步步地深入拓展下去；而不是每天都看标准手册，我估计那样正常人都会GG。。拓展的时候也是，每个点都要边学边练的策略，由浅入深。我之前踩的坑是刚开始就像搞明白所有的东西，结果最后搞得身心疲惫，以至于很难学精，而且丢了兴趣。\r\n\r\n同样的例子，如果由C++转Java，我们需要了解Java语言的基本特性是什么。先不考虑JVM的情况下，主要的区别有两大点：面向对象的部分和自动垃圾回收的部分（包括指针引用之类的）。掌握了基本特性，在一步步地去解决，不仅效率高，而且不会丢失兴趣。\r\n\r\n学习编程不要钻牛角尖，编程最终目的是为了解决问题（需求）\r\n我遇到过很多同学，包括之前的我在内，总是容易钻牛角尖。比如说，将来是要做后台的，那么前端的东西一点都不碰；或者说，我认为Linux才是一个合格开发者必备的工具，用Windows显得很菜（可能一般是是服务端同学这么想）；又或者说，大佬们都用vim or Emacs，用IDE显得没有那么Geek等等。这样类似的问题有很多，我个人把它们归结为钻牛角尖。其实，现在来看，这种想法是很幼稚的，连基本的东西都搞不明白，就一味地追求所谓地“高手地配置”，没什么卵用；而且，只要能高效地解决问题，就不要管那些是否是“Geek”的东西，编程的本质是为了解决问题（需求）\r\n\r\n要合理分配学习的重心，搞明白问题的轻重缓急，以需求为导向\r\n现在，各种新技术层出不穷，令人眼花缭乱，别说是新手了，就是有一定编程经验同学，也会纠结各种各样问题。但是，以我现在的观点来看，造成这种现象的一个很重要的原因是，我们没能搞明白自己的真正需求。技术总是学不完的，如果再像 应试教育那样，非要搞明白每个知识点，那么肯定完不成任务，正确的做法是先弄明白自己到底要干什么，然后再去搜集有关的资料等，最后确定解决问题的大体步骤，然后根据步骤来有计划地、分部分地学习。很多时候，编程学习需要不求甚解，这是和应试教育最大区别，也是我们最需要克服的障碍之一。\r\n\r\n多向他人请教，多与别人交流，保持一个谦卑的心态\r\n“程序员是最骄傲的一个群体”，这话不是没有道理的。甚至可以说相当一部分的程序员，都想要证明自己的牛×高明之处，总是有想要证明自己比别人聪明、比别人强，总要成为整个项目的最最最核心的人物，总是有强烈的个人英雄主义情结。我承认，曾经的我也是这样的，后来接触的人和事情多了以后，我也一直在反思自己的不足之处，我也一直在努力地克服自己的缺点。\r\n\r\n《商业的本质》一书有一句很经典的话：“商业的本质是一个团体活动”。我个人十分赞同这句话，我们在IT界，先排除那些纯粹公益性质的开源项目，我们中的绝大多数人编程是为了做商业性质项目来获取收入的。那么，我们从事的活动本质上也是一个商业活动，那么也就是团体活动了。而上述的行为，是非常“反团体”的，这种行为肯定会对真个项目组造成极为恶劣的影响。\r\n\r\n人都有有自己的个性，但是不能把这个作为一些坏毛病的借口，所谓“人不可以有傲气，但不可无傲骨”。我们要学会欣赏并学习周围同学（同事）有点和长处，多和他们交流，取长补短，真正地去发挥团队的力量。要记住一句话：别人总是有地方比自己聪明的。\r\n\r\n别和自己较劲\r\n这一点和别钻牛角尖类似，在这里单独拿出来，是为了再次强调。很多人遇到问题总是想自己去解决，总是认为参考别人的思路或者代码就显得自己很low，非要和自己较劲。其实才是这是一种非常low的想法，编程本身是一个思想活动，而思想最重要的还是交流，思想交流的价值不言而喻。因此，如果有自己确实解决不了的问题，应该及时向搜索引擎或者懂的人请教，这没什么，重要的是解决问题和学习新的思路与方法。\r\n\r\n多读多写代码\r\n编程和写作有很多类似的地方，都是一个将思维反映在“纸面”上的活动，不过写作是一个比较“模糊”的映射，而编程需要一个精确的“映射”。成为一个优秀的作家，巨大的阅读量是一个先决条件；同时，只看不写也永远成不了作家。编程也是同理，要多看别人写的“文章”，同时也要自己不断练习，只有这样，才有机会成为dalao。', '2', '1', '1', '1', '125', '12', '2018-07-25 15:47:34', '2019-01-04 21:19:41', '2019-01-04 21:19:41');
INSERT INTO `f_forum` VALUES ('3', '【发帖人必看】牛客网发帖规范说明及要求||附加精申请通道', '一些总结\r\n以下是我个人对于怎样学习的一些总结，这结合了我的一些经历，尤其是各种坑。希望可以对各位有所启发吧。可能这更适合新手。\r\n\r\n下面不是按照重要性来的，，别误会了。。。。\r\n\r\n摒弃完美主义\r\n编程中的“完美主义”是非常致命的。举个简单的例子，我们要学习某个技术，并把它应用到实际开发中。如果是以前的我，那么我可能会把与该技术有关的书都借来，然后研读每个细节，直到所有的点都弄明白，然后再动手尝试着去开发。其实这就是一种所谓的“完美主义”，绝大多数起因于我们之前的应试教育的阴影。正确的做法应该是尝试着去做，边学边做，这样才可以更加高效的学习，而且可以满足项目的进度。之前的方式，不仅影响进度，而且会让我们迷失在细节的汪洋大海中，失去兴趣。学中做、做中学。\r\n\r\n想清楚了立马就去做，不要瞻前顾后\r\n之前，我在学习某个技术的时候，一直在想这个东西有没有用，学了可以干什么。总是在纠结这种问题，很难全身心的投入到学习中；而且，纠结的时间，就几乎可以入门某个技术了。更要命的是，我们的知识体系不够，或者说是我们不了解整个知识框架，才有这种幼稚的想法。其实多学习一些技术，在很多时候可以拓宽我们的知识面，虽然很多东西会忘记，但是一些基本思路和基本方法都会有较深地印象，一些资深架构师、技术专家和项目负责人等，都有很广阔的知识体系。\r\n\r\n学习编程的核心是学习思路和特性，而不是所谓的词法、语法\r\n首先，我要说明，词法语法很重要，这是程序能运行的基础，但是在刚开始学习的时候，不要过分的纠结于这些细节，要把主要的精力放在语言本身特性上，如果是新手，还要注意学习算法和数据结构。\r\n\r\n举个简单的例子，C++本身的特性相当复杂（看看标准手册就知道了），号称最难的语言。如果我们有了C语言的基础了，再学习C++的话，最好不要直接看那么复杂的手册。其实应该C++的基本特性入手（我不是C++高手，不当的地方还请包含）：C++相比于C语言，最核心的是扩展了面向对象部分和泛型编程（包括STL）部分（先不考虑C++11以及以后的版本），因此我们在学习的时候，先把这两个基本点弄清楚。或者说，这两个点的基本用法先弄明白，搞清楚怎么回事后，在一步步地深入拓展下去；而不是每天都看标准手册，我估计那样正常人都会GG。。拓展的时候也是，每个点都要边学边练的策略，由浅入深。我之前踩的坑是刚开始就像搞明白所有的东西，结果最后搞得身心疲惫，以至于很难学精，而且丢了兴趣。\r\n\r\n同样的例子，如果由C++转Java，我们需要了解Java语言的基本特性是什么。先不考虑JVM的情况下，主要的区别有两大点：面向对象的部分和自动垃圾回收的部分（包括指针引用之类的）。掌握了基本特性，在一步步地去解决，不仅效率高，而且不会丢失兴趣。\r\n\r\n学习编程不要钻牛角尖，编程最终目的是为了解决问题（需求）\r\n我遇到过很多同学，包括之前的我在内，总是容易钻牛角尖。比如说，将来是要做后台的，那么前端的东西一点都不碰；或者说，我认为Linux才是一个合格开发者必备的工具，用Windows显得很菜（可能一般是是服务端同学这么想）；又或者说，大佬们都用vim or Emacs，用IDE显得没有那么Geek等等。这样类似的问题有很多，我个人把它们归结为钻牛角尖。其实，现在来看，这种想法是很幼稚的，连基本的东西都搞不明白，就一味地追求所谓地“高手地配置”，没什么卵用；而且，只要能高效地解决问题，就不要管那些是否是“Geek”的东西，编程的本质是为了解决问题（需求）\r\n\r\n要合理分配学习的重心，搞明白问题的轻重缓急，以需求为导向\r\n现在，各种新技术层出不穷，令人眼花缭乱，别说是新手了，就是有一定编程经验同学，也会纠结各种各样问题。但是，以我现在的观点来看，造成这种现象的一个很重要的原因是，我们没能搞明白自己的真正需求。技术总是学不完的，如果再像 应试教育那样，非要搞明白每个知识点，那么肯定完不成任务，正确的做法是先弄明白自己到底要干什么，然后再去搜集有关的资料等，最后确定解决问题的大体步骤，然后根据步骤来有计划地、分部分地学习。很多时候，编程学习需要不求甚解，这是和应试教育最大区别，也是我们最需要克服的障碍之一。\r\n\r\n多向他人请教，多与别人交流，保持一个谦卑的心态\r\n“程序员是最骄傲的一个群体”，这话不是没有道理的。甚至可以说相当一部分的程序员，都想要证明自己的牛×高明之处，总是有想要证明自己比别人聪明、比别人强，总要成为整个项目的最最最核心的人物，总是有强烈的个人英雄主义情结。我承认，曾经的我也是这样的，后来接触的人和事情多了以后，我也一直在反思自己的不足之处，我也一直在努力地克服自己的缺点。\r\n\r\n《商业的本质》一书有一句很经典的话：“商业的本质是一个团体活动”。我个人十分赞同这句话，我们在IT界，先排除那些纯粹公益性质的开源项目，我们中的绝大多数人编程是为了做商业性质项目来获取收入的。那么，我们从事的活动本质上也是一个商业活动，那么也就是团体活动了。而上述的行为，是非常“反团体”的，这种行为肯定会对真个项目组造成极为恶劣的影响。\r\n\r\n人都有有自己的个性，但是不能把这个作为一些坏毛病的借口，所谓“人不可以有傲气，但不可无傲骨”。我们要学会欣赏并学习周围同学（同事）有点和长处，多和他们交流，取长补短，真正地去发挥团队的力量。要记住一句话：别人总是有地方比自己聪明的。\r\n\r\n别和自己较劲\r\n这一点和别钻牛角尖类似，在这里单独拿出来，是为了再次强调。很多人遇到问题总是想自己去解决，总是认为参考别人的思路或者代码就显得自己很low，非要和自己较劲。其实才是这是一种非常low的想法，编程本身是一个思想活动，而思想最重要的还是交流，思想交流的价值不言而喻。因此，如果有自己确实解决不了的问题，应该及时向搜索引擎或者懂的人请教，这没什么，重要的是解决问题和学习新的思路与方法。\r\n\r\n多读多写代码\r\n编程和写作有很多类似的地方，都是一个将思维反映在“纸面”上的活动，不过写作是一个比较“模糊”的映射，而编程需要一个精确的“映射”。成为一个优秀的作家，巨大的阅读量是一个先决条件；同时，只看不写也永远成不了作家。编程也是同理，要多看别人写的“文章”，同时也要自己不断练习，只有这样，才有机会成为dalao。', '3', '1', '1', '1', '124', '12', '2018-07-25 15:47:34', '2019-01-04 21:19:45', '2019-01-04 21:19:45');
INSERT INTO `f_forum` VALUES ('4', '【发帖人必看】牛客网发帖规范说明及要求||附加精申请通道', '一些总结\r\n以下是我个人对于怎样学习的一些总结，这结合了我的一些经历，尤其是各种坑。希望可以对各位有所启发吧。可能这更适合新手。\r\n\r\n下面不是按照重要性来的，，别误会了。。。。\r\n\r\n摒弃完美主义\r\n编程中的“完美主义”是非常致命的。举个简单的例子，我们要学习某个技术，并把它应用到实际开发中。如果是以前的我，那么我可能会把与该技术有关的书都借来，然后研读每个细节，直到所有的点都弄明白，然后再动手尝试着去开发。其实这就是一种所谓的“完美主义”，绝大多数起因于我们之前的应试教育的阴影。正确的做法应该是尝试着去做，边学边做，这样才可以更加高效的学习，而且可以满足项目的进度。之前的方式，不仅影响进度，而且会让我们迷失在细节的汪洋大海中，失去兴趣。学中做、做中学。\r\n\r\n想清楚了立马就去做，不要瞻前顾后\r\n之前，我在学习某个技术的时候，一直在想这个东西有没有用，学了可以干什么。总是在纠结这种问题，很难全身心的投入到学习中；而且，纠结的时间，就几乎可以入门某个技术了。更要命的是，我们的知识体系不够，或者说是我们不了解整个知识框架，才有这种幼稚的想法。其实多学习一些技术，在很多时候可以拓宽我们的知识面，虽然很多东西会忘记，但是一些基本思路和基本方法都会有较深地印象，一些资深架构师、技术专家和项目负责人等，都有很广阔的知识体系。\r\n\r\n学习编程的核心是学习思路和特性，而不是所谓的词法、语法\r\n首先，我要说明，词法语法很重要，这是程序能运行的基础，但是在刚开始学习的时候，不要过分的纠结于这些细节，要把主要的精力放在语言本身特性上，如果是新手，还要注意学习算法和数据结构。\r\n\r\n举个简单的例子，C++本身的特性相当复杂（看看标准手册就知道了），号称最难的语言。如果我们有了C语言的基础了，再学习C++的话，最好不要直接看那么复杂的手册。其实应该C++的基本特性入手（我不是C++高手，不当的地方还请包含）：C++相比于C语言，最核心的是扩展了面向对象部分和泛型编程（包括STL）部分（先不考虑C++11以及以后的版本），因此我们在学习的时候，先把这两个基本点弄清楚。或者说，这两个点的基本用法先弄明白，搞清楚怎么回事后，在一步步地深入拓展下去；而不是每天都看标准手册，我估计那样正常人都会GG。。拓展的时候也是，每个点都要边学边练的策略，由浅入深。我之前踩的坑是刚开始就像搞明白所有的东西，结果最后搞得身心疲惫，以至于很难学精，而且丢了兴趣。\r\n\r\n同样的例子，如果由C++转Java，我们需要了解Java语言的基本特性是什么。先不考虑JVM的情况下，主要的区别有两大点：面向对象的部分和自动垃圾回收的部分（包括指针引用之类的）。掌握了基本特性，在一步步地去解决，不仅效率高，而且不会丢失兴趣。\r\n\r\n学习编程不要钻牛角尖，编程最终目的是为了解决问题（需求）\r\n我遇到过很多同学，包括之前的我在内，总是容易钻牛角尖。比如说，将来是要做后台的，那么前端的东西一点都不碰；或者说，我认为Linux才是一个合格开发者必备的工具，用Windows显得很菜（可能一般是是服务端同学这么想）；又或者说，大佬们都用vim or Emacs，用IDE显得没有那么Geek等等。这样类似的问题有很多，我个人把它们归结为钻牛角尖。其实，现在来看，这种想法是很幼稚的，连基本的东西都搞不明白，就一味地追求所谓地“高手地配置”，没什么卵用；而且，只要能高效地解决问题，就不要管那些是否是“Geek”的东西，编程的本质是为了解决问题（需求）\r\n\r\n要合理分配学习的重心，搞明白问题的轻重缓急，以需求为导向\r\n现在，各种新技术层出不穷，令人眼花缭乱，别说是新手了，就是有一定编程经验同学，也会纠结各种各样问题。但是，以我现在的观点来看，造成这种现象的一个很重要的原因是，我们没能搞明白自己的真正需求。技术总是学不完的，如果再像 应试教育那样，非要搞明白每个知识点，那么肯定完不成任务，正确的做法是先弄明白自己到底要干什么，然后再去搜集有关的资料等，最后确定解决问题的大体步骤，然后根据步骤来有计划地、分部分地学习。很多时候，编程学习需要不求甚解，这是和应试教育最大区别，也是我们最需要克服的障碍之一。\r\n\r\n多向他人请教，多与别人交流，保持一个谦卑的心态\r\n“程序员是最骄傲的一个群体”，这话不是没有道理的。甚至可以说相当一部分的程序员，都想要证明自己的牛×高明之处，总是有想要证明自己比别人聪明、比别人强，总要成为整个项目的最最最核心的人物，总是有强烈的个人英雄主义情结。我承认，曾经的我也是这样的，后来接触的人和事情多了以后，我也一直在反思自己的不足之处，我也一直在努力地克服自己的缺点。\r\n\r\n《商业的本质》一书有一句很经典的话：“商业的本质是一个团体活动”。我个人十分赞同这句话，我们在IT界，先排除那些纯粹公益性质的开源项目，我们中的绝大多数人编程是为了做商业性质项目来获取收入的。那么，我们从事的活动本质上也是一个商业活动，那么也就是团体活动了。而上述的行为，是非常“反团体”的，这种行为肯定会对真个项目组造成极为恶劣的影响。\r\n\r\n人都有有自己的个性，但是不能把这个作为一些坏毛病的借口，所谓“人不可以有傲气，但不可无傲骨”。我们要学会欣赏并学习周围同学（同事）有点和长处，多和他们交流，取长补短，真正地去发挥团队的力量。要记住一句话：别人总是有地方比自己聪明的。\r\n\r\n别和自己较劲\r\n这一点和别钻牛角尖类似，在这里单独拿出来，是为了再次强调。很多人遇到问题总是想自己去解决，总是认为参考别人的思路或者代码就显得自己很low，非要和自己较劲。其实才是这是一种非常low的想法，编程本身是一个思想活动，而思想最重要的还是交流，思想交流的价值不言而喻。因此，如果有自己确实解决不了的问题，应该及时向搜索引擎或者懂的人请教，这没什么，重要的是解决问题和学习新的思路与方法。\r\n\r\n多读多写代码\r\n编程和写作有很多类似的地方，都是一个将思维反映在“纸面”上的活动，不过写作是一个比较“模糊”的映射，而编程需要一个精确的“映射”。成为一个优秀的作家，巨大的阅读量是一个先决条件；同时，只看不写也永远成不了作家。编程也是同理，要多看别人写的“文章”，同时也要自己不断练习，只有这样，才有机会成为dalao。', '2', '1', '1', '1', '123', '22', '2018-07-25 15:47:34', '2018-11-25 15:47:49', '2018-12-25 09:57:14');
INSERT INTO `f_forum` VALUES ('5', '【发帖人必看】牛客网规范说明及要求||附加精申请通道', '一些总结\r\n以下是我个人对于怎样学习的一些总结，这结合了我的一些经历，尤其是各种坑。希望可以对各位有所启发吧。可能这更适合新手。\r\n\r\n下面不是按照重要性来的，，别误会了。。。。\r\n\r\n摒弃完美主义\r\n编程中的“完美主义”是非常致命的。举个简单的例子，我们要学习某个技术，并把它应用到实际开发中。如果是以前的我，那么我可能会把与该技术有关的书都借来，然后研读每个细节，直到所有的点都弄明白，然后再动手尝试着去开发。其实这就是一种所谓的“完美主义”，绝大多数起因于我们之前的应试教育的阴影。正确的做法应该是尝试着去做，边学边做，这样才可以更加高效的学习，而且可以满足项目的进度。之前的方式，不仅影响进度，而且会让我们迷失在细节的汪洋大海中，失去兴趣。学中做、做中学。\r\n\r\n想清楚了立马就去做，不要瞻前顾后\r\n之前，我在学习某个技术的时候，一直在想这个东西有没有用，学了可以干什么。总是在纠结这种问题，很难全身心的投入到学习中；而且，纠结的时间，就几乎可以入门某个技术了。更要命的是，我们的知识体系不够，或者说是我们不了解整个知识框架，才有这种幼稚的想法。其实多学习一些技术，在很多时候可以拓宽我们的知识面，虽然很多东西会忘记，但是一些基本思路和基本方法都会有较深地印象，一些资深架构师、技术专家和项目负责人等，都有很广阔的知识体系。\r\n\r\n学习编程的核心是学习思路和特性，而不是所谓的词法、语法\r\n首先，我要说明，词法语法很重要，这是程序能运行的基础，但是在刚开始学习的时候，不要过分的纠结于这些细节，要把主要的精力放在语言本身特性上，如果是新手，还要注意学习算法和数据结构。\r\n\r\n举个简单的例子，C++本身的特性相当复杂（看看标准手册就知道了），号称最难的语言。如果我们有了C语言的基础了，再学习C++的话，最好不要直接看那么复杂的手册。其实应该C++的基本特性入手（我不是C++高手，不当的地方还请包含）：C++相比于C语言，最核心的是扩展了面向对象部分和泛型编程（包括STL）部分（先不考虑C++11以及以后的版本），因此我们在学习的时候，先把这两个基本点弄清楚。或者说，这两个点的基本用法先弄明白，搞清楚怎么回事后，在一步步地深入拓展下去；而不是每天都看标准手册，我估计那样正常人都会GG。。拓展的时候也是，每个点都要边学边练的策略，由浅入深。我之前踩的坑是刚开始就像搞明白所有的东西，结果最后搞得身心疲惫，以至于很难学精，而且丢了兴趣。\r\n\r\n同样的例子，如果由C++转Java，我们需要了解Java语言的基本特性是什么。先不考虑JVM的情况下，主要的区别有两大点：面向对象的部分和自动垃圾回收的部分（包括指针引用之类的）。掌握了基本特性，在一步步地去解决，不仅效率高，而且不会丢失兴趣。\r\n\r\n学习编程不要钻牛角尖，编程最终目的是为了解决问题（需求）\r\n我遇到过很多同学，包括之前的我在内，总是容易钻牛角尖。比如说，将来是要做后台的，那么前端的东西一点都不碰；或者说，我认为Linux才是一个合格开发者必备的工具，用Windows显得很菜（可能一般是是服务端同学这么想）；又或者说，大佬们都用vim or Emacs，用IDE显得没有那么Geek等等。这样类似的问题有很多，我个人把它们归结为钻牛角尖。其实，现在来看，这种想法是很幼稚的，连基本的东西都搞不明白，就一味地追求所谓地“高手地配置”，没什么卵用；而且，只要能高效地解决问题，就不要管那些是否是“Geek”的东西，编程的本质是为了解决问题（需求）\r\n\r\n要合理分配学习的重心，搞明白问题的轻重缓急，以需求为导向\r\n现在，各种新技术层出不穷，令人眼花缭乱，别说是新手了，就是有一定编程经验同学，也会纠结各种各样问题。但是，以我现在的观点来看，造成这种现象的一个很重要的原因是，我们没能搞明白自己的真正需求。技术总是学不完的，如果再像 应试教育那样，非要搞明白每个知识点，那么肯定完不成任务，正确的做法是先弄明白自己到底要干什么，然后再去搜集有关的资料等，最后确定解决问题的大体步骤，然后根据步骤来有计划地、分部分地学习。很多时候，编程学习需要不求甚解，这是和应试教育最大区别，也是我们最需要克服的障碍之一。\r\n\r\n多向他人请教，多与别人交流，保持一个谦卑的心态\r\n“程序员是最骄傲的一个群体”，这话不是没有道理的。甚至可以说相当一部分的程序员，都想要证明自己的牛×高明之处，总是有想要证明自己比别人聪明、比别人强，总要成为整个项目的最最最核心的人物，总是有强烈的个人英雄主义情结。我承认，曾经的我也是这样的，后来接触的人和事情多了以后，我也一直在反思自己的不足之处，我也一直在努力地克服自己的缺点。\r\n\r\n《商业的本质》一书有一句很经典的话：“商业的本质是一个团体活动”。我个人十分赞同这句话，我们在IT界，先排除那些纯粹公益性质的开源项目，我们中的绝大多数人编程是为了做商业性质项目来获取收入的。那么，我们从事的活动本质上也是一个商业活动，那么也就是团体活动了。而上述的行为，是非常“反团体”的，这种行为肯定会对真个项目组造成极为恶劣的影响。\r\n\r\n人都有有自己的个性，但是不能把这个作为一些坏毛病的借口，所谓“人不可以有傲气，但不可无傲骨”。我们要学会欣赏并学习周围同学（同事）有点和长处，多和他们交流，取长补短，真正地去发挥团队的力量。要记住一句话：别人总是有地方比自己聪明的。\r\n\r\n别和自己较劲\r\n这一点和别钻牛角尖类似，在这里单独拿出来，是为了再次强调。很多人遇到问题总是想自己去解决，总是认为参考别人的思路或者代码就显得自己很low，非要和自己较劲。其实才是这是一种非常low的想法，编程本身是一个思想活动，而思想最重要的还是交流，思想交流的价值不言而喻。因此，如果有自己确实解决不了的问题，应该及时向搜索引擎或者懂的人请教，这没什么，重要的是解决问题和学习新的思路与方法。\r\n\r\n多读多写代码\r\n编程和写作有很多类似的地方，都是一个将思维反映在“纸面”上的活动，不过写作是一个比较“模糊”的映射，而编程需要一个精确的“映射”。成为一个优秀的作家，巨大的阅读量是一个先决条件；同时，只看不写也永远成不了作家。编程也是同理，要多看别人写的“文章”，同时也要自己不断练习，只有这样，才有机会成为dalao。', '1', '2', '1', '1', '123', '11', '2018-07-25 15:47:34', '2018-11-25 15:47:49', '2018-12-25 09:57:14');
INSERT INTO `f_forum` VALUES ('6', '【发人必看】牛客网发帖规范说明及要求||附加精申请通道', '一些总结\r\n以下是我个人对于怎样学习的一些总结，这结合了我的一些经历，尤其是各种坑。希望可以对各位有所启发吧。可能这更适合新手。\r\n\r\n下面不是按照重要性来的，，别误会了。。。。\r\n\r\n摒弃完美主义\r\n编程中的“完美主义”是非常致命的。举个简单的例子，我们要学习某个技术，并把它应用到实际开发中。如果是以前的我，那么我可能会把与该技术有关的书都借来，然后研读每个细节，直到所有的点都弄明白，然后再动手尝试着去开发。其实这就是一种所谓的“完美主义”，绝大多数起因于我们之前的应试教育的阴影。正确的做法应该是尝试着去做，边学边做，这样才可以更加高效的学习，而且可以满足项目的进度。之前的方式，不仅影响进度，而且会让我们迷失在细节的汪洋大海中，失去兴趣。学中做、做中学。\r\n\r\n想清楚了立马就去做，不要瞻前顾后\r\n之前，我在学习某个技术的时候，一直在想这个东西有没有用，学了可以干什么。总是在纠结这种问题，很难全身心的投入到学习中；而且，纠结的时间，就几乎可以入门某个技术了。更要命的是，我们的知识体系不够，或者说是我们不了解整个知识框架，才有这种幼稚的想法。其实多学习一些技术，在很多时候可以拓宽我们的知识面，虽然很多东西会忘记，但是一些基本思路和基本方法都会有较深地印象，一些资深架构师、技术专家和项目负责人等，都有很广阔的知识体系。\r\n\r\n学习编程的核心是学习思路和特性，而不是所谓的词法、语法\r\n首先，我要说明，词法语法很重要，这是程序能运行的基础，但是在刚开始学习的时候，不要过分的纠结于这些细节，要把主要的精力放在语言本身特性上，如果是新手，还要注意学习算法和数据结构。\r\n\r\n举个简单的例子，C++本身的特性相当复杂（看看标准手册就知道了），号称最难的语言。如果我们有了C语言的基础了，再学习C++的话，最好不要直接看那么复杂的手册。其实应该C++的基本特性入手（我不是C++高手，不当的地方还请包含）：C++相比于C语言，最核心的是扩展了面向对象部分和泛型编程（包括STL）部分（先不考虑C++11以及以后的版本），因此我们在学习的时候，先把这两个基本点弄清楚。或者说，这两个点的基本用法先弄明白，搞清楚怎么回事后，在一步步地深入拓展下去；而不是每天都看标准手册，我估计那样正常人都会GG。。拓展的时候也是，每个点都要边学边练的策略，由浅入深。我之前踩的坑是刚开始就像搞明白所有的东西，结果最后搞得身心疲惫，以至于很难学精，而且丢了兴趣。\r\n\r\n同样的例子，如果由C++转Java，我们需要了解Java语言的基本特性是什么。先不考虑JVM的情况下，主要的区别有两大点：面向对象的部分和自动垃圾回收的部分（包括指针引用之类的）。掌握了基本特性，在一步步地去解决，不仅效率高，而且不会丢失兴趣。\r\n\r\n学习编程不要钻牛角尖，编程最终目的是为了解决问题（需求）\r\n我遇到过很多同学，包括之前的我在内，总是容易钻牛角尖。比如说，将来是要做后台的，那么前端的东西一点都不碰；或者说，我认为Linux才是一个合格开发者必备的工具，用Windows显得很菜（可能一般是是服务端同学这么想）；又或者说，大佬们都用vim or Emacs，用IDE显得没有那么Geek等等。这样类似的问题有很多，我个人把它们归结为钻牛角尖。其实，现在来看，这种想法是很幼稚的，连基本的东西都搞不明白，就一味地追求所谓地“高手地配置”，没什么卵用；而且，只要能高效地解决问题，就不要管那些是否是“Geek”的东西，编程的本质是为了解决问题（需求）\r\n\r\n要合理分配学习的重心，搞明白问题的轻重缓急，以需求为导向\r\n现在，各种新技术层出不穷，令人眼花缭乱，别说是新手了，就是有一定编程经验同学，也会纠结各种各样问题。但是，以我现在的观点来看，造成这种现象的一个很重要的原因是，我们没能搞明白自己的真正需求。技术总是学不完的，如果再像 应试教育那样，非要搞明白每个知识点，那么肯定完不成任务，正确的做法是先弄明白自己到底要干什么，然后再去搜集有关的资料等，最后确定解决问题的大体步骤，然后根据步骤来有计划地、分部分地学习。很多时候，编程学习需要不求甚解，这是和应试教育最大区别，也是我们最需要克服的障碍之一。\r\n\r\n多向他人请教，多与别人交流，保持一个谦卑的心态\r\n“程序员是最骄傲的一个群体”，这话不是没有道理的。甚至可以说相当一部分的程序员，都想要证明自己的牛×高明之处，总是有想要证明自己比别人聪明、比别人强，总要成为整个项目的最最最核心的人物，总是有强烈的个人英雄主义情结。我承认，曾经的我也是这样的，后来接触的人和事情多了以后，我也一直在反思自己的不足之处，我也一直在努力地克服自己的缺点。\r\n\r\n《商业的本质》一书有一句很经典的话：“商业的本质是一个团体活动”。我个人十分赞同这句话，我们在IT界，先排除那些纯粹公益性质的开源项目，我们中的绝大多数人编程是为了做商业性质项目来获取收入的。那么，我们从事的活动本质上也是一个商业活动，那么也就是团体活动了。而上述的行为，是非常“反团体”的，这种行为肯定会对真个项目组造成极为恶劣的影响。\r\n\r\n人都有有自己的个性，但是不能把这个作为一些坏毛病的借口，所谓“人不可以有傲气，但不可无傲骨”。我们要学会欣赏并学习周围同学（同事）有点和长处，多和他们交流，取长补短，真正地去发挥团队的力量。要记住一句话：别人总是有地方比自己聪明的。\r\n\r\n别和自己较劲\r\n这一点和别钻牛角尖类似，在这里单独拿出来，是为了再次强调。很多人遇到问题总是想自己去解决，总是认为参考别人的思路或者代码就显得自己很low，非要和自己较劲。其实才是这是一种非常low的想法，编程本身是一个思想活动，而思想最重要的还是交流，思想交流的价值不言而喻。因此，如果有自己确实解决不了的问题，应该及时向搜索引擎或者懂的人请教，这没什么，重要的是解决问题和学习新的思路与方法。\r\n\r\n多读多写代码\r\n编程和写作有很多类似的地方，都是一个将思维反映在“纸面”上的活动，不过写作是一个比较“模糊”的映射，而编程需要一个精确的“映射”。成为一个优秀的作家，巨大的阅读量是一个先决条件；同时，只看不写也永远成不了作家。编程也是同理，要多看别人写的“文章”，同时也要自己不断练习，只有这样，才有机会成为dalao。', '2', '1', '1', '1', '121', '12', '2018-07-25 15:47:34', '2018-11-25 15:47:49', '2018-12-25 09:57:14');
INSERT INTO `f_forum` VALUES ('7', '【发帖必看】牛客网发范说明及要求||附加精申请通道', '一些总结\r\n以下是我个人对于怎样学习的一些总结，这结合了我的一些经历，尤其是各种坑。希望可以对各位有所启发吧。可能这更适合新手。\r\n\r\n下面不是按照重要性来的，，别误会了。。。。\r\n\r\n摒弃完美主义\r\n编程中的“完美主义”是非常致命的。举个简单的例子，我们要学习某个技术，并把它应用到实际开发中。如果是以前的我，那么我可能会把与该技术有关的书都借来，然后研读每个细节，直到所有的点都弄明白，然后再动手尝试着去开发。其实这就是一种所谓的“完美主义”，绝大多数起因于我们之前的应试教育的阴影。正确的做法应该是尝试着去做，边学边做，这样才可以更加高效的学习，而且可以满足项目的进度。之前的方式，不仅影响进度，而且会让我们迷失在细节的汪洋大海中，失去兴趣。学中做、做中学。\r\n\r\n想清楚了立马就去做，不要瞻前顾后\r\n之前，我在学习某个技术的时候，一直在想这个东西有没有用，学了可以干什么。总是在纠结这种问题，很难全身心的投入到学习中；而且，纠结的时间，就几乎可以入门某个技术了。更要命的是，我们的知识体系不够，或者说是我们不了解整个知识框架，才有这种幼稚的想法。其实多学习一些技术，在很多时候可以拓宽我们的知识面，虽然很多东西会忘记，但是一些基本思路和基本方法都会有较深地印象，一些资深架构师、技术专家和项目负责人等，都有很广阔的知识体系。\r\n\r\n学习编程的核心是学习思路和特性，而不是所谓的词法、语法\r\n首先，我要说明，词法语法很重要，这是程序能运行的基础，但是在刚开始学习的时候，不要过分的纠结于这些细节，要把主要的精力放在语言本身特性上，如果是新手，还要注意学习算法和数据结构。\r\n\r\n举个简单的例子，C++本身的特性相当复杂（看看标准手册就知道了），号称最难的语言。如果我们有了C语言的基础了，再学习C++的话，最好不要直接看那么复杂的手册。其实应该C++的基本特性入手（我不是C++高手，不当的地方还请包含）：C++相比于C语言，最核心的是扩展了面向对象部分和泛型编程（包括STL）部分（先不考虑C++11以及以后的版本），因此我们在学习的时候，先把这两个基本点弄清楚。或者说，这两个点的基本用法先弄明白，搞清楚怎么回事后，在一步步地深入拓展下去；而不是每天都看标准手册，我估计那样正常人都会GG。。拓展的时候也是，每个点都要边学边练的策略，由浅入深。我之前踩的坑是刚开始就像搞明白所有的东西，结果最后搞得身心疲惫，以至于很难学精，而且丢了兴趣。\r\n\r\n同样的例子，如果由C++转Java，我们需要了解Java语言的基本特性是什么。先不考虑JVM的情况下，主要的区别有两大点：面向对象的部分和自动垃圾回收的部分（包括指针引用之类的）。掌握了基本特性，在一步步地去解决，不仅效率高，而且不会丢失兴趣。\r\n\r\n学习编程不要钻牛角尖，编程最终目的是为了解决问题（需求）\r\n我遇到过很多同学，包括之前的我在内，总是容易钻牛角尖。比如说，将来是要做后台的，那么前端的东西一点都不碰；或者说，我认为Linux才是一个合格开发者必备的工具，用Windows显得很菜（可能一般是是服务端同学这么想）；又或者说，大佬们都用vim or Emacs，用IDE显得没有那么Geek等等。这样类似的问题有很多，我个人把它们归结为钻牛角尖。其实，现在来看，这种想法是很幼稚的，连基本的东西都搞不明白，就一味地追求所谓地“高手地配置”，没什么卵用；而且，只要能高效地解决问题，就不要管那些是否是“Geek”的东西，编程的本质是为了解决问题（需求）\r\n\r\n要合理分配学习的重心，搞明白问题的轻重缓急，以需求为导向\r\n现在，各种新技术层出不穷，令人眼花缭乱，别说是新手了，就是有一定编程经验同学，也会纠结各种各样问题。但是，以我现在的观点来看，造成这种现象的一个很重要的原因是，我们没能搞明白自己的真正需求。技术总是学不完的，如果再像 应试教育那样，非要搞明白每个知识点，那么肯定完不成任务，正确的做法是先弄明白自己到底要干什么，然后再去搜集有关的资料等，最后确定解决问题的大体步骤，然后根据步骤来有计划地、分部分地学习。很多时候，编程学习需要不求甚解，这是和应试教育最大区别，也是我们最需要克服的障碍之一。\r\n\r\n多向他人请教，多与别人交流，保持一个谦卑的心态\r\n“程序员是最骄傲的一个群体”，这话不是没有道理的。甚至可以说相当一部分的程序员，都想要证明自己的牛×高明之处，总是有想要证明自己比别人聪明、比别人强，总要成为整个项目的最最最核心的人物，总是有强烈的个人英雄主义情结。我承认，曾经的我也是这样的，后来接触的人和事情多了以后，我也一直在反思自己的不足之处，我也一直在努力地克服自己的缺点。\r\n\r\n《商业的本质》一书有一句很经典的话：“商业的本质是一个团体活动”。我个人十分赞同这句话，我们在IT界，先排除那些纯粹公益性质的开源项目，我们中的绝大多数人编程是为了做商业性质项目来获取收入的。那么，我们从事的活动本质上也是一个商业活动，那么也就是团体活动了。而上述的行为，是非常“反团体”的，这种行为肯定会对真个项目组造成极为恶劣的影响。\r\n\r\n人都有有自己的个性，但是不能把这个作为一些坏毛病的借口，所谓“人不可以有傲气，但不可无傲骨”。我们要学会欣赏并学习周围同学（同事）有点和长处，多和他们交流，取长补短，真正地去发挥团队的力量。要记住一句话：别人总是有地方比自己聪明的。\r\n\r\n别和自己较劲\r\n这一点和别钻牛角尖类似，在这里单独拿出来，是为了再次强调。很多人遇到问题总是想自己去解决，总是认为参考别人的思路或者代码就显得自己很low，非要和自己较劲。其实才是这是一种非常low的想法，编程本身是一个思想活动，而思想最重要的还是交流，思想交流的价值不言而喻。因此，如果有自己确实解决不了的问题，应该及时向搜索引擎或者懂的人请教，这没什么，重要的是解决问题和学习新的思路与方法。\r\n\r\n多读多写代码\r\n编程和写作有很多类似的地方，都是一个将思维反映在“纸面”上的活动，不过写作是一个比较“模糊”的映射，而编程需要一个精确的“映射”。成为一个优秀的作家，巨大的阅读量是一个先决条件；同时，只看不写也永远成不了作家。编程也是同理，要多看别人写的“文章”，同时也要自己不断练习，只有这样，才有机会成为dalao。', '4', '1', '1', '1', '123', '12', '2018-07-25 15:47:34', '2018-11-25 15:47:49', '2018-12-25 09:57:14');
INSERT INTO `f_forum` VALUES ('8', '【发帖人必看】牛客网发帖规求||附加精申请通道', '一些总结\r\n以下是我个人对于怎样学习的一些总结，这结合了我的一些经历，尤其是各种坑。希望可以对各位有所启发吧。可能这更适合新手。\r\n\r\n下面不是按照重要性来的，，别误会了。。。。\r\n\r\n摒弃完美主义\r\n编程中的“完美主义”是非常致命的。举个简单的例子，我们要学习某个技术，并把它应用到实际开发中。如果是以前的我，那么我可能会把与该技术有关的书都借来，然后研读每个细节，直到所有的点都弄明白，然后再动手尝试着去开发。其实这就是一种所谓的“完美主义”，绝大多数起因于我们之前的应试教育的阴影。正确的做法应该是尝试着去做，边学边做，这样才可以更加高效的学习，而且可以满足项目的进度。之前的方式，不仅影响进度，而且会让我们迷失在细节的汪洋大海中，失去兴趣。学中做、做中学。\r\n\r\n想清楚了立马就去做，不要瞻前顾后\r\n之前，我在学习某个技术的时候，一直在想这个东西有没有用，学了可以干什么。总是在纠结这种问题，很难全身心的投入到学习中；而且，纠结的时间，就几乎可以入门某个技术了。更要命的是，我们的知识体系不够，或者说是我们不了解整个知识框架，才有这种幼稚的想法。其实多学习一些技术，在很多时候可以拓宽我们的知识面，虽然很多东西会忘记，但是一些基本思路和基本方法都会有较深地印象，一些资深架构师、技术专家和项目负责人等，都有很广阔的知识体系。\r\n\r\n学习编程的核心是学习思路和特性，而不是所谓的词法、语法\r\n首先，我要说明，词法语法很重要，这是程序能运行的基础，但是在刚开始学习的时候，不要过分的纠结于这些细节，要把主要的精力放在语言本身特性上，如果是新手，还要注意学习算法和数据结构。\r\n\r\n举个简单的例子，C++本身的特性相当复杂（看看标准手册就知道了），号称最难的语言。如果我们有了C语言的基础了，再学习C++的话，最好不要直接看那么复杂的手册。其实应该C++的基本特性入手（我不是C++高手，不当的地方还请包含）：C++相比于C语言，最核心的是扩展了面向对象部分和泛型编程（包括STL）部分（先不考虑C++11以及以后的版本），因此我们在学习的时候，先把这两个基本点弄清楚。或者说，这两个点的基本用法先弄明白，搞清楚怎么回事后，在一步步地深入拓展下去；而不是每天都看标准手册，我估计那样正常人都会GG。。拓展的时候也是，每个点都要边学边练的策略，由浅入深。我之前踩的坑是刚开始就像搞明白所有的东西，结果最后搞得身心疲惫，以至于很难学精，而且丢了兴趣。\r\n\r\n同样的例子，如果由C++转Java，我们需要了解Java语言的基本特性是什么。先不考虑JVM的情况下，主要的区别有两大点：面向对象的部分和自动垃圾回收的部分（包括指针引用之类的）。掌握了基本特性，在一步步地去解决，不仅效率高，而且不会丢失兴趣。\r\n\r\n学习编程不要钻牛角尖，编程最终目的是为了解决问题（需求）\r\n我遇到过很多同学，包括之前的我在内，总是容易钻牛角尖。比如说，将来是要做后台的，那么前端的东西一点都不碰；或者说，我认为Linux才是一个合格开发者必备的工具，用Windows显得很菜（可能一般是是服务端同学这么想）；又或者说，大佬们都用vim or Emacs，用IDE显得没有那么Geek等等。这样类似的问题有很多，我个人把它们归结为钻牛角尖。其实，现在来看，这种想法是很幼稚的，连基本的东西都搞不明白，就一味地追求所谓地“高手地配置”，没什么卵用；而且，只要能高效地解决问题，就不要管那些是否是“Geek”的东西，编程的本质是为了解决问题（需求）\r\n\r\n要合理分配学习的重心，搞明白问题的轻重缓急，以需求为导向\r\n现在，各种新技术层出不穷，令人眼花缭乱，别说是新手了，就是有一定编程经验同学，也会纠结各种各样问题。但是，以我现在的观点来看，造成这种现象的一个很重要的原因是，我们没能搞明白自己的真正需求。技术总是学不完的，如果再像 应试教育那样，非要搞明白每个知识点，那么肯定完不成任务，正确的做法是先弄明白自己到底要干什么，然后再去搜集有关的资料等，最后确定解决问题的大体步骤，然后根据步骤来有计划地、分部分地学习。很多时候，编程学习需要不求甚解，这是和应试教育最大区别，也是我们最需要克服的障碍之一。\r\n\r\n多向他人请教，多与别人交流，保持一个谦卑的心态\r\n“程序员是最骄傲的一个群体”，这话不是没有道理的。甚至可以说相当一部分的程序员，都想要证明自己的牛×高明之处，总是有想要证明自己比别人聪明、比别人强，总要成为整个项目的最最最核心的人物，总是有强烈的个人英雄主义情结。我承认，曾经的我也是这样的，后来接触的人和事情多了以后，我也一直在反思自己的不足之处，我也一直在努力地克服自己的缺点。\r\n\r\n《商业的本质》一书有一句很经典的话：“商业的本质是一个团体活动”。我个人十分赞同这句话，我们在IT界，先排除那些纯粹公益性质的开源项目，我们中的绝大多数人编程是为了做商业性质项目来获取收入的。那么，我们从事的活动本质上也是一个商业活动，那么也就是团体活动了。而上述的行为，是非常“反团体”的，这种行为肯定会对真个项目组造成极为恶劣的影响。\r\n\r\n人都有有自己的个性，但是不能把这个作为一些坏毛病的借口，所谓“人不可以有傲气，但不可无傲骨”。我们要学会欣赏并学习周围同学（同事）有点和长处，多和他们交流，取长补短，真正地去发挥团队的力量。要记住一句话：别人总是有地方比自己聪明的。\r\n\r\n别和自己较劲\r\n这一点和别钻牛角尖类似，在这里单独拿出来，是为了再次强调。很多人遇到问题总是想自己去解决，总是认为参考别人的思路或者代码就显得自己很low，非要和自己较劲。其实才是这是一种非常low的想法，编程本身是一个思想活动，而思想最重要的还是交流，思想交流的价值不言而喻。因此，如果有自己确实解决不了的问题，应该及时向搜索引擎或者懂的人请教，这没什么，重要的是解决问题和学习新的思路与方法。\r\n\r\n多读多写代码\r\n编程和写作有很多类似的地方，都是一个将思维反映在“纸面”上的活动，不过写作是一个比较“模糊”的映射，而编程需要一个精确的“映射”。成为一个优秀的作家，巨大的阅读量是一个先决条件；同时，只看不写也永远成不了作家。编程也是同理，要多看别人写的“文章”，同时也要自己不断练习，只有这样，才有机会成为dalao。', '7', '1', '1', '1', '123', '12', '2018-07-25 15:47:34', '2018-11-25 15:47:49', '2018-12-25 09:57:14');
INSERT INTO `f_forum` VALUES ('9', '【发帖必看】牛客网发范说明及要求||附加精申请通道', '一些总结\r\n以下是我个人对于怎样学习的一些总结，这结合了我的一些经历，尤其是各种坑。希望可以对各位有所启发吧。可能这更适合新手。\r\n\r\n下面不是按照重要性来的，，别误会了。。。。\r\n\r\n摒弃完美主义\r\n编程中的“完美主义”是非常致命的。举个简单的例子，我们要学习某个技术，并把它应用到实际开发中。如果是以前的我，那么我可能会把与该技术有关的书都借来，然后研读每个细节，直到所有的点都弄明白，然后再动手尝试着去开发。其实这就是一种所谓的“完美主义”，绝大多数起因于我们之前的应试教育的阴影。正确的做法应该是尝试着去做，边学边做，这样才可以更加高效的学习，而且可以满足项目的进度。之前的方式，不仅影响进度，而且会让我们迷失在细节的汪洋大海中，失去兴趣。学中做、做中学。\r\n\r\n想清楚了立马就去做，不要瞻前顾后\r\n之前，我在学习某个技术的时候，一直在想这个东西有没有用，学了可以干什么。总是在纠结这种问题，很难全身心的投入到学习中；而且，纠结的时间，就几乎可以入门某个技术了。更要命的是，我们的知识体系不够，或者说是我们不了解整个知识框架，才有这种幼稚的想法。其实多学习一些技术，在很多时候可以拓宽我们的知识面，虽然很多东西会忘记，但是一些基本思路和基本方法都会有较深地印象，一些资深架构师、技术专家和项目负责人等，都有很广阔的知识体系。\r\n\r\n学习编程的核心是学习思路和特性，而不是所谓的词法、语法\r\n首先，我要说明，词法语法很重要，这是程序能运行的基础，但是在刚开始学习的时候，不要过分的纠结于这些细节，要把主要的精力放在语言本身特性上，如果是新手，还要注意学习算法和数据结构。\r\n\r\n举个简单的例子，C++本身的特性相当复杂（看看标准手册就知道了），号称最难的语言。如果我们有了C语言的基础了，再学习C++的话，最好不要直接看那么复杂的手册。其实应该C++的基本特性入手（我不是C++高手，不当的地方还请包含）：C++相比于C语言，最核心的是扩展了面向对象部分和泛型编程（包括STL）部分（先不考虑C++11以及以后的版本），因此我们在学习的时候，先把这两个基本点弄清楚。或者说，这两个点的基本用法先弄明白，搞清楚怎么回事后，在一步步地深入拓展下去；而不是每天都看标准手册，我估计那样正常人都会GG。。拓展的时候也是，每个点都要边学边练的策略，由浅入深。我之前踩的坑是刚开始就像搞明白所有的东西，结果最后搞得身心疲惫，以至于很难学精，而且丢了兴趣。\r\n\r\n同样的例子，如果由C++转Java，我们需要了解Java语言的基本特性是什么。先不考虑JVM的情况下，主要的区别有两大点：面向对象的部分和自动垃圾回收的部分（包括指针引用之类的）。掌握了基本特性，在一步步地去解决，不仅效率高，而且不会丢失兴趣。\r\n\r\n学习编程不要钻牛角尖，编程最终目的是为了解决问题（需求）\r\n我遇到过很多同学，包括之前的我在内，总是容易钻牛角尖。比如说，将来是要做后台的，那么前端的东西一点都不碰；或者说，我认为Linux才是一个合格开发者必备的工具，用Windows显得很菜（可能一般是是服务端同学这么想）；又或者说，大佬们都用vim or Emacs，用IDE显得没有那么Geek等等。这样类似的问题有很多，我个人把它们归结为钻牛角尖。其实，现在来看，这种想法是很幼稚的，连基本的东西都搞不明白，就一味地追求所谓地“高手地配置”，没什么卵用；而且，只要能高效地解决问题，就不要管那些是否是“Geek”的东西，编程的本质是为了解决问题（需求）\r\n\r\n要合理分配学习的重心，搞明白问题的轻重缓急，以需求为导向\r\n现在，各种新技术层出不穷，令人眼花缭乱，别说是新手了，就是有一定编程经验同学，也会纠结各种各样问题。但是，以我现在的观点来看，造成这种现象的一个很重要的原因是，我们没能搞明白自己的真正需求。技术总是学不完的，如果再像 应试教育那样，非要搞明白每个知识点，那么肯定完不成任务，正确的做法是先弄明白自己到底要干什么，然后再去搜集有关的资料等，最后确定解决问题的大体步骤，然后根据步骤来有计划地、分部分地学习。很多时候，编程学习需要不求甚解，这是和应试教育最大区别，也是我们最需要克服的障碍之一。\r\n\r\n多向他人请教，多与别人交流，保持一个谦卑的心态\r\n“程序员是最骄傲的一个群体”，这话不是没有道理的。甚至可以说相当一部分的程序员，都想要证明自己的牛×高明之处，总是有想要证明自己比别人聪明、比别人强，总要成为整个项目的最最最核心的人物，总是有强烈的个人英雄主义情结。我承认，曾经的我也是这样的，后来接触的人和事情多了以后，我也一直在反思自己的不足之处，我也一直在努力地克服自己的缺点。\r\n\r\n《商业的本质》一书有一句很经典的话：“商业的本质是一个团体活动”。我个人十分赞同这句话，我们在IT界，先排除那些纯粹公益性质的开源项目，我们中的绝大多数人编程是为了做商业性质项目来获取收入的。那么，我们从事的活动本质上也是一个商业活动，那么也就是团体活动了。而上述的行为，是非常“反团体”的，这种行为肯定会对真个项目组造成极为恶劣的影响。\r\n\r\n人都有有自己的个性，但是不能把这个作为一些坏毛病的借口，所谓“人不可以有傲气，但不可无傲骨”。我们要学会欣赏并学习周围同学（同事）有点和长处，多和他们交流，取长补短，真正地去发挥团队的力量。要记住一句话：别人总是有地方比自己聪明的。\r\n\r\n别和自己较劲\r\n这一点和别钻牛角尖类似，在这里单独拿出来，是为了再次强调。很多人遇到问题总是想自己去解决，总是认为参考别人的思路或者代码就显得自己很low，非要和自己较劲。其实才是这是一种非常low的想法，编程本身是一个思想活动，而思想最重要的还是交流，思想交流的价值不言而喻。因此，如果有自己确实解决不了的问题，应该及时向搜索引擎或者懂的人请教，这没什么，重要的是解决问题和学习新的思路与方法。\r\n\r\n多读多写代码\r\n编程和写作有很多类似的地方，都是一个将思维反映在“纸面”上的活动，不过写作是一个比较“模糊”的映射，而编程需要一个精确的“映射”。成为一个优秀的作家，巨大的阅读量是一个先决条件；同时，只看不写也永远成不了作家。编程也是同理，要多看别人写的“文章”，同时也要自己不断练习，只有这样，才有机会成为dalao。', '1', '1', '1', '1', '121', '23', '2018-07-25 15:47:34', '2018-11-25 15:47:49', '2018-12-25 09:57:14');
INSERT INTO `f_forum` VALUES ('10', '【发帖人必看】牛客网发帖规范说明及要求||附加精申请通道', '一些总结\r\n以下是我个人对于怎样学习的一些总结，这结合了我的一些经历，尤其是各种坑。希望可以对各位有所启发吧。可能这更适合新手。\r\n\r\n下面不是按照重要性来的，，别误会了。。。。\r\n\r\n摒弃完美主义\r\n编程中的“完美主义”是非常致命的。举个简单的例子，我们要学习某个技术，并把它应用到实际开发中。如果是以前的我，那么我可能会把与该技术有关的书都借来，然后研读每个细节，直到所有的点都弄明白，然后再动手尝试着去开发。其实这就是一种所谓的“完美主义”，绝大多数起因于我们之前的应试教育的阴影。正确的做法应该是尝试着去做，边学边做，这样才可以更加高效的学习，而且可以满足项目的进度。之前的方式，不仅影响进度，而且会让我们迷失在细节的汪洋大海中，失去兴趣。学中做、做中学。\r\n\r\n想清楚了立马就去做，不要瞻前顾后\r\n之前，我在学习某个技术的时候，一直在想这个东西有没有用，学了可以干什么。总是在纠结这种问题，很难全身心的投入到学习中；而且，纠结的时间，就几乎可以入门某个技术了。更要命的是，我们的知识体系不够，或者说是我们不了解整个知识框架，才有这种幼稚的想法。其实多学习一些技术，在很多时候可以拓宽我们的知识面，虽然很多东西会忘记，但是一些基本思路和基本方法都会有较深地印象，一些资深架构师、技术专家和项目负责人等，都有很广阔的知识体系。\r\n\r\n学习编程的核心是学习思路和特性，而不是所谓的词法、语法\r\n首先，我要说明，词法语法很重要，这是程序能运行的基础，但是在刚开始学习的时候，不要过分的纠结于这些细节，要把主要的精力放在语言本身特性上，如果是新手，还要注意学习算法和数据结构。\r\n\r\n举个简单的例子，C++本身的特性相当复杂（看看标准手册就知道了），号称最难的语言。如果我们有了C语言的基础了，再学习C++的话，最好不要直接看那么复杂的手册。其实应该C++的基本特性入手（我不是C++高手，不当的地方还请包含）：C++相比于C语言，最核心的是扩展了面向对象部分和泛型编程（包括STL）部分（先不考虑C++11以及以后的版本），因此我们在学习的时候，先把这两个基本点弄清楚。或者说，这两个点的基本用法先弄明白，搞清楚怎么回事后，在一步步地深入拓展下去；而不是每天都看标准手册，我估计那样正常人都会GG。。拓展的时候也是，每个点都要边学边练的策略，由浅入深。我之前踩的坑是刚开始就像搞明白所有的东西，结果最后搞得身心疲惫，以至于很难学精，而且丢了兴趣。\r\n\r\n同样的例子，如果由C++转Java，我们需要了解Java语言的基本特性是什么。先不考虑JVM的情况下，主要的区别有两大点：面向对象的部分和自动垃圾回收的部分（包括指针引用之类的）。掌握了基本特性，在一步步地去解决，不仅效率高，而且不会丢失兴趣。\r\n\r\n学习编程不要钻牛角尖，编程最终目的是为了解决问题（需求）\r\n我遇到过很多同学，包括之前的我在内，总是容易钻牛角尖。比如说，将来是要做后台的，那么前端的东西一点都不碰；或者说，我认为Linux才是一个合格开发者必备的工具，用Windows显得很菜（可能一般是是服务端同学这么想）；又或者说，大佬们都用vim or Emacs，用IDE显得没有那么Geek等等。这样类似的问题有很多，我个人把它们归结为钻牛角尖。其实，现在来看，这种想法是很幼稚的，连基本的东西都搞不明白，就一味地追求所谓地“高手地配置”，没什么卵用；而且，只要能高效地解决问题，就不要管那些是否是“Geek”的东西，编程的本质是为了解决问题（需求）\r\n\r\n要合理分配学习的重心，搞明白问题的轻重缓急，以需求为导向\r\n现在，各种新技术层出不穷，令人眼花缭乱，别说是新手了，就是有一定编程经验同学，也会纠结各种各样问题。但是，以我现在的观点来看，造成这种现象的一个很重要的原因是，我们没能搞明白自己的真正需求。技术总是学不完的，如果再像 应试教育那样，非要搞明白每个知识点，那么肯定完不成任务，正确的做法是先弄明白自己到底要干什么，然后再去搜集有关的资料等，最后确定解决问题的大体步骤，然后根据步骤来有计划地、分部分地学习。很多时候，编程学习需要不求甚解，这是和应试教育最大区别，也是我们最需要克服的障碍之一。\r\n\r\n多向他人请教，多与别人交流，保持一个谦卑的心态\r\n“程序员是最骄傲的一个群体”，这话不是没有道理的。甚至可以说相当一部分的程序员，都想要证明自己的牛×高明之处，总是有想要证明自己比别人聪明、比别人强，总要成为整个项目的最最最核心的人物，总是有强烈的个人英雄主义情结。我承认，曾经的我也是这样的，后来接触的人和事情多了以后，我也一直在反思自己的不足之处，我也一直在努力地克服自己的缺点。\r\n\r\n《商业的本质》一书有一句很经典的话：“商业的本质是一个团体活动”。我个人十分赞同这句话，我们在IT界，先排除那些纯粹公益性质的开源项目，我们中的绝大多数人编程是为了做商业性质项目来获取收入的。那么，我们从事的活动本质上也是一个商业活动，那么也就是团体活动了。而上述的行为，是非常“反团体”的，这种行为肯定会对真个项目组造成极为恶劣的影响。\r\n\r\n人都有有自己的个性，但是不能把这个作为一些坏毛病的借口，所谓“人不可以有傲气，但不可无傲骨”。我们要学会欣赏并学习周围同学（同事）有点和长处，多和他们交流，取长补短，真正地去发挥团队的力量。要记住一句话：别人总是有地方比自己聪明的。\r\n\r\n别和自己较劲\r\n这一点和别钻牛角尖类似，在这里单独拿出来，是为了再次强调。很多人遇到问题总是想自己去解决，总是认为参考别人的思路或者代码就显得自己很low，非要和自己较劲。其实才是这是一种非常low的想法，编程本身是一个思想活动，而思想最重要的还是交流，思想交流的价值不言而喻。因此，如果有自己确实解决不了的问题，应该及时向搜索引擎或者懂的人请教，这没什么，重要的是解决问题和学习新的思路与方法。\r\n\r\n多读多写代码\r\n编程和写作有很多类似的地方，都是一个将思维反映在“纸面”上的活动，不过写作是一个比较“模糊”的映射，而编程需要一个精确的“映射”。成为一个优秀的作家，巨大的阅读量是一个先决条件；同时，只看不写也永远成不了作家。编程也是同理，要多看别人写的“文章”，同时也要自己不断练习，只有这样，才有机会成为dalao。', '2', '2', '1', '1', '124', '34', '2018-07-25 15:47:34', '2019-01-02 22:24:36', '2019-01-02 22:24:36');
INSERT INTO `f_forum` VALUES ('11', '【发帖必看】牛客网发帖规范说明及要求||附加精申请通道', '一些总结\r\n以下是我个人对于怎样学习的一些总结，这结合了我的一些经历，尤其是各种坑。希望可以对各位有所启发吧。可能这更适合新手。\r\n\r\n下面不是按照重要性来的，，别误会了。。。。\r\n\r\n摒弃完美主义\r\n编程中的“完美主义”是非常致命的。举个简单的例子，我们要学习某个技术，并把它应用到实际开发中。如果是以前的我，那么我可能会把与该技术有关的书都借来，然后研读每个细节，直到所有的点都弄明白，然后再动手尝试着去开发。其实这就是一种所谓的“完美主义”，绝大多数起因于我们之前的应试教育的阴影。正确的做法应该是尝试着去做，边学边做，这样才可以更加高效的学习，而且可以满足项目的进度。之前的方式，不仅影响进度，而且会让我们迷失在细节的汪洋大海中，失去兴趣。学中做、做中学。\r\n\r\n想清楚了立马就去做，不要瞻前顾后\r\n之前，我在学习某个技术的时候，一直在想这个东西有没有用，学了可以干什么。总是在纠结这种问题，很难全身心的投入到学习中；而且，纠结的时间，就几乎可以入门某个技术了。更要命的是，我们的知识体系不够，或者说是我们不了解整个知识框架，才有这种幼稚的想法。其实多学习一些技术，在很多时候可以拓宽我们的知识面，虽然很多东西会忘记，但是一些基本思路和基本方法都会有较深地印象，一些资深架构师、技术专家和项目负责人等，都有很广阔的知识体系。\r\n\r\n学习编程的核心是学习思路和特性，而不是所谓的词法、语法\r\n首先，我要说明，词法语法很重要，这是程序能运行的基础，但是在刚开始学习的时候，不要过分的纠结于这些细节，要把主要的精力放在语言本身特性上，如果是新手，还要注意学习算法和数据结构。\r\n\r\n举个简单的例子，C++本身的特性相当复杂（看看标准手册就知道了），号称最难的语言。如果我们有了C语言的基础了，再学习C++的话，最好不要直接看那么复杂的手册。其实应该C++的基本特性入手（我不是C++高手，不当的地方还请包含）：C++相比于C语言，最核心的是扩展了面向对象部分和泛型编程（包括STL）部分（先不考虑C++11以及以后的版本），因此我们在学习的时候，先把这两个基本点弄清楚。或者说，这两个点的基本用法先弄明白，搞清楚怎么回事后，在一步步地深入拓展下去；而不是每天都看标准手册，我估计那样正常人都会GG。。拓展的时候也是，每个点都要边学边练的策略，由浅入深。我之前踩的坑是刚开始就像搞明白所有的东西，结果最后搞得身心疲惫，以至于很难学精，而且丢了兴趣。\r\n\r\n同样的例子，如果由C++转Java，我们需要了解Java语言的基本特性是什么。先不考虑JVM的情况下，主要的区别有两大点：面向对象的部分和自动垃圾回收的部分（包括指针引用之类的）。掌握了基本特性，在一步步地去解决，不仅效率高，而且不会丢失兴趣。\r\n\r\n学习编程不要钻牛角尖，编程最终目的是为了解决问题（需求）\r\n我遇到过很多同学，包括之前的我在内，总是容易钻牛角尖。比如说，将来是要做后台的，那么前端的东西一点都不碰；或者说，我认为Linux才是一个合格开发者必备的工具，用Windows显得很菜（可能一般是是服务端同学这么想）；又或者说，大佬们都用vim or Emacs，用IDE显得没有那么Geek等等。这样类似的问题有很多，我个人把它们归结为钻牛角尖。其实，现在来看，这种想法是很幼稚的，连基本的东西都搞不明白，就一味地追求所谓地“高手地配置”，没什么卵用；而且，只要能高效地解决问题，就不要管那些是否是“Geek”的东西，编程的本质是为了解决问题（需求）\r\n\r\n要合理分配学习的重心，搞明白问题的轻重缓急，以需求为导向\r\n现在，各种新技术层出不穷，令人眼花缭乱，别说是新手了，就是有一定编程经验同学，也会纠结各种各样问题。但是，以我现在的观点来看，造成这种现象的一个很重要的原因是，我们没能搞明白自己的真正需求。技术总是学不完的，如果再像 应试教育那样，非要搞明白每个知识点，那么肯定完不成任务，正确的做法是先弄明白自己到底要干什么，然后再去搜集有关的资料等，最后确定解决问题的大体步骤，然后根据步骤来有计划地、分部分地学习。很多时候，编程学习需要不求甚解，这是和应试教育最大区别，也是我们最需要克服的障碍之一。\r\n\r\n多向他人请教，多与别人交流，保持一个谦卑的心态\r\n“程序员是最骄傲的一个群体”，这话不是没有道理的。甚至可以说相当一部分的程序员，都想要证明自己的牛×高明之处，总是有想要证明自己比别人聪明、比别人强，总要成为整个项目的最最最核心的人物，总是有强烈的个人英雄主义情结。我承认，曾经的我也是这样的，后来接触的人和事情多了以后，我也一直在反思自己的不足之处，我也一直在努力地克服自己的缺点。\r\n\r\n《商业的本质》一书有一句很经典的话：“商业的本质是一个团体活动”。我个人十分赞同这句话，我们在IT界，先排除那些纯粹公益性质的开源项目，我们中的绝大多数人编程是为了做商业性质项目来获取收入的。那么，我们从事的活动本质上也是一个商业活动，那么也就是团体活动了。而上述的行为，是非常“反团体”的，这种行为肯定会对真个项目组造成极为恶劣的影响。\r\n\r\n人都有有自己的个性，但是不能把这个作为一些坏毛病的借口，所谓“人不可以有傲气，但不可无傲骨”。我们要学会欣赏并学习周围同学（同事）有点和长处，多和他们交流，取长补短，真正地去发挥团队的力量。要记住一句话：别人总是有地方比自己聪明的。\r\n\r\n别和自己较劲\r\n这一点和别钻牛角尖类似，在这里单独拿出来，是为了再次强调。很多人遇到问题总是想自己去解决，总是认为参考别人的思路或者代码就显得自己很low，非要和自己较劲。其实才是这是一种非常low的想法，编程本身是一个思想活动，而思想最重要的还是交流，思想交流的价值不言而喻。因此，如果有自己确实解决不了的问题，应该及时向搜索引擎或者懂的人请教，这没什么，重要的是解决问题和学习新的思路与方法。\r\n\r\n多读多写代码\r\n编程和写作有很多类似的地方，都是一个将思维反映在“纸面”上的活动，不过写作是一个比较“模糊”的映射，而编程需要一个精确的“映射”。成为一个优秀的作家，巨大的阅读量是一个先决条件；同时，只看不写也永远成不了作家。编程也是同理，要多看别人写的“文章”，同时也要自己不断练习，只有这样，才有机会成为dalao。', '3', '1', '1', '1', '123', '12', '2018-07-25 15:47:34', '2018-11-25 15:47:49', '2018-12-25 09:57:14');
INSERT INTO `f_forum` VALUES ('12', '【发帖人必看】牛客规范明及要求||附加精申请通道', '一些总结\r\n以下是我个人对于怎样学习的一些总结，这结合了我的一些经历，尤其是各种坑。希望可以对各位有所启发吧。可能这更适合新手。\r\n\r\n下面不是按照重要性来的，，别误会了。。。。\r\n\r\n摒弃完美主义\r\n编程中的“完美主义”是非常致命的。举个简单的例子，我们要学习某个技术，并把它应用到实际开发中。如果是以前的我，那么我可能会把与该技术有关的书都借来，然后研读每个细节，直到所有的点都弄明白，然后再动手尝试着去开发。其实这就是一种所谓的“完美主义”，绝大多数起因于我们之前的应试教育的阴影。正确的做法应该是尝试着去做，边学边做，这样才可以更加高效的学习，而且可以满足项目的进度。之前的方式，不仅影响进度，而且会让我们迷失在细节的汪洋大海中，失去兴趣。学中做、做中学。\r\n\r\n想清楚了立马就去做，不要瞻前顾后\r\n之前，我在学习某个技术的时候，一直在想这个东西有没有用，学了可以干什么。总是在纠结这种问题，很难全身心的投入到学习中；而且，纠结的时间，就几乎可以入门某个技术了。更要命的是，我们的知识体系不够，或者说是我们不了解整个知识框架，才有这种幼稚的想法。其实多学习一些技术，在很多时候可以拓宽我们的知识面，虽然很多东西会忘记，但是一些基本思路和基本方法都会有较深地印象，一些资深架构师、技术专家和项目负责人等，都有很广阔的知识体系。\r\n\r\n学习编程的核心是学习思路和特性，而不是所谓的词法、语法\r\n首先，我要说明，词法语法很重要，这是程序能运行的基础，但是在刚开始学习的时候，不要过分的纠结于这些细节，要把主要的精力放在语言本身特性上，如果是新手，还要注意学习算法和数据结构。\r\n\r\n举个简单的例子，C++本身的特性相当复杂（看看标准手册就知道了），号称最难的语言。如果我们有了C语言的基础了，再学习C++的话，最好不要直接看那么复杂的手册。其实应该C++的基本特性入手（我不是C++高手，不当的地方还请包含）：C++相比于C语言，最核心的是扩展了面向对象部分和泛型编程（包括STL）部分（先不考虑C++11以及以后的版本），因此我们在学习的时候，先把这两个基本点弄清楚。或者说，这两个点的基本用法先弄明白，搞清楚怎么回事后，在一步步地深入拓展下去；而不是每天都看标准手册，我估计那样正常人都会GG。。拓展的时候也是，每个点都要边学边练的策略，由浅入深。我之前踩的坑是刚开始就像搞明白所有的东西，结果最后搞得身心疲惫，以至于很难学精，而且丢了兴趣。\r\n\r\n同样的例子，如果由C++转Java，我们需要了解Java语言的基本特性是什么。先不考虑JVM的情况下，主要的区别有两大点：面向对象的部分和自动垃圾回收的部分（包括指针引用之类的）。掌握了基本特性，在一步步地去解决，不仅效率高，而且不会丢失兴趣。\r\n\r\n学习编程不要钻牛角尖，编程最终目的是为了解决问题（需求）\r\n我遇到过很多同学，包括之前的我在内，总是容易钻牛角尖。比如说，将来是要做后台的，那么前端的东西一点都不碰；或者说，我认为Linux才是一个合格开发者必备的工具，用Windows显得很菜（可能一般是是服务端同学这么想）；又或者说，大佬们都用vim or Emacs，用IDE显得没有那么Geek等等。这样类似的问题有很多，我个人把它们归结为钻牛角尖。其实，现在来看，这种想法是很幼稚的，连基本的东西都搞不明白，就一味地追求所谓地“高手地配置”，没什么卵用；而且，只要能高效地解决问题，就不要管那些是否是“Geek”的东西，编程的本质是为了解决问题（需求）\r\n\r\n要合理分配学习的重心，搞明白问题的轻重缓急，以需求为导向\r\n现在，各种新技术层出不穷，令人眼花缭乱，别说是新手了，就是有一定编程经验同学，也会纠结各种各样问题。但是，以我现在的观点来看，造成这种现象的一个很重要的原因是，我们没能搞明白自己的真正需求。技术总是学不完的，如果再像 应试教育那样，非要搞明白每个知识点，那么肯定完不成任务，正确的做法是先弄明白自己到底要干什么，然后再去搜集有关的资料等，最后确定解决问题的大体步骤，然后根据步骤来有计划地、分部分地学习。很多时候，编程学习需要不求甚解，这是和应试教育最大区别，也是我们最需要克服的障碍之一。\r\n\r\n多向他人请教，多与别人交流，保持一个谦卑的心态\r\n“程序员是最骄傲的一个群体”，这话不是没有道理的。甚至可以说相当一部分的程序员，都想要证明自己的牛×高明之处，总是有想要证明自己比别人聪明、比别人强，总要成为整个项目的最最最核心的人物，总是有强烈的个人英雄主义情结。我承认，曾经的我也是这样的，后来接触的人和事情多了以后，我也一直在反思自己的不足之处，我也一直在努力地克服自己的缺点。\r\n\r\n《商业的本质》一书有一句很经典的话：“商业的本质是一个团体活动”。我个人十分赞同这句话，我们在IT界，先排除那些纯粹公益性质的开源项目，我们中的绝大多数人编程是为了做商业性质项目来获取收入的。那么，我们从事的活动本质上也是一个商业活动，那么也就是团体活动了。而上述的行为，是非常“反团体”的，这种行为肯定会对真个项目组造成极为恶劣的影响。\r\n\r\n人都有有自己的个性，但是不能把这个作为一些坏毛病的借口，所谓“人不可以有傲气，但不可无傲骨”。我们要学会欣赏并学习周围同学（同事）有点和长处，多和他们交流，取长补短，真正地去发挥团队的力量。要记住一句话：别人总是有地方比自己聪明的。\r\n\r\n别和自己较劲\r\n这一点和别钻牛角尖类似，在这里单独拿出来，是为了再次强调。很多人遇到问题总是想自己去解决，总是认为参考别人的思路或者代码就显得自己很low，非要和自己较劲。其实才是这是一种非常low的想法，编程本身是一个思想活动，而思想最重要的还是交流，思想交流的价值不言而喻。因此，如果有自己确实解决不了的问题，应该及时向搜索引擎或者懂的人请教，这没什么，重要的是解决问题和学习新的思路与方法。\r\n\r\n多读多写代码\r\n编程和写作有很多类似的地方，都是一个将思维反映在“纸面”上的活动，不过写作是一个比较“模糊”的映射，而编程需要一个精确的“映射”。成为一个优秀的作家，巨大的阅读量是一个先决条件；同时，只看不写也永远成不了作家。编程也是同理，要多看别人写的“文章”，同时也要自己不断练习，只有这样，才有机会成为dalao。', '2', '1', '1', '1', '123', '45', '2018-07-25 15:47:34', '2018-11-25 15:47:49', '2018-12-25 09:57:14');
INSERT INTO `f_forum` VALUES ('13', '【发帖人必看】牛客网发帖规范说明及要求||附加精申请通道', '一些总结\r\n以下是我个人对于怎样学习的一些总结，这结合了我的一些经历，尤其是各种坑。希望可以对各位有所启发吧。可能这更适合新手。\r\n\r\n下面不是按照重要性来的，，别误会了。。。。\r\n\r\n摒弃完美主义\r\n编程中的“完美主义”是非常致命的。举个简单的例子，我们要学习某个技术，并把它应用到实际开发中。如果是以前的我，那么我可能会把与该技术有关的书都借来，然后研读每个细节，直到所有的点都弄明白，然后再动手尝试着去开发。其实这就是一种所谓的“完美主义”，绝大多数起因于我们之前的应试教育的阴影。正确的做法应该是尝试着去做，边学边做，这样才可以更加高效的学习，而且可以满足项目的进度。之前的方式，不仅影响进度，而且会让我们迷失在细节的汪洋大海中，失去兴趣。学中做、做中学。\r\n\r\n想清楚了立马就去做，不要瞻前顾后\r\n之前，我在学习某个技术的时候，一直在想这个东西有没有用，学了可以干什么。总是在纠结这种问题，很难全身心的投入到学习中；而且，纠结的时间，就几乎可以入门某个技术了。更要命的是，我们的知识体系不够，或者说是我们不了解整个知识框架，才有这种幼稚的想法。其实多学习一些技术，在很多时候可以拓宽我们的知识面，虽然很多东西会忘记，但是一些基本思路和基本方法都会有较深地印象，一些资深架构师、技术专家和项目负责人等，都有很广阔的知识体系。\r\n\r\n学习编程的核心是学习思路和特性，而不是所谓的词法、语法\r\n首先，我要说明，词法语法很重要，这是程序能运行的基础，但是在刚开始学习的时候，不要过分的纠结于这些细节，要把主要的精力放在语言本身特性上，如果是新手，还要注意学习算法和数据结构。\r\n\r\n举个简单的例子，C++本身的特性相当复杂（看看标准手册就知道了），号称最难的语言。如果我们有了C语言的基础了，再学习C++的话，最好不要直接看那么复杂的手册。其实应该C++的基本特性入手（我不是C++高手，不当的地方还请包含）：C++相比于C语言，最核心的是扩展了面向对象部分和泛型编程（包括STL）部分（先不考虑C++11以及以后的版本），因此我们在学习的时候，先把这两个基本点弄清楚。或者说，这两个点的基本用法先弄明白，搞清楚怎么回事后，在一步步地深入拓展下去；而不是每天都看标准手册，我估计那样正常人都会GG。。拓展的时候也是，每个点都要边学边练的策略，由浅入深。我之前踩的坑是刚开始就像搞明白所有的东西，结果最后搞得身心疲惫，以至于很难学精，而且丢了兴趣。\r\n\r\n同样的例子，如果由C++转Java，我们需要了解Java语言的基本特性是什么。先不考虑JVM的情况下，主要的区别有两大点：面向对象的部分和自动垃圾回收的部分（包括指针引用之类的）。掌握了基本特性，在一步步地去解决，不仅效率高，而且不会丢失兴趣。\r\n\r\n学习编程不要钻牛角尖，编程最终目的是为了解决问题（需求）\r\n我遇到过很多同学，包括之前的我在内，总是容易钻牛角尖。比如说，将来是要做后台的，那么前端的东西一点都不碰；或者说，我认为Linux才是一个合格开发者必备的工具，用Windows显得很菜（可能一般是是服务端同学这么想）；又或者说，大佬们都用vim or Emacs，用IDE显得没有那么Geek等等。这样类似的问题有很多，我个人把它们归结为钻牛角尖。其实，现在来看，这种想法是很幼稚的，连基本的东西都搞不明白，就一味地追求所谓地“高手地配置”，没什么卵用；而且，只要能高效地解决问题，就不要管那些是否是“Geek”的东西，编程的本质是为了解决问题（需求）\r\n\r\n要合理分配学习的重心，搞明白问题的轻重缓急，以需求为导向\r\n现在，各种新技术层出不穷，令人眼花缭乱，别说是新手了，就是有一定编程经验同学，也会纠结各种各样问题。但是，以我现在的观点来看，造成这种现象的一个很重要的原因是，我们没能搞明白自己的真正需求。技术总是学不完的，如果再像 应试教育那样，非要搞明白每个知识点，那么肯定完不成任务，正确的做法是先弄明白自己到底要干什么，然后再去搜集有关的资料等，最后确定解决问题的大体步骤，然后根据步骤来有计划地、分部分地学习。很多时候，编程学习需要不求甚解，这是和应试教育最大区别，也是我们最需要克服的障碍之一。\r\n\r\n多向他人请教，多与别人交流，保持一个谦卑的心态\r\n“程序员是最骄傲的一个群体”，这话不是没有道理的。甚至可以说相当一部分的程序员，都想要证明自己的牛×高明之处，总是有想要证明自己比别人聪明、比别人强，总要成为整个项目的最最最核心的人物，总是有强烈的个人英雄主义情结。我承认，曾经的我也是这样的，后来接触的人和事情多了以后，我也一直在反思自己的不足之处，我也一直在努力地克服自己的缺点。\r\n\r\n《商业的本质》一书有一句很经典的话：“商业的本质是一个团体活动”。我个人十分赞同这句话，我们在IT界，先排除那些纯粹公益性质的开源项目，我们中的绝大多数人编程是为了做商业性质项目来获取收入的。那么，我们从事的活动本质上也是一个商业活动，那么也就是团体活动了。而上述的行为，是非常“反团体”的，这种行为肯定会对真个项目组造成极为恶劣的影响。\r\n\r\n人都有有自己的个性，但是不能把这个作为一些坏毛病的借口，所谓“人不可以有傲气，但不可无傲骨”。我们要学会欣赏并学习周围同学（同事）有点和长处，多和他们交流，取长补短，真正地去发挥团队的力量。要记住一句话：别人总是有地方比自己聪明的。\r\n\r\n别和自己较劲\r\n这一点和别钻牛角尖类似，在这里单独拿出来，是为了再次强调。很多人遇到问题总是想自己去解决，总是认为参考别人的思路或者代码就显得自己很low，非要和自己较劲。其实才是这是一种非常low的想法，编程本身是一个思想活动，而思想最重要的还是交流，思想交流的价值不言而喻。因此，如果有自己确实解决不了的问题，应该及时向搜索引擎或者懂的人请教，这没什么，重要的是解决问题和学习新的思路与方法。\r\n\r\n多读多写代码\r\n编程和写作有很多类似的地方，都是一个将思维反映在“纸面”上的活动，不过写作是一个比较“模糊”的映射，而编程需要一个精确的“映射”。成为一个优秀的作家，巨大的阅读量是一个先决条件；同时，只看不写也永远成不了作家。编程也是同理，要多看别人写的“文章”，同时也要自己不断练习，只有这样，才有机会成为dalao。', '1', '2', '1', '1', '123', '12', '2018-07-25 15:47:34', '2018-11-25 15:47:49', '2018-12-25 09:57:18');
INSERT INTO `f_forum` VALUES ('14', '【发帖必看】牛客网发帖规范说明及要求||附加精申请通道', '一些总结\r\n以下是我个人对于怎样学习的一些总结，这结合了我的一些经历，尤其是各种坑。希望可以对各位有所启发吧。可能这更适合新手。\r\n\r\n下面不是按照重要性来的，，别误会了。。。。\r\n\r\n摒弃完美主义\r\n编程中的“完美主义”是非常致命的。举个简单的例子，我们要学习某个技术，并把它应用到实际开发中。如果是以前的我，那么我可能会把与该技术有关的书都借来，然后研读每个细节，直到所有的点都弄明白，然后再动手尝试着去开发。其实这就是一种所谓的“完美主义”，绝大多数起因于我们之前的应试教育的阴影。正确的做法应该是尝试着去做，边学边做，这样才可以更加高效的学习，而且可以满足项目的进度。之前的方式，不仅影响进度，而且会让我们迷失在细节的汪洋大海中，失去兴趣。学中做、做中学。\r\n\r\n想清楚了立马就去做，不要瞻前顾后\r\n之前，我在学习某个技术的时候，一直在想这个东西有没有用，学了可以干什么。总是在纠结这种问题，很难全身心的投入到学习中；而且，纠结的时间，就几乎可以入门某个技术了。更要命的是，我们的知识体系不够，或者说是我们不了解整个知识框架，才有这种幼稚的想法。其实多学习一些技术，在很多时候可以拓宽我们的知识面，虽然很多东西会忘记，但是一些基本思路和基本方法都会有较深地印象，一些资深架构师、技术专家和项目负责人等，都有很广阔的知识体系。\r\n\r\n学习编程的核心是学习思路和特性，而不是所谓的词法、语法\r\n首先，我要说明，词法语法很重要，这是程序能运行的基础，但是在刚开始学习的时候，不要过分的纠结于这些细节，要把主要的精力放在语言本身特性上，如果是新手，还要注意学习算法和数据结构。\r\n\r\n举个简单的例子，C++本身的特性相当复杂（看看标准手册就知道了），号称最难的语言。如果我们有了C语言的基础了，再学习C++的话，最好不要直接看那么复杂的手册。其实应该C++的基本特性入手（我不是C++高手，不当的地方还请包含）：C++相比于C语言，最核心的是扩展了面向对象部分和泛型编程（包括STL）部分（先不考虑C++11以及以后的版本），因此我们在学习的时候，先把这两个基本点弄清楚。或者说，这两个点的基本用法先弄明白，搞清楚怎么回事后，在一步步地深入拓展下去；而不是每天都看标准手册，我估计那样正常人都会GG。。拓展的时候也是，每个点都要边学边练的策略，由浅入深。我之前踩的坑是刚开始就像搞明白所有的东西，结果最后搞得身心疲惫，以至于很难学精，而且丢了兴趣。\r\n\r\n同样的例子，如果由C++转Java，我们需要了解Java语言的基本特性是什么。先不考虑JVM的情况下，主要的区别有两大点：面向对象的部分和自动垃圾回收的部分（包括指针引用之类的）。掌握了基本特性，在一步步地去解决，不仅效率高，而且不会丢失兴趣。\r\n\r\n学习编程不要钻牛角尖，编程最终目的是为了解决问题（需求）\r\n我遇到过很多同学，包括之前的我在内，总是容易钻牛角尖。比如说，将来是要做后台的，那么前端的东西一点都不碰；或者说，我认为Linux才是一个合格开发者必备的工具，用Windows显得很菜（可能一般是是服务端同学这么想）；又或者说，大佬们都用vim or Emacs，用IDE显得没有那么Geek等等。这样类似的问题有很多，我个人把它们归结为钻牛角尖。其实，现在来看，这种想法是很幼稚的，连基本的东西都搞不明白，就一味地追求所谓地“高手地配置”，没什么卵用；而且，只要能高效地解决问题，就不要管那些是否是“Geek”的东西，编程的本质是为了解决问题（需求）\r\n\r\n要合理分配学习的重心，搞明白问题的轻重缓急，以需求为导向\r\n现在，各种新技术层出不穷，令人眼花缭乱，别说是新手了，就是有一定编程经验同学，也会纠结各种各样问题。但是，以我现在的观点来看，造成这种现象的一个很重要的原因是，我们没能搞明白自己的真正需求。技术总是学不完的，如果再像 应试教育那样，非要搞明白每个知识点，那么肯定完不成任务，正确的做法是先弄明白自己到底要干什么，然后再去搜集有关的资料等，最后确定解决问题的大体步骤，然后根据步骤来有计划地、分部分地学习。很多时候，编程学习需要不求甚解，这是和应试教育最大区别，也是我们最需要克服的障碍之一。\r\n\r\n多向他人请教，多与别人交流，保持一个谦卑的心态\r\n“程序员是最骄傲的一个群体”，这话不是没有道理的。甚至可以说相当一部分的程序员，都想要证明自己的牛×高明之处，总是有想要证明自己比别人聪明、比别人强，总要成为整个项目的最最最核心的人物，总是有强烈的个人英雄主义情结。我承认，曾经的我也是这样的，后来接触的人和事情多了以后，我也一直在反思自己的不足之处，我也一直在努力地克服自己的缺点。\r\n\r\n《商业的本质》一书有一句很经典的话：“商业的本质是一个团体活动”。我个人十分赞同这句话，我们在IT界，先排除那些纯粹公益性质的开源项目，我们中的绝大多数人编程是为了做商业性质项目来获取收入的。那么，我们从事的活动本质上也是一个商业活动，那么也就是团体活动了。而上述的行为，是非常“反团体”的，这种行为肯定会对真个项目组造成极为恶劣的影响。\r\n\r\n人都有有自己的个性，但是不能把这个作为一些坏毛病的借口，所谓“人不可以有傲气，但不可无傲骨”。我们要学会欣赏并学习周围同学（同事）有点和长处，多和他们交流，取长补短，真正地去发挥团队的力量。要记住一句话：别人总是有地方比自己聪明的。\r\n\r\n别和自己较劲\r\n这一点和别钻牛角尖类似，在这里单独拿出来，是为了再次强调。很多人遇到问题总是想自己去解决，总是认为参考别人的思路或者代码就显得自己很low，非要和自己较劲。其实才是这是一种非常low的想法，编程本身是一个思想活动，而思想最重要的还是交流，思想交流的价值不言而喻。因此，如果有自己确实解决不了的问题，应该及时向搜索引擎或者懂的人请教，这没什么，重要的是解决问题和学习新的思路与方法。\r\n\r\n多读多写代码\r\n编程和写作有很多类似的地方，都是一个将思维反映在“纸面”上的活动，不过写作是一个比较“模糊”的映射，而编程需要一个精确的“映射”。成为一个优秀的作家，巨大的阅读量是一个先决条件；同时，只看不写也永远成不了作家。编程也是同理，要多看别人写的“文章”，同时也要自己不断练习，只有这样，才有机会成为dalao。', '2', '1', '1', '1', '124', '12', '2018-07-25 15:47:34', '2019-01-03 13:13:33', '2019-01-03 13:13:32');
INSERT INTO `f_forum` VALUES ('15', '【发帖人必看】牛客网发帖规范说明及要求||附加精申请通道', '一些总结\r\n以下是我个人对于怎样学习的一些总结，这结合了我的一些经历，尤其是各种坑。希望可以对各位有所启发吧。可能这更适合新手。\r\n\r\n下面不是按照重要性来的，，别误会了。。。。\r\n\r\n摒弃完美主义\r\n编程中的“完美主义”是非常致命的。举个简单的例子，我们要学习某个技术，并把它应用到实际开发中。如果是以前的我，那么我可能会把与该技术有关的书都借来，然后研读每个细节，直到所有的点都弄明白，然后再动手尝试着去开发。其实这就是一种所谓的“完美主义”，绝大多数起因于我们之前的应试教育的阴影。正确的做法应该是尝试着去做，边学边做，这样才可以更加高效的学习，而且可以满足项目的进度。之前的方式，不仅影响进度，而且会让我们迷失在细节的汪洋大海中，失去兴趣。学中做、做中学。\r\n\r\n想清楚了立马就去做，不要瞻前顾后\r\n之前，我在学习某个技术的时候，一直在想这个东西有没有用，学了可以干什么。总是在纠结这种问题，很难全身心的投入到学习中；而且，纠结的时间，就几乎可以入门某个技术了。更要命的是，我们的知识体系不够，或者说是我们不了解整个知识框架，才有这种幼稚的想法。其实多学习一些技术，在很多时候可以拓宽我们的知识面，虽然很多东西会忘记，但是一些基本思路和基本方法都会有较深地印象，一些资深架构师、技术专家和项目负责人等，都有很广阔的知识体系。\r\n\r\n学习编程的核心是学习思路和特性，而不是所谓的词法、语法\r\n首先，我要说明，词法语法很重要，这是程序能运行的基础，但是在刚开始学习的时候，不要过分的纠结于这些细节，要把主要的精力放在语言本身特性上，如果是新手，还要注意学习算法和数据结构。\r\n\r\n举个简单的例子，C++本身的特性相当复杂（看看标准手册就知道了），号称最难的语言。如果我们有了C语言的基础了，再学习C++的话，最好不要直接看那么复杂的手册。其实应该C++的基本特性入手（我不是C++高手，不当的地方还请包含）：C++相比于C语言，最核心的是扩展了面向对象部分和泛型编程（包括STL）部分（先不考虑C++11以及以后的版本），因此我们在学习的时候，先把这两个基本点弄清楚。或者说，这两个点的基本用法先弄明白，搞清楚怎么回事后，在一步步地深入拓展下去；而不是每天都看标准手册，我估计那样正常人都会GG。。拓展的时候也是，每个点都要边学边练的策略，由浅入深。我之前踩的坑是刚开始就像搞明白所有的东西，结果最后搞得身心疲惫，以至于很难学精，而且丢了兴趣。\r\n\r\n同样的例子，如果由C++转Java，我们需要了解Java语言的基本特性是什么。先不考虑JVM的情况下，主要的区别有两大点：面向对象的部分和自动垃圾回收的部分（包括指针引用之类的）。掌握了基本特性，在一步步地去解决，不仅效率高，而且不会丢失兴趣。\r\n\r\n学习编程不要钻牛角尖，编程最终目的是为了解决问题（需求）\r\n我遇到过很多同学，包括之前的我在内，总是容易钻牛角尖。比如说，将来是要做后台的，那么前端的东西一点都不碰；或者说，我认为Linux才是一个合格开发者必备的工具，用Windows显得很菜（可能一般是是服务端同学这么想）；又或者说，大佬们都用vim or Emacs，用IDE显得没有那么Geek等等。这样类似的问题有很多，我个人把它们归结为钻牛角尖。其实，现在来看，这种想法是很幼稚的，连基本的东西都搞不明白，就一味地追求所谓地“高手地配置”，没什么卵用；而且，只要能高效地解决问题，就不要管那些是否是“Geek”的东西，编程的本质是为了解决问题（需求）\r\n\r\n要合理分配学习的重心，搞明白问题的轻重缓急，以需求为导向\r\n现在，各种新技术层出不穷，令人眼花缭乱，别说是新手了，就是有一定编程经验同学，也会纠结各种各样问题。但是，以我现在的观点来看，造成这种现象的一个很重要的原因是，我们没能搞明白自己的真正需求。技术总是学不完的，如果再像 应试教育那样，非要搞明白每个知识点，那么肯定完不成任务，正确的做法是先弄明白自己到底要干什么，然后再去搜集有关的资料等，最后确定解决问题的大体步骤，然后根据步骤来有计划地、分部分地学习。很多时候，编程学习需要不求甚解，这是和应试教育最大区别，也是我们最需要克服的障碍之一。\r\n\r\n多向他人请教，多与别人交流，保持一个谦卑的心态\r\n“程序员是最骄傲的一个群体”，这话不是没有道理的。甚至可以说相当一部分的程序员，都想要证明自己的牛×高明之处，总是有想要证明自己比别人聪明、比别人强，总要成为整个项目的最最最核心的人物，总是有强烈的个人英雄主义情结。我承认，曾经的我也是这样的，后来接触的人和事情多了以后，我也一直在反思自己的不足之处，我也一直在努力地克服自己的缺点。\r\n\r\n《商业的本质》一书有一句很经典的话：“商业的本质是一个团体活动”。我个人十分赞同这句话，我们在IT界，先排除那些纯粹公益性质的开源项目，我们中的绝大多数人编程是为了做商业性质项目来获取收入的。那么，我们从事的活动本质上也是一个商业活动，那么也就是团体活动了。而上述的行为，是非常“反团体”的，这种行为肯定会对真个项目组造成极为恶劣的影响。\r\n\r\n人都有有自己的个性，但是不能把这个作为一些坏毛病的借口，所谓“人不可以有傲气，但不可无傲骨”。我们要学会欣赏并学习周围同学（同事）有点和长处，多和他们交流，取长补短，真正地去发挥团队的力量。要记住一句话：别人总是有地方比自己聪明的。\r\n\r\n别和自己较劲\r\n这一点和别钻牛角尖类似，在这里单独拿出来，是为了再次强调。很多人遇到问题总是想自己去解决，总是认为参考别人的思路或者代码就显得自己很low，非要和自己较劲。其实才是这是一种非常low的想法，编程本身是一个思想活动，而思想最重要的还是交流，思想交流的价值不言而喻。因此，如果有自己确实解决不了的问题，应该及时向搜索引擎或者懂的人请教，这没什么，重要的是解决问题和学习新的思路与方法。\r\n\r\n多读多写代码\r\n编程和写作有很多类似的地方，都是一个将思维反映在“纸面”上的活动，不过写作是一个比较“模糊”的映射，而编程需要一个精确的“映射”。成为一个优秀的作家，巨大的阅读量是一个先决条件；同时，只看不写也永远成不了作家。编程也是同理，要多看别人写的“文章”，同时也要自己不断练习，只有这样，才有机会成为dalao。', '4', '1', '1', '1', '123', '12', '2018-07-25 15:47:34', '2018-11-25 15:47:49', '2018-12-25 09:57:19');
INSERT INTO `f_forum` VALUES ('16', '【发帖人必看】牛客网发帖规明及要求||附加精申请通道', '一些总结\r\n以下是我个人对于怎样学习的一些总结，这结合了我的一些经历，尤其是各种坑。希望可以对各位有所启发吧。可能这更适合新手。\r\n\r\n下面不是按照重要性来的，，别误会了。。。。\r\n\r\n摒弃完美主义\r\n编程中的“完美主义”是非常致命的。举个简单的例子，我们要学习某个技术，并把它应用到实际开发中。如果是以前的我，那么我可能会把与该技术有关的书都借来，然后研读每个细节，直到所有的点都弄明白，然后再动手尝试着去开发。其实这就是一种所谓的“完美主义”，绝大多数起因于我们之前的应试教育的阴影。正确的做法应该是尝试着去做，边学边做，这样才可以更加高效的学习，而且可以满足项目的进度。之前的方式，不仅影响进度，而且会让我们迷失在细节的汪洋大海中，失去兴趣。学中做、做中学。\r\n\r\n想清楚了立马就去做，不要瞻前顾后\r\n之前，我在学习某个技术的时候，一直在想这个东西有没有用，学了可以干什么。总是在纠结这种问题，很难全身心的投入到学习中；而且，纠结的时间，就几乎可以入门某个技术了。更要命的是，我们的知识体系不够，或者说是我们不了解整个知识框架，才有这种幼稚的想法。其实多学习一些技术，在很多时候可以拓宽我们的知识面，虽然很多东西会忘记，但是一些基本思路和基本方法都会有较深地印象，一些资深架构师、技术专家和项目负责人等，都有很广阔的知识体系。\r\n\r\n学习编程的核心是学习思路和特性，而不是所谓的词法、语法\r\n首先，我要说明，词法语法很重要，这是程序能运行的基础，但是在刚开始学习的时候，不要过分的纠结于这些细节，要把主要的精力放在语言本身特性上，如果是新手，还要注意学习算法和数据结构。\r\n\r\n举个简单的例子，C++本身的特性相当复杂（看看标准手册就知道了），号称最难的语言。如果我们有了C语言的基础了，再学习C++的话，最好不要直接看那么复杂的手册。其实应该C++的基本特性入手（我不是C++高手，不当的地方还请包含）：C++相比于C语言，最核心的是扩展了面向对象部分和泛型编程（包括STL）部分（先不考虑C++11以及以后的版本），因此我们在学习的时候，先把这两个基本点弄清楚。或者说，这两个点的基本用法先弄明白，搞清楚怎么回事后，在一步步地深入拓展下去；而不是每天都看标准手册，我估计那样正常人都会GG。。拓展的时候也是，每个点都要边学边练的策略，由浅入深。我之前踩的坑是刚开始就像搞明白所有的东西，结果最后搞得身心疲惫，以至于很难学精，而且丢了兴趣。\r\n\r\n同样的例子，如果由C++转Java，我们需要了解Java语言的基本特性是什么。先不考虑JVM的情况下，主要的区别有两大点：面向对象的部分和自动垃圾回收的部分（包括指针引用之类的）。掌握了基本特性，在一步步地去解决，不仅效率高，而且不会丢失兴趣。\r\n\r\n学习编程不要钻牛角尖，编程最终目的是为了解决问题（需求）\r\n我遇到过很多同学，包括之前的我在内，总是容易钻牛角尖。比如说，将来是要做后台的，那么前端的东西一点都不碰；或者说，我认为Linux才是一个合格开发者必备的工具，用Windows显得很菜（可能一般是是服务端同学这么想）；又或者说，大佬们都用vim or Emacs，用IDE显得没有那么Geek等等。这样类似的问题有很多，我个人把它们归结为钻牛角尖。其实，现在来看，这种想法是很幼稚的，连基本的东西都搞不明白，就一味地追求所谓地“高手地配置”，没什么卵用；而且，只要能高效地解决问题，就不要管那些是否是“Geek”的东西，编程的本质是为了解决问题（需求）\r\n\r\n要合理分配学习的重心，搞明白问题的轻重缓急，以需求为导向\r\n现在，各种新技术层出不穷，令人眼花缭乱，别说是新手了，就是有一定编程经验同学，也会纠结各种各样问题。但是，以我现在的观点来看，造成这种现象的一个很重要的原因是，我们没能搞明白自己的真正需求。技术总是学不完的，如果再像 应试教育那样，非要搞明白每个知识点，那么肯定完不成任务，正确的做法是先弄明白自己到底要干什么，然后再去搜集有关的资料等，最后确定解决问题的大体步骤，然后根据步骤来有计划地、分部分地学习。很多时候，编程学习需要不求甚解，这是和应试教育最大区别，也是我们最需要克服的障碍之一。\r\n\r\n多向他人请教，多与别人交流，保持一个谦卑的心态\r\n“程序员是最骄傲的一个群体”，这话不是没有道理的。甚至可以说相当一部分的程序员，都想要证明自己的牛×高明之处，总是有想要证明自己比别人聪明、比别人强，总要成为整个项目的最最最核心的人物，总是有强烈的个人英雄主义情结。我承认，曾经的我也是这样的，后来接触的人和事情多了以后，我也一直在反思自己的不足之处，我也一直在努力地克服自己的缺点。\r\n\r\n《商业的本质》一书有一句很经典的话：“商业的本质是一个团体活动”。我个人十分赞同这句话，我们在IT界，先排除那些纯粹公益性质的开源项目，我们中的绝大多数人编程是为了做商业性质项目来获取收入的。那么，我们从事的活动本质上也是一个商业活动，那么也就是团体活动了。而上述的行为，是非常“反团体”的，这种行为肯定会对真个项目组造成极为恶劣的影响。\r\n\r\n人都有有自己的个性，但是不能把这个作为一些坏毛病的借口，所谓“人不可以有傲气，但不可无傲骨”。我们要学会欣赏并学习周围同学（同事）有点和长处，多和他们交流，取长补短，真正地去发挥团队的力量。要记住一句话：别人总是有地方比自己聪明的。\r\n\r\n别和自己较劲\r\n这一点和别钻牛角尖类似，在这里单独拿出来，是为了再次强调。很多人遇到问题总是想自己去解决，总是认为参考别人的思路或者代码就显得自己很low，非要和自己较劲。其实才是这是一种非常low的想法，编程本身是一个思想活动，而思想最重要的还是交流，思想交流的价值不言而喻。因此，如果有自己确实解决不了的问题，应该及时向搜索引擎或者懂的人请教，这没什么，重要的是解决问题和学习新的思路与方法。\r\n\r\n多读多写代码\r\n编程和写作有很多类似的地方，都是一个将思维反映在“纸面”上的活动，不过写作是一个比较“模糊”的映射，而编程需要一个精确的“映射”。成为一个优秀的作家，巨大的阅读量是一个先决条件；同时，只看不写也永远成不了作家。编程也是同理，要多看别人写的“文章”，同时也要自己不断练习，只有这样，才有机会成为dalao。', '7', '1', '1', '1', '123', '12', '2018-07-25 15:47:34', '2018-11-25 15:47:49', '2018-12-25 09:57:19');
INSERT INTO `f_forum` VALUES ('17', '【发帖必看】牛客网发帖规范说明及要求||附加精申请通道', '一些总结\r\n以下是我个人对于怎样学习的一些总结，这结合了我的一些经历，尤其是各种坑。希望可以对各位有所启发吧。可能这更适合新手。\r\n\r\n下面不是按照重要性来的，，别误会了。。。。\r\n\r\n摒弃完美主义\r\n编程中的“完美主义”是非常致命的。举个简单的例子，我们要学习某个技术，并把它应用到实际开发中。如果是以前的我，那么我可能会把与该技术有关的书都借来，然后研读每个细节，直到所有的点都弄明白，然后再动手尝试着去开发。其实这就是一种所谓的“完美主义”，绝大多数起因于我们之前的应试教育的阴影。正确的做法应该是尝试着去做，边学边做，这样才可以更加高效的学习，而且可以满足项目的进度。之前的方式，不仅影响进度，而且会让我们迷失在细节的汪洋大海中，失去兴趣。学中做、做中学。\r\n\r\n想清楚了立马就去做，不要瞻前顾后\r\n之前，我在学习某个技术的时候，一直在想这个东西有没有用，学了可以干什么。总是在纠结这种问题，很难全身心的投入到学习中；而且，纠结的时间，就几乎可以入门某个技术了。更要命的是，我们的知识体系不够，或者说是我们不了解整个知识框架，才有这种幼稚的想法。其实多学习一些技术，在很多时候可以拓宽我们的知识面，虽然很多东西会忘记，但是一些基本思路和基本方法都会有较深地印象，一些资深架构师、技术专家和项目负责人等，都有很广阔的知识体系。\r\n\r\n学习编程的核心是学习思路和特性，而不是所谓的词法、语法\r\n首先，我要说明，词法语法很重要，这是程序能运行的基础，但是在刚开始学习的时候，不要过分的纠结于这些细节，要把主要的精力放在语言本身特性上，如果是新手，还要注意学习算法和数据结构。\r\n\r\n举个简单的例子，C++本身的特性相当复杂（看看标准手册就知道了），号称最难的语言。如果我们有了C语言的基础了，再学习C++的话，最好不要直接看那么复杂的手册。其实应该C++的基本特性入手（我不是C++高手，不当的地方还请包含）：C++相比于C语言，最核心的是扩展了面向对象部分和泛型编程（包括STL）部分（先不考虑C++11以及以后的版本），因此我们在学习的时候，先把这两个基本点弄清楚。或者说，这两个点的基本用法先弄明白，搞清楚怎么回事后，在一步步地深入拓展下去；而不是每天都看标准手册，我估计那样正常人都会GG。。拓展的时候也是，每个点都要边学边练的策略，由浅入深。我之前踩的坑是刚开始就像搞明白所有的东西，结果最后搞得身心疲惫，以至于很难学精，而且丢了兴趣。\r\n\r\n同样的例子，如果由C++转Java，我们需要了解Java语言的基本特性是什么。先不考虑JVM的情况下，主要的区别有两大点：面向对象的部分和自动垃圾回收的部分（包括指针引用之类的）。掌握了基本特性，在一步步地去解决，不仅效率高，而且不会丢失兴趣。\r\n\r\n学习编程不要钻牛角尖，编程最终目的是为了解决问题（需求）\r\n我遇到过很多同学，包括之前的我在内，总是容易钻牛角尖。比如说，将来是要做后台的，那么前端的东西一点都不碰；或者说，我认为Linux才是一个合格开发者必备的工具，用Windows显得很菜（可能一般是是服务端同学这么想）；又或者说，大佬们都用vim or Emacs，用IDE显得没有那么Geek等等。这样类似的问题有很多，我个人把它们归结为钻牛角尖。其实，现在来看，这种想法是很幼稚的，连基本的东西都搞不明白，就一味地追求所谓地“高手地配置”，没什么卵用；而且，只要能高效地解决问题，就不要管那些是否是“Geek”的东西，编程的本质是为了解决问题（需求）\r\n\r\n要合理分配学习的重心，搞明白问题的轻重缓急，以需求为导向\r\n现在，各种新技术层出不穷，令人眼花缭乱，别说是新手了，就是有一定编程经验同学，也会纠结各种各样问题。但是，以我现在的观点来看，造成这种现象的一个很重要的原因是，我们没能搞明白自己的真正需求。技术总是学不完的，如果再像 应试教育那样，非要搞明白每个知识点，那么肯定完不成任务，正确的做法是先弄明白自己到底要干什么，然后再去搜集有关的资料等，最后确定解决问题的大体步骤，然后根据步骤来有计划地、分部分地学习。很多时候，编程学习需要不求甚解，这是和应试教育最大区别，也是我们最需要克服的障碍之一。\r\n\r\n多向他人请教，多与别人交流，保持一个谦卑的心态\r\n“程序员是最骄傲的一个群体”，这话不是没有道理的。甚至可以说相当一部分的程序员，都想要证明自己的牛×高明之处，总是有想要证明自己比别人聪明、比别人强，总要成为整个项目的最最最核心的人物，总是有强烈的个人英雄主义情结。我承认，曾经的我也是这样的，后来接触的人和事情多了以后，我也一直在反思自己的不足之处，我也一直在努力地克服自己的缺点。\r\n\r\n《商业的本质》一书有一句很经典的话：“商业的本质是一个团体活动”。我个人十分赞同这句话，我们在IT界，先排除那些纯粹公益性质的开源项目，我们中的绝大多数人编程是为了做商业性质项目来获取收入的。那么，我们从事的活动本质上也是一个商业活动，那么也就是团体活动了。而上述的行为，是非常“反团体”的，这种行为肯定会对真个项目组造成极为恶劣的影响。\r\n\r\n人都有有自己的个性，但是不能把这个作为一些坏毛病的借口，所谓“人不可以有傲气，但不可无傲骨”。我们要学会欣赏并学习周围同学（同事）有点和长处，多和他们交流，取长补短，真正地去发挥团队的力量。要记住一句话：别人总是有地方比自己聪明的。\r\n\r\n别和自己较劲\r\n这一点和别钻牛角尖类似，在这里单独拿出来，是为了再次强调。很多人遇到问题总是想自己去解决，总是认为参考别人的思路或者代码就显得自己很low，非要和自己较劲。其实才是这是一种非常low的想法，编程本身是一个思想活动，而思想最重要的还是交流，思想交流的价值不言而喻。因此，如果有自己确实解决不了的问题，应该及时向搜索引擎或者懂的人请教，这没什么，重要的是解决问题和学习新的思路与方法。\r\n\r\n多读多写代码\r\n编程和写作有很多类似的地方，都是一个将思维反映在“纸面”上的活动，不过写作是一个比较“模糊”的映射，而编程需要一个精确的“映射”。成为一个优秀的作家，巨大的阅读量是一个先决条件；同时，只看不写也永远成不了作家。编程也是同理，要多看别人写的“文章”，同时也要自己不断练习，只有这样，才有机会成为dalao。', '1', '1', '1', '1', '123', '12', '2018-07-25 15:47:34', '2018-11-25 15:47:49', '2018-12-25 09:57:19');
INSERT INTO `f_forum` VALUES ('18', '【发帖人必看】牛客网帖规范说明及要求||附加精申请通道', '一些总结\r\n以下是我个人对于怎样学习的一些总结，这结合了我的一些经历，尤其是各种坑。希望可以对各位有所启发吧。可能这更适合新手。\r\n\r\n下面不是按照重要性来的，，别误会了。。。。\r\n\r\n摒弃完美主义\r\n编程中的“完美主义”是非常致命的。举个简单的例子，我们要学习某个技术，并把它应用到实际开发中。如果是以前的我，那么我可能会把与该技术有关的书都借来，然后研读每个细节，直到所有的点都弄明白，然后再动手尝试着去开发。其实这就是一种所谓的“完美主义”，绝大多数起因于我们之前的应试教育的阴影。正确的做法应该是尝试着去做，边学边做，这样才可以更加高效的学习，而且可以满足项目的进度。之前的方式，不仅影响进度，而且会让我们迷失在细节的汪洋大海中，失去兴趣。学中做、做中学。\r\n\r\n想清楚了立马就去做，不要瞻前顾后\r\n之前，我在学习某个技术的时候，一直在想这个东西有没有用，学了可以干什么。总是在纠结这种问题，很难全身心的投入到学习中；而且，纠结的时间，就几乎可以入门某个技术了。更要命的是，我们的知识体系不够，或者说是我们不了解整个知识框架，才有这种幼稚的想法。其实多学习一些技术，在很多时候可以拓宽我们的知识面，虽然很多东西会忘记，但是一些基本思路和基本方法都会有较深地印象，一些资深架构师、技术专家和项目负责人等，都有很广阔的知识体系。\r\n\r\n学习编程的核心是学习思路和特性，而不是所谓的词法、语法\r\n首先，我要说明，词法语法很重要，这是程序能运行的基础，但是在刚开始学习的时候，不要过分的纠结于这些细节，要把主要的精力放在语言本身特性上，如果是新手，还要注意学习算法和数据结构。\r\n\r\n举个简单的例子，C++本身的特性相当复杂（看看标准手册就知道了），号称最难的语言。如果我们有了C语言的基础了，再学习C++的话，最好不要直接看那么复杂的手册。其实应该C++的基本特性入手（我不是C++高手，不当的地方还请包含）：C++相比于C语言，最核心的是扩展了面向对象部分和泛型编程（包括STL）部分（先不考虑C++11以及以后的版本），因此我们在学习的时候，先把这两个基本点弄清楚。或者说，这两个点的基本用法先弄明白，搞清楚怎么回事后，在一步步地深入拓展下去；而不是每天都看标准手册，我估计那样正常人都会GG。。拓展的时候也是，每个点都要边学边练的策略，由浅入深。我之前踩的坑是刚开始就像搞明白所有的东西，结果最后搞得身心疲惫，以至于很难学精，而且丢了兴趣。\r\n\r\n同样的例子，如果由C++转Java，我们需要了解Java语言的基本特性是什么。先不考虑JVM的情况下，主要的区别有两大点：面向对象的部分和自动垃圾回收的部分（包括指针引用之类的）。掌握了基本特性，在一步步地去解决，不仅效率高，而且不会丢失兴趣。\r\n\r\n学习编程不要钻牛角尖，编程最终目的是为了解决问题（需求）\r\n我遇到过很多同学，包括之前的我在内，总是容易钻牛角尖。比如说，将来是要做后台的，那么前端的东西一点都不碰；或者说，我认为Linux才是一个合格开发者必备的工具，用Windows显得很菜（可能一般是是服务端同学这么想）；又或者说，大佬们都用vim or Emacs，用IDE显得没有那么Geek等等。这样类似的问题有很多，我个人把它们归结为钻牛角尖。其实，现在来看，这种想法是很幼稚的，连基本的东西都搞不明白，就一味地追求所谓地“高手地配置”，没什么卵用；而且，只要能高效地解决问题，就不要管那些是否是“Geek”的东西，编程的本质是为了解决问题（需求）\r\n\r\n要合理分配学习的重心，搞明白问题的轻重缓急，以需求为导向\r\n现在，各种新技术层出不穷，令人眼花缭乱，别说是新手了，就是有一定编程经验同学，也会纠结各种各样问题。但是，以我现在的观点来看，造成这种现象的一个很重要的原因是，我们没能搞明白自己的真正需求。技术总是学不完的，如果再像 应试教育那样，非要搞明白每个知识点，那么肯定完不成任务，正确的做法是先弄明白自己到底要干什么，然后再去搜集有关的资料等，最后确定解决问题的大体步骤，然后根据步骤来有计划地、分部分地学习。很多时候，编程学习需要不求甚解，这是和应试教育最大区别，也是我们最需要克服的障碍之一。\r\n\r\n多向他人请教，多与别人交流，保持一个谦卑的心态\r\n“程序员是最骄傲的一个群体”，这话不是没有道理的。甚至可以说相当一部分的程序员，都想要证明自己的牛×高明之处，总是有想要证明自己比别人聪明、比别人强，总要成为整个项目的最最最核心的人物，总是有强烈的个人英雄主义情结。我承认，曾经的我也是这样的，后来接触的人和事情多了以后，我也一直在反思自己的不足之处，我也一直在努力地克服自己的缺点。\r\n\r\n《商业的本质》一书有一句很经典的话：“商业的本质是一个团体活动”。我个人十分赞同这句话，我们在IT界，先排除那些纯粹公益性质的开源项目，我们中的绝大多数人编程是为了做商业性质项目来获取收入的。那么，我们从事的活动本质上也是一个商业活动，那么也就是团体活动了。而上述的行为，是非常“反团体”的，这种行为肯定会对真个项目组造成极为恶劣的影响。\r\n\r\n人都有有自己的个性，但是不能把这个作为一些坏毛病的借口，所谓“人不可以有傲气，但不可无傲骨”。我们要学会欣赏并学习周围同学（同事）有点和长处，多和他们交流，取长补短，真正地去发挥团队的力量。要记住一句话：别人总是有地方比自己聪明的。\r\n\r\n别和自己较劲\r\n这一点和别钻牛角尖类似，在这里单独拿出来，是为了再次强调。很多人遇到问题总是想自己去解决，总是认为参考别人的思路或者代码就显得自己很low，非要和自己较劲。其实才是这是一种非常low的想法，编程本身是一个思想活动，而思想最重要的还是交流，思想交流的价值不言而喻。因此，如果有自己确实解决不了的问题，应该及时向搜索引擎或者懂的人请教，这没什么，重要的是解决问题和学习新的思路与方法。\r\n\r\n多读多写代码\r\n编程和写作有很多类似的地方，都是一个将思维反映在“纸面”上的活动，不过写作是一个比较“模糊”的映射，而编程需要一个精确的“映射”。成为一个优秀的作家，巨大的阅读量是一个先决条件；同时，只看不写也永远成不了作家。编程也是同理，要多看别人写的“文章”，同时也要自己不断练习，只有这样，才有机会成为dalao。', '2', '2', '1', '1', '123', '12', '2018-07-25 15:47:34', '2018-11-25 15:47:49', '2018-12-25 09:57:19');
INSERT INTO `f_forum` VALUES ('19', '【发帖必看】牛客网发帖范说明及要求||附加精申请通道', '一些总结\r\n以下是我个人对于怎样学习的一些总结，这结合了我的一些经历，尤其是各种坑。希望可以对各位有所启发吧。可能这更适合新手。\r\n\r\n下面不是按照重要性来的，，别误会了。。。。\r\n\r\n摒弃完美主义\r\n编程中的“完美主义”是非常致命的。举个简单的例子，我们要学习某个技术，并把它应用到实际开发中。如果是以前的我，那么我可能会把与该技术有关的书都借来，然后研读每个细节，直到所有的点都弄明白，然后再动手尝试着去开发。其实这就是一种所谓的“完美主义”，绝大多数起因于我们之前的应试教育的阴影。正确的做法应该是尝试着去做，边学边做，这样才可以更加高效的学习，而且可以满足项目的进度。之前的方式，不仅影响进度，而且会让我们迷失在细节的汪洋大海中，失去兴趣。学中做、做中学。\r\n\r\n想清楚了立马就去做，不要瞻前顾后\r\n之前，我在学习某个技术的时候，一直在想这个东西有没有用，学了可以干什么。总是在纠结这种问题，很难全身心的投入到学习中；而且，纠结的时间，就几乎可以入门某个技术了。更要命的是，我们的知识体系不够，或者说是我们不了解整个知识框架，才有这种幼稚的想法。其实多学习一些技术，在很多时候可以拓宽我们的知识面，虽然很多东西会忘记，但是一些基本思路和基本方法都会有较深地印象，一些资深架构师、技术专家和项目负责人等，都有很广阔的知识体系。\r\n\r\n学习编程的核心是学习思路和特性，而不是所谓的词法、语法\r\n首先，我要说明，词法语法很重要，这是程序能运行的基础，但是在刚开始学习的时候，不要过分的纠结于这些细节，要把主要的精力放在语言本身特性上，如果是新手，还要注意学习算法和数据结构。\r\n\r\n举个简单的例子，C++本身的特性相当复杂（看看标准手册就知道了），号称最难的语言。如果我们有了C语言的基础了，再学习C++的话，最好不要直接看那么复杂的手册。其实应该C++的基本特性入手（我不是C++高手，不当的地方还请包含）：C++相比于C语言，最核心的是扩展了面向对象部分和泛型编程（包括STL）部分（先不考虑C++11以及以后的版本），因此我们在学习的时候，先把这两个基本点弄清楚。或者说，这两个点的基本用法先弄明白，搞清楚怎么回事后，在一步步地深入拓展下去；而不是每天都看标准手册，我估计那样正常人都会GG。。拓展的时候也是，每个点都要边学边练的策略，由浅入深。我之前踩的坑是刚开始就像搞明白所有的东西，结果最后搞得身心疲惫，以至于很难学精，而且丢了兴趣。\r\n\r\n同样的例子，如果由C++转Java，我们需要了解Java语言的基本特性是什么。先不考虑JVM的情况下，主要的区别有两大点：面向对象的部分和自动垃圾回收的部分（包括指针引用之类的）。掌握了基本特性，在一步步地去解决，不仅效率高，而且不会丢失兴趣。\r\n\r\n学习编程不要钻牛角尖，编程最终目的是为了解决问题（需求）\r\n我遇到过很多同学，包括之前的我在内，总是容易钻牛角尖。比如说，将来是要做后台的，那么前端的东西一点都不碰；或者说，我认为Linux才是一个合格开发者必备的工具，用Windows显得很菜（可能一般是是服务端同学这么想）；又或者说，大佬们都用vim or Emacs，用IDE显得没有那么Geek等等。这样类似的问题有很多，我个人把它们归结为钻牛角尖。其实，现在来看，这种想法是很幼稚的，连基本的东西都搞不明白，就一味地追求所谓地“高手地配置”，没什么卵用；而且，只要能高效地解决问题，就不要管那些是否是“Geek”的东西，编程的本质是为了解决问题（需求）\r\n\r\n要合理分配学习的重心，搞明白问题的轻重缓急，以需求为导向\r\n现在，各种新技术层出不穷，令人眼花缭乱，别说是新手了，就是有一定编程经验同学，也会纠结各种各样问题。但是，以我现在的观点来看，造成这种现象的一个很重要的原因是，我们没能搞明白自己的真正需求。技术总是学不完的，如果再像 应试教育那样，非要搞明白每个知识点，那么肯定完不成任务，正确的做法是先弄明白自己到底要干什么，然后再去搜集有关的资料等，最后确定解决问题的大体步骤，然后根据步骤来有计划地、分部分地学习。很多时候，编程学习需要不求甚解，这是和应试教育最大区别，也是我们最需要克服的障碍之一。\r\n\r\n多向他人请教，多与别人交流，保持一个谦卑的心态\r\n“程序员是最骄傲的一个群体”，这话不是没有道理的。甚至可以说相当一部分的程序员，都想要证明自己的牛×高明之处，总是有想要证明自己比别人聪明、比别人强，总要成为整个项目的最最最核心的人物，总是有强烈的个人英雄主义情结。我承认，曾经的我也是这样的，后来接触的人和事情多了以后，我也一直在反思自己的不足之处，我也一直在努力地克服自己的缺点。\r\n\r\n《商业的本质》一书有一句很经典的话：“商业的本质是一个团体活动”。我个人十分赞同这句话，我们在IT界，先排除那些纯粹公益性质的开源项目，我们中的绝大多数人编程是为了做商业性质项目来获取收入的。那么，我们从事的活动本质上也是一个商业活动，那么也就是团体活动了。而上述的行为，是非常“反团体”的，这种行为肯定会对真个项目组造成极为恶劣的影响。\r\n\r\n人都有有自己的个性，但是不能把这个作为一些坏毛病的借口，所谓“人不可以有傲气，但不可无傲骨”。我们要学会欣赏并学习周围同学（同事）有点和长处，多和他们交流，取长补短，真正地去发挥团队的力量。要记住一句话：别人总是有地方比自己聪明的。\r\n\r\n别和自己较劲\r\n这一点和别钻牛角尖类似，在这里单独拿出来，是为了再次强调。很多人遇到问题总是想自己去解决，总是认为参考别人的思路或者代码就显得自己很low，非要和自己较劲。其实才是这是一种非常low的想法，编程本身是一个思想活动，而思想最重要的还是交流，思想交流的价值不言而喻。因此，如果有自己确实解决不了的问题，应该及时向搜索引擎或者懂的人请教，这没什么，重要的是解决问题和学习新的思路与方法。\r\n\r\n多读多写代码\r\n编程和写作有很多类似的地方，都是一个将思维反映在“纸面”上的活动，不过写作是一个比较“模糊”的映射，而编程需要一个精确的“映射”。成为一个优秀的作家，巨大的阅读量是一个先决条件；同时，只看不写也永远成不了作家。编程也是同理，要多看别人写的“文章”，同时也要自己不断练习，只有这样，才有机会成为dalao。', '3', '1', '1', '1', '123', '12', '2018-07-25 15:47:34', '2018-11-25 15:47:49', '2018-12-25 09:57:19');
INSERT INTO `f_forum` VALUES ('20', '【发帖人必看】牛客网发帖规范说明及要求||附加精申请通道', ' 在HTML 4中 noshade 属性已废弃,HTML 4.01 Strict DTD 或 XHTML 1.0 Strict DTD 已不支持该属性，可以使用 CSS 替代。', '2', '1', '1', '1', '231', '23', '2018-07-25 15:47:34', '2018-11-25 15:47:49', '2018-12-25 09:57:19');
INSERT INTO `f_forum` VALUES ('21', '【发帖人必看】牛客网发帖规范说明及要求||附加精申请通道', '一些总结\r\n以下是我个人对于怎样学习的一些总结，这结合了我的一些经历，尤其是各种坑。希望可以对各位有所启发吧。可能这更适合新手。\r\n\r\n下面不是按照重要性来的，，别误会了。。。。\r\n\r\n摒弃完美主义\r\n编程中的“完美主义”是非常致命的。举个简单的例子，我们要学习某个技术，并把它应用到实际开发中。如果是以前的我，那么我可能会把与该技术有关的书都借来，然后研读每个细节，直到所有的点都弄明白，然后再动手尝试着去开发。其实这就是一种所谓的“完美主义”，绝大多数起因于我们之前的应试教育的阴影。正确的做法应该是尝试着去做，边学边做，这样才可以更加高效的学习，而且可以满足项目的进度。之前的方式，不仅影响进度，而且会让我们迷失在细节的汪洋大海中，失去兴趣。学中做、做中学。\r\n\r\n想清楚了立马就去做，不要瞻前顾后\r\n之前，我在学习某个技术的时候，一直在想这个东西有没有用，学了可以干什么。总是在纠结这种问题，很难全身心的投入到学习中；而且，纠结的时间，就几乎可以入门某个技术了。更要命的是，我们的知识体系不够，或者说是我们不了解整个知识框架，才有这种幼稚的想法。其实多学习一些技术，在很多时候可以拓宽我们的知识面，虽然很多东西会忘记，但是一些基本思路和基本方法都会有较深地印象，一些资深架构师、技术专家和项目负责人等，都有很广阔的知识体系。\r\n\r\n学习编程的核心是学习思路和特性，而不是所谓的词法、语法\r\n首先，我要说明，词法语法很重要，这是程序能运行的基础，但是在刚开始学习的时候，不要过分的纠结于这些细节，要把主要的精力放在语言本身特性上，如果是新手，还要注意学习算法和数据结构。\r\n\r\n举个简单的例子，C++本身的特性相当复杂（看看标准手册就知道了），号称最难的语言。如果我们有了C语言的基础了，再学习C++的话，最好不要直接看那么复杂的手册。其实应该C++的基本特性入手（我不是C++高手，不当的地方还请包含）：C++相比于C语言，最核心的是扩展了面向对象部分和泛型编程（包括STL）部分（先不考虑C++11以及以后的版本），因此我们在学习的时候，先把这两个基本点弄清楚。或者说，这两个点的基本用法先弄明白，搞清楚怎么回事后，在一步步地深入拓展下去；而不是每天都看标准手册，我估计那样正常人都会GG。。拓展的时候也是，每个点都要边学边练的策略，由浅入深。我之前踩的坑是刚开始就像搞明白所有的东西，结果最后搞得身心疲惫，以至于很难学精，而且丢了兴趣。\r\n\r\n同样的例子，如果由C++转Java，我们需要了解Java语言的基本特性是什么。先不考虑JVM的情况下，主要的区别有两大点：面向对象的部分和自动垃圾回收的部分（包括指针引用之类的）。掌握了基本特性，在一步步地去解决，不仅效率高，而且不会丢失兴趣。\r\n\r\n学习编程不要钻牛角尖，编程最终目的是为了解决问题（需求）\r\n我遇到过很多同学，包括之前的我在内，总是容易钻牛角尖。比如说，将来是要做后台的，那么前端的东西一点都不碰；或者说，我认为Linux才是一个合格开发者必备的工具，用Windows显得很菜（可能一般是是服务端同学这么想）；又或者说，大佬们都用vim or Emacs，用IDE显得没有那么Geek等等。这样类似的问题有很多，我个人把它们归结为钻牛角尖。其实，现在来看，这种想法是很幼稚的，连基本的东西都搞不明白，就一味地追求所谓地“高手地配置”，没什么卵用；而且，只要能高效地解决问题，就不要管那些是否是“Geek”的东西，编程的本质是为了解决问题（需求）\r\n\r\n要合理分配学习的重心，搞明白问题的轻重缓急，以需求为导向\r\n现在，各种新技术层出不穷，令人眼花缭乱，别说是新手了，就是有一定编程经验同学，也会纠结各种各样问题。但是，以我现在的观点来看，造成这种现象的一个很重要的原因是，我们没能搞明白自己的真正需求。技术总是学不完的，如果再像 应试教育那样，非要搞明白每个知识点，那么肯定完不成任务，正确的做法是先弄明白自己到底要干什么，然后再去搜集有关的资料等，最后确定解决问题的大体步骤，然后根据步骤来有计划地、分部分地学习。很多时候，编程学习需要不求甚解，这是和应试教育最大区别，也是我们最需要克服的障碍之一。\r\n\r\n多向他人请教，多与别人交流，保持一个谦卑的心态\r\n“程序员是最骄傲的一个群体”，这话不是没有道理的。甚至可以说相当一部分的程序员，都想要证明自己的牛×高明之处，总是有想要证明自己比别人聪明、比别人强，总要成为整个项目的最最最核心的人物，总是有强烈的个人英雄主义情结。我承认，曾经的我也是这样的，后来接触的人和事情多了以后，我也一直在反思自己的不足之处，我也一直在努力地克服自己的缺点。\r\n\r\n《商业的本质》一书有一句很经典的话：“商业的本质是一个团体活动”。我个人十分赞同这句话，我们在IT界，先排除那些纯粹公益性质的开源项目，我们中的绝大多数人编程是为了做商业性质项目来获取收入的。那么，我们从事的活动本质上也是一个商业活动，那么也就是团体活动了。而上述的行为，是非常“反团体”的，这种行为肯定会对真个项目组造成极为恶劣的影响。\r\n\r\n人都有有自己的个性，但是不能把这个作为一些坏毛病的借口，所谓“人不可以有傲气，但不可无傲骨”。我们要学会欣赏并学习周围同学（同事）有点和长处，多和他们交流，取长补短，真正地去发挥团队的力量。要记住一句话：别人总是有地方比自己聪明的。\r\n\r\n别和自己较劲\r\n这一点和别钻牛角尖类似，在这里单独拿出来，是为了再次强调。很多人遇到问题总是想自己去解决，总是认为参考别人的思路或者代码就显得自己很low，非要和自己较劲。其实才是这是一种非常low的想法，编程本身是一个思想活动，而思想最重要的还是交流，思想交流的价值不言而喻。因此，如果有自己确实解决不了的问题，应该及时向搜索引擎或者懂的人请教，这没什么，重要的是解决问题和学习新的思路与方法。\r\n\r\n多读多写代码\r\n编程和写作有很多类似的地方，都是一个将思维反映在“纸面”上的活动，不过写作是一个比较“模糊”的映射，而编程需要一个精确的“映射”。成为一个优秀的作家，巨大的阅读量是一个先决条件；同时，只看不写也永远成不了作家。编程也是同理，要多看别人写的“文章”，同时也要自己不断练习，只有这样，才有机会成为dalao。', '1', '1', '1', '1', '123', '12', '2018-07-25 15:47:34', '2018-11-25 15:47:49', '2018-12-25 09:57:19');
INSERT INTO `f_forum` VALUES ('22', '【发帖必看】牛客网发帖规范说明及要求||附加精申请通道', '一些总结\r\n以下是我个人对于怎样学习的一些总结，这结合了我的一些经历，尤其是各种坑。希望可以对各位有所启发吧。可能这更适合新手。\r\n\r\n下面不是按照重要性来的，，别误会了。。。。\r\n\r\n摒弃完美主义\r\n编程中的“完美主义”是非常致命的。举个简单的例子，我们要学习某个技术，并把它应用到实际开发中。如果是以前的我，那么我可能会把与该技术有关的书都借来，然后研读每个细节，直到所有的点都弄明白，然后再动手尝试着去开发。其实这就是一种所谓的“完美主义”，绝大多数起因于我们之前的应试教育的阴影。正确的做法应该是尝试着去做，边学边做，这样才可以更加高效的学习，而且可以满足项目的进度。之前的方式，不仅影响进度，而且会让我们迷失在细节的汪洋大海中，失去兴趣。学中做、做中学。\r\n\r\n想清楚了立马就去做，不要瞻前顾后\r\n之前，我在学习某个技术的时候，一直在想这个东西有没有用，学了可以干什么。总是在纠结这种问题，很难全身心的投入到学习中；而且，纠结的时间，就几乎可以入门某个技术了。更要命的是，我们的知识体系不够，或者说是我们不了解整个知识框架，才有这种幼稚的想法。其实多学习一些技术，在很多时候可以拓宽我们的知识面，虽然很多东西会忘记，但是一些基本思路和基本方法都会有较深地印象，一些资深架构师、技术专家和项目负责人等，都有很广阔的知识体系。\r\n\r\n学习编程的核心是学习思路和特性，而不是所谓的词法、语法\r\n首先，我要说明，词法语法很重要，这是程序能运行的基础，但是在刚开始学习的时候，不要过分的纠结于这些细节，要把主要的精力放在语言本身特性上，如果是新手，还要注意学习算法和数据结构。\r\n\r\n举个简单的例子，C++本身的特性相当复杂（看看标准手册就知道了），号称最难的语言。如果我们有了C语言的基础了，再学习C++的话，最好不要直接看那么复杂的手册。其实应该C++的基本特性入手（我不是C++高手，不当的地方还请包含）：C++相比于C语言，最核心的是扩展了面向对象部分和泛型编程（包括STL）部分（先不考虑C++11以及以后的版本），因此我们在学习的时候，先把这两个基本点弄清楚。或者说，这两个点的基本用法先弄明白，搞清楚怎么回事后，在一步步地深入拓展下去；而不是每天都看标准手册，我估计那样正常人都会GG。。拓展的时候也是，每个点都要边学边练的策略，由浅入深。我之前踩的坑是刚开始就像搞明白所有的东西，结果最后搞得身心疲惫，以至于很难学精，而且丢了兴趣。\r\n\r\n同样的例子，如果由C++转Java，我们需要了解Java语言的基本特性是什么。先不考虑JVM的情况下，主要的区别有两大点：面向对象的部分和自动垃圾回收的部分（包括指针引用之类的）。掌握了基本特性，在一步步地去解决，不仅效率高，而且不会丢失兴趣。\r\n\r\n学习编程不要钻牛角尖，编程最终目的是为了解决问题（需求）\r\n我遇到过很多同学，包括之前的我在内，总是容易钻牛角尖。比如说，将来是要做后台的，那么前端的东西一点都不碰；或者说，我认为Linux才是一个合格开发者必备的工具，用Windows显得很菜（可能一般是是服务端同学这么想）；又或者说，大佬们都用vim or Emacs，用IDE显得没有那么Geek等等。这样类似的问题有很多，我个人把它们归结为钻牛角尖。其实，现在来看，这种想法是很幼稚的，连基本的东西都搞不明白，就一味地追求所谓地“高手地配置”，没什么卵用；而且，只要能高效地解决问题，就不要管那些是否是“Geek”的东西，编程的本质是为了解决问题（需求）\r\n\r\n要合理分配学习的重心，搞明白问题的轻重缓急，以需求为导向\r\n现在，各种新技术层出不穷，令人眼花缭乱，别说是新手了，就是有一定编程经验同学，也会纠结各种各样问题。但是，以我现在的观点来看，造成这种现象的一个很重要的原因是，我们没能搞明白自己的真正需求。技术总是学不完的，如果再像 应试教育那样，非要搞明白每个知识点，那么肯定完不成任务，正确的做法是先弄明白自己到底要干什么，然后再去搜集有关的资料等，最后确定解决问题的大体步骤，然后根据步骤来有计划地、分部分地学习。很多时候，编程学习需要不求甚解，这是和应试教育最大区别，也是我们最需要克服的障碍之一。\r\n\r\n多向他人请教，多与别人交流，保持一个谦卑的心态\r\n“程序员是最骄傲的一个群体”，这话不是没有道理的。甚至可以说相当一部分的程序员，都想要证明自己的牛×高明之处，总是有想要证明自己比别人聪明、比别人强，总要成为整个项目的最最最核心的人物，总是有强烈的个人英雄主义情结。我承认，曾经的我也是这样的，后来接触的人和事情多了以后，我也一直在反思自己的不足之处，我也一直在努力地克服自己的缺点。\r\n\r\n《商业的本质》一书有一句很经典的话：“商业的本质是一个团体活动”。我个人十分赞同这句话，我们在IT界，先排除那些纯粹公益性质的开源项目，我们中的绝大多数人编程是为了做商业性质项目来获取收入的。那么，我们从事的活动本质上也是一个商业活动，那么也就是团体活动了。而上述的行为，是非常“反团体”的，这种行为肯定会对真个项目组造成极为恶劣的影响。\r\n\r\n人都有有自己的个性，但是不能把这个作为一些坏毛病的借口，所谓“人不可以有傲气，但不可无傲骨”。我们要学会欣赏并学习周围同学（同事）有点和长处，多和他们交流，取长补短，真正地去发挥团队的力量。要记住一句话：别人总是有地方比自己聪明的。\r\n\r\n别和自己较劲\r\n这一点和别钻牛角尖类似，在这里单独拿出来，是为了再次强调。很多人遇到问题总是想自己去解决，总是认为参考别人的思路或者代码就显得自己很low，非要和自己较劲。其实才是这是一种非常low的想法，编程本身是一个思想活动，而思想最重要的还是交流，思想交流的价值不言而喻。因此，如果有自己确实解决不了的问题，应该及时向搜索引擎或者懂的人请教，这没什么，重要的是解决问题和学习新的思路与方法。\r\n\r\n多读多写代码\r\n编程和写作有很多类似的地方，都是一个将思维反映在“纸面”上的活动，不过写作是一个比较“模糊”的映射，而编程需要一个精确的“映射”。成为一个优秀的作家，巨大的阅读量是一个先决条件；同时，只看不写也永远成不了作家。编程也是同理，要多看别人写的“文章”，同时也要自己不断练习，只有这样，才有机会成为dalao。', '2', '2', '1', '1', '123', '21', '2018-07-25 15:47:34', '2018-11-25 15:47:49', '2018-12-25 09:57:19');
INSERT INTO `f_forum` VALUES ('23', '【发帖必看】牛客网发范说明及要求||附加精申请通道', '一些总结\r\n以下是我个人对于怎样学习的一些总结，这结合了我的一些经历，尤其是各种坑。希望可以对各位有所启发吧。可能这更适合新手。\r\n\r\n下面不是按照重要性来的，，别误会了。。。。\r\n\r\n摒弃完美主义\r\n编程中的“完美主义”是非常致命的。举个简单的例子，我们要学习某个技术，并把它应用到实际开发中。如果是以前的我，那么我可能会把与该技术有关的书都借来，然后研读每个细节，直到所有的点都弄明白，然后再动手尝试着去开发。其实这就是一种所谓的“完美主义”，绝大多数起因于我们之前的应试教育的阴影。正确的做法应该是尝试着去做，边学边做，这样才可以更加高效的学习，而且可以满足项目的进度。之前的方式，不仅影响进度，而且会让我们迷失在细节的汪洋大海中，失去兴趣。学中做、做中学。\r\n\r\n想清楚了立马就去做，不要瞻前顾后\r\n之前，我在学习某个技术的时候，一直在想这个东西有没有用，学了可以干什么。总是在纠结这种问题，很难全身心的投入到学习中；而且，纠结的时间，就几乎可以入门某个技术了。更要命的是，我们的知识体系不够，或者说是我们不了解整个知识框架，才有这种幼稚的想法。其实多学习一些技术，在很多时候可以拓宽我们的知识面，虽然很多东西会忘记，但是一些基本思路和基本方法都会有较深地印象，一些资深架构师、技术专家和项目负责人等，都有很广阔的知识体系。\r\n\r\n学习编程的核心是学习思路和特性，而不是所谓的词法、语法\r\n首先，我要说明，词法语法很重要，这是程序能运行的基础，但是在刚开始学习的时候，不要过分的纠结于这些细节，要把主要的精力放在语言本身特性上，如果是新手，还要注意学习算法和数据结构。\r\n\r\n举个简单的例子，C++本身的特性相当复杂（看看标准手册就知道了），号称最难的语言。如果我们有了C语言的基础了，再学习C++的话，最好不要直接看那么复杂的手册。其实应该C++的基本特性入手（我不是C++高手，不当的地方还请包含）：C++相比于C语言，最核心的是扩展了面向对象部分和泛型编程（包括STL）部分（先不考虑C++11以及以后的版本），因此我们在学习的时候，先把这两个基本点弄清楚。或者说，这两个点的基本用法先弄明白，搞清楚怎么回事后，在一步步地深入拓展下去；而不是每天都看标准手册，我估计那样正常人都会GG。。拓展的时候也是，每个点都要边学边练的策略，由浅入深。我之前踩的坑是刚开始就像搞明白所有的东西，结果最后搞得身心疲惫，以至于很难学精，而且丢了兴趣。\r\n\r\n同样的例子，如果由C++转Java，我们需要了解Java语言的基本特性是什么。先不考虑JVM的情况下，主要的区别有两大点：面向对象的部分和自动垃圾回收的部分（包括指针引用之类的）。掌握了基本特性，在一步步地去解决，不仅效率高，而且不会丢失兴趣。\r\n\r\n学习编程不要钻牛角尖，编程最终目的是为了解决问题（需求）\r\n我遇到过很多同学，包括之前的我在内，总是容易钻牛角尖。比如说，将来是要做后台的，那么前端的东西一点都不碰；或者说，我认为Linux才是一个合格开发者必备的工具，用Windows显得很菜（可能一般是是服务端同学这么想）；又或者说，大佬们都用vim or Emacs，用IDE显得没有那么Geek等等。这样类似的问题有很多，我个人把它们归结为钻牛角尖。其实，现在来看，这种想法是很幼稚的，连基本的东西都搞不明白，就一味地追求所谓地“高手地配置”，没什么卵用；而且，只要能高效地解决问题，就不要管那些是否是“Geek”的东西，编程的本质是为了解决问题（需求）\r\n\r\n要合理分配学习的重心，搞明白问题的轻重缓急，以需求为导向\r\n现在，各种新技术层出不穷，令人眼花缭乱，别说是新手了，就是有一定编程经验同学，也会纠结各种各样问题。但是，以我现在的观点来看，造成这种现象的一个很重要的原因是，我们没能搞明白自己的真正需求。技术总是学不完的，如果再像 应试教育那样，非要搞明白每个知识点，那么肯定完不成任务，正确的做法是先弄明白自己到底要干什么，然后再去搜集有关的资料等，最后确定解决问题的大体步骤，然后根据步骤来有计划地、分部分地学习。很多时候，编程学习需要不求甚解，这是和应试教育最大区别，也是我们最需要克服的障碍之一。\r\n\r\n多向他人请教，多与别人交流，保持一个谦卑的心态\r\n“程序员是最骄傲的一个群体”，这话不是没有道理的。甚至可以说相当一部分的程序员，都想要证明自己的牛×高明之处，总是有想要证明自己比别人聪明、比别人强，总要成为整个项目的最最最核心的人物，总是有强烈的个人英雄主义情结。我承认，曾经的我也是这样的，后来接触的人和事情多了以后，我也一直在反思自己的不足之处，我也一直在努力地克服自己的缺点。\r\n\r\n《商业的本质》一书有一句很经典的话：“商业的本质是一个团体活动”。我个人十分赞同这句话，我们在IT界，先排除那些纯粹公益性质的开源项目，我们中的绝大多数人编程是为了做商业性质项目来获取收入的。那么，我们从事的活动本质上也是一个商业活动，那么也就是团体活动了。而上述的行为，是非常“反团体”的，这种行为肯定会对真个项目组造成极为恶劣的影响。\r\n\r\n人都有有自己的个性，但是不能把这个作为一些坏毛病的借口，所谓“人不可以有傲气，但不可无傲骨”。我们要学会欣赏并学习周围同学（同事）有点和长处，多和他们交流，取长补短，真正地去发挥团队的力量。要记住一句话：别人总是有地方比自己聪明的。\r\n\r\n别和自己较劲\r\n这一点和别钻牛角尖类似，在这里单独拿出来，是为了再次强调。很多人遇到问题总是想自己去解决，总是认为参考别人的思路或者代码就显得自己很low，非要和自己较劲。其实才是这是一种非常low的想法，编程本身是一个思想活动，而思想最重要的还是交流，思想交流的价值不言而喻。因此，如果有自己确实解决不了的问题，应该及时向搜索引擎或者懂的人请教，这没什么，重要的是解决问题和学习新的思路与方法。\r\n\r\n多读多写代码\r\n编程和写作有很多类似的地方，都是一个将思维反映在“纸面”上的活动，不过写作是一个比较“模糊”的映射，而编程需要一个精确的“映射”。成为一个优秀的作家，巨大的阅读量是一个先决条件；同时，只看不写也永远成不了作家。编程也是同理，要多看别人写的“文章”，同时也要自己不断练习，只有这样，才有机会成为dalao。', '4', '1', '1', '1', '123', '12', '2018-07-25 15:47:34', '2018-11-25 15:47:49', '2018-12-25 09:57:19');
INSERT INTO `f_forum` VALUES ('24', '【发帖人必看】牛客网发帖规范说明及要求||附加精申请通道', '一些总结\r\n以下是我个人对于怎样学习的一些总结，这结合了我的一些经历，尤其是各种坑。希望可以对各位有所启发吧。可能这更适合新手。\r\n\r\n下面不是按照重要性来的，，别误会了。。。。\r\n\r\n摒弃完美主义\r\n编程中的“完美主义”是非常致命的。举个简单的例子，我们要学习某个技术，并把它应用到实际开发中。如果是以前的我，那么我可能会把与该技术有关的书都借来，然后研读每个细节，直到所有的点都弄明白，然后再动手尝试着去开发。其实这就是一种所谓的“完美主义”，绝大多数起因于我们之前的应试教育的阴影。正确的做法应该是尝试着去做，边学边做，这样才可以更加高效的学习，而且可以满足项目的进度。之前的方式，不仅影响进度，而且会让我们迷失在细节的汪洋大海中，失去兴趣。学中做、做中学。\r\n\r\n想清楚了立马就去做，不要瞻前顾后\r\n之前，我在学习某个技术的时候，一直在想这个东西有没有用，学了可以干什么。总是在纠结这种问题，很难全身心的投入到学习中；而且，纠结的时间，就几乎可以入门某个技术了。更要命的是，我们的知识体系不够，或者说是我们不了解整个知识框架，才有这种幼稚的想法。其实多学习一些技术，在很多时候可以拓宽我们的知识面，虽然很多东西会忘记，但是一些基本思路和基本方法都会有较深地印象，一些资深架构师、技术专家和项目负责人等，都有很广阔的知识体系。\r\n\r\n学习编程的核心是学习思路和特性，而不是所谓的词法、语法\r\n首先，我要说明，词法语法很重要，这是程序能运行的基础，但是在刚开始学习的时候，不要过分的纠结于这些细节，要把主要的精力放在语言本身特性上，如果是新手，还要注意学习算法和数据结构。\r\n\r\n举个简单的例子，C++本身的特性相当复杂（看看标准手册就知道了），号称最难的语言。如果我们有了C语言的基础了，再学习C++的话，最好不要直接看那么复杂的手册。其实应该C++的基本特性入手（我不是C++高手，不当的地方还请包含）：C++相比于C语言，最核心的是扩展了面向对象部分和泛型编程（包括STL）部分（先不考虑C++11以及以后的版本），因此我们在学习的时候，先把这两个基本点弄清楚。或者说，这两个点的基本用法先弄明白，搞清楚怎么回事后，在一步步地深入拓展下去；而不是每天都看标准手册，我估计那样正常人都会GG。。拓展的时候也是，每个点都要边学边练的策略，由浅入深。我之前踩的坑是刚开始就像搞明白所有的东西，结果最后搞得身心疲惫，以至于很难学精，而且丢了兴趣。\r\n\r\n同样的例子，如果由C++转Java，我们需要了解Java语言的基本特性是什么。先不考虑JVM的情况下，主要的区别有两大点：面向对象的部分和自动垃圾回收的部分（包括指针引用之类的）。掌握了基本特性，在一步步地去解决，不仅效率高，而且不会丢失兴趣。\r\n\r\n学习编程不要钻牛角尖，编程最终目的是为了解决问题（需求）\r\n我遇到过很多同学，包括之前的我在内，总是容易钻牛角尖。比如说，将来是要做后台的，那么前端的东西一点都不碰；或者说，我认为Linux才是一个合格开发者必备的工具，用Windows显得很菜（可能一般是是服务端同学这么想）；又或者说，大佬们都用vim or Emacs，用IDE显得没有那么Geek等等。这样类似的问题有很多，我个人把它们归结为钻牛角尖。其实，现在来看，这种想法是很幼稚的，连基本的东西都搞不明白，就一味地追求所谓地“高手地配置”，没什么卵用；而且，只要能高效地解决问题，就不要管那些是否是“Geek”的东西，编程的本质是为了解决问题（需求）\r\n\r\n要合理分配学习的重心，搞明白问题的轻重缓急，以需求为导向\r\n现在，各种新技术层出不穷，令人眼花缭乱，别说是新手了，就是有一定编程经验同学，也会纠结各种各样问题。但是，以我现在的观点来看，造成这种现象的一个很重要的原因是，我们没能搞明白自己的真正需求。技术总是学不完的，如果再像 应试教育那样，非要搞明白每个知识点，那么肯定完不成任务，正确的做法是先弄明白自己到底要干什么，然后再去搜集有关的资料等，最后确定解决问题的大体步骤，然后根据步骤来有计划地、分部分地学习。很多时候，编程学习需要不求甚解，这是和应试教育最大区别，也是我们最需要克服的障碍之一。\r\n\r\n多向他人请教，多与别人交流，保持一个谦卑的心态\r\n“程序员是最骄傲的一个群体”，这话不是没有道理的。甚至可以说相当一部分的程序员，都想要证明自己的牛×高明之处，总是有想要证明自己比别人聪明、比别人强，总要成为整个项目的最最最核心的人物，总是有强烈的个人英雄主义情结。我承认，曾经的我也是这样的，后来接触的人和事情多了以后，我也一直在反思自己的不足之处，我也一直在努力地克服自己的缺点。\r\n\r\n《商业的本质》一书有一句很经典的话：“商业的本质是一个团体活动”。我个人十分赞同这句话，我们在IT界，先排除那些纯粹公益性质的开源项目，我们中的绝大多数人编程是为了做商业性质项目来获取收入的。那么，我们从事的活动本质上也是一个商业活动，那么也就是团体活动了。而上述的行为，是非常“反团体”的，这种行为肯定会对真个项目组造成极为恶劣的影响。\r\n\r\n人都有有自己的个性，但是不能把这个作为一些坏毛病的借口，所谓“人不可以有傲气，但不可无傲骨”。我们要学会欣赏并学习周围同学（同事）有点和长处，多和他们交流，取长补短，真正地去发挥团队的力量。要记住一句话：别人总是有地方比自己聪明的。\r\n\r\n别和自己较劲\r\n这一点和别钻牛角尖类似，在这里单独拿出来，是为了再次强调。很多人遇到问题总是想自己去解决，总是认为参考别人的思路或者代码就显得自己很low，非要和自己较劲。其实才是这是一种非常low的想法，编程本身是一个思想活动，而思想最重要的还是交流，思想交流的价值不言而喻。因此，如果有自己确实解决不了的问题，应该及时向搜索引擎或者懂的人请教，这没什么，重要的是解决问题和学习新的思路与方法。\r\n\r\n多读多写代码\r\n编程和写作有很多类似的地方，都是一个将思维反映在“纸面”上的活动，不过写作是一个比较“模糊”的映射，而编程需要一个精确的“映射”。成为一个优秀的作家，巨大的阅读量是一个先决条件；同时，只看不写也永远成不了作家。编程也是同理，要多看别人写的“文章”，同时也要自己不断练习，只有这样，才有机会成为dalao。', '7', '1', '1', '1', '123', '12', '2018-07-25 15:47:34', '2018-11-25 15:47:49', '2018-12-25 09:57:29');
INSERT INTO `f_forum` VALUES ('25', '【发帖人必看】牛客网帖规范说明及要求||附加精申请通道', '一些总结\r\n以下是我个人对于怎样学习的一些总结，这结合了我的一些经历，尤其是各种坑。希望可以对各位有所启发吧。可能这更适合新手。\r\n\r\n下面不是按照重要性来的，，别误会了。。。。\r\n\r\n摒弃完美主义\r\n编程中的“完美主义”是非常致命的。举个简单的例子，我们要学习某个技术，并把它应用到实际开发中。如果是以前的我，那么我可能会把与该技术有关的书都借来，然后研读每个细节，直到所有的点都弄明白，然后再动手尝试着去开发。其实这就是一种所谓的“完美主义”，绝大多数起因于我们之前的应试教育的阴影。正确的做法应该是尝试着去做，边学边做，这样才可以更加高效的学习，而且可以满足项目的进度。之前的方式，不仅影响进度，而且会让我们迷失在细节的汪洋大海中，失去兴趣。学中做、做中学。\r\n\r\n想清楚了立马就去做，不要瞻前顾后\r\n之前，我在学习某个技术的时候，一直在想这个东西有没有用，学了可以干什么。总是在纠结这种问题，很难全身心的投入到学习中；而且，纠结的时间，就几乎可以入门某个技术了。更要命的是，我们的知识体系不够，或者说是我们不了解整个知识框架，才有这种幼稚的想法。其实多学习一些技术，在很多时候可以拓宽我们的知识面，虽然很多东西会忘记，但是一些基本思路和基本方法都会有较深地印象，一些资深架构师、技术专家和项目负责人等，都有很广阔的知识体系。\r\n\r\n学习编程的核心是学习思路和特性，而不是所谓的词法、语法\r\n首先，我要说明，词法语法很重要，这是程序能运行的基础，但是在刚开始学习的时候，不要过分的纠结于这些细节，要把主要的精力放在语言本身特性上，如果是新手，还要注意学习算法和数据结构。\r\n\r\n举个简单的例子，C++本身的特性相当复杂（看看标准手册就知道了），号称最难的语言。如果我们有了C语言的基础了，再学习C++的话，最好不要直接看那么复杂的手册。其实应该C++的基本特性入手（我不是C++高手，不当的地方还请包含）：C++相比于C语言，最核心的是扩展了面向对象部分和泛型编程（包括STL）部分（先不考虑C++11以及以后的版本），因此我们在学习的时候，先把这两个基本点弄清楚。或者说，这两个点的基本用法先弄明白，搞清楚怎么回事后，在一步步地深入拓展下去；而不是每天都看标准手册，我估计那样正常人都会GG。。拓展的时候也是，每个点都要边学边练的策略，由浅入深。我之前踩的坑是刚开始就像搞明白所有的东西，结果最后搞得身心疲惫，以至于很难学精，而且丢了兴趣。\r\n\r\n同样的例子，如果由C++转Java，我们需要了解Java语言的基本特性是什么。先不考虑JVM的情况下，主要的区别有两大点：面向对象的部分和自动垃圾回收的部分（包括指针引用之类的）。掌握了基本特性，在一步步地去解决，不仅效率高，而且不会丢失兴趣。\r\n\r\n学习编程不要钻牛角尖，编程最终目的是为了解决问题（需求）\r\n我遇到过很多同学，包括之前的我在内，总是容易钻牛角尖。比如说，将来是要做后台的，那么前端的东西一点都不碰；或者说，我认为Linux才是一个合格开发者必备的工具，用Windows显得很菜（可能一般是是服务端同学这么想）；又或者说，大佬们都用vim or Emacs，用IDE显得没有那么Geek等等。这样类似的问题有很多，我个人把它们归结为钻牛角尖。其实，现在来看，这种想法是很幼稚的，连基本的东西都搞不明白，就一味地追求所谓地“高手地配置”，没什么卵用；而且，只要能高效地解决问题，就不要管那些是否是“Geek”的东西，编程的本质是为了解决问题（需求）\r\n\r\n要合理分配学习的重心，搞明白问题的轻重缓急，以需求为导向\r\n现在，各种新技术层出不穷，令人眼花缭乱，别说是新手了，就是有一定编程经验同学，也会纠结各种各样问题。但是，以我现在的观点来看，造成这种现象的一个很重要的原因是，我们没能搞明白自己的真正需求。技术总是学不完的，如果再像 应试教育那样，非要搞明白每个知识点，那么肯定完不成任务，正确的做法是先弄明白自己到底要干什么，然后再去搜集有关的资料等，最后确定解决问题的大体步骤，然后根据步骤来有计划地、分部分地学习。很多时候，编程学习需要不求甚解，这是和应试教育最大区别，也是我们最需要克服的障碍之一。\r\n\r\n多向他人请教，多与别人交流，保持一个谦卑的心态\r\n“程序员是最骄傲的一个群体”，这话不是没有道理的。甚至可以说相当一部分的程序员，都想要证明自己的牛×高明之处，总是有想要证明自己比别人聪明、比别人强，总要成为整个项目的最最最核心的人物，总是有强烈的个人英雄主义情结。我承认，曾经的我也是这样的，后来接触的人和事情多了以后，我也一直在反思自己的不足之处，我也一直在努力地克服自己的缺点。\r\n\r\n《商业的本质》一书有一句很经典的话：“商业的本质是一个团体活动”。我个人十分赞同这句话，我们在IT界，先排除那些纯粹公益性质的开源项目，我们中的绝大多数人编程是为了做商业性质项目来获取收入的。那么，我们从事的活动本质上也是一个商业活动，那么也就是团体活动了。而上述的行为，是非常“反团体”的，这种行为肯定会对真个项目组造成极为恶劣的影响。\r\n\r\n人都有有自己的个性，但是不能把这个作为一些坏毛病的借口，所谓“人不可以有傲气，但不可无傲骨”。我们要学会欣赏并学习周围同学（同事）有点和长处，多和他们交流，取长补短，真正地去发挥团队的力量。要记住一句话：别人总是有地方比自己聪明的。\r\n\r\n别和自己较劲\r\n这一点和别钻牛角尖类似，在这里单独拿出来，是为了再次强调。很多人遇到问题总是想自己去解决，总是认为参考别人的思路或者代码就显得自己很low，非要和自己较劲。其实才是这是一种非常low的想法，编程本身是一个思想活动，而思想最重要的还是交流，思想交流的价值不言而喻。因此，如果有自己确实解决不了的问题，应该及时向搜索引擎或者懂的人请教，这没什么，重要的是解决问题和学习新的思路与方法。\r\n\r\n多读多写代码\r\n编程和写作有很多类似的地方，都是一个将思维反映在“纸面”上的活动，不过写作是一个比较“模糊”的映射，而编程需要一个精确的“映射”。成为一个优秀的作家，巨大的阅读量是一个先决条件；同时，只看不写也永远成不了作家。编程也是同理，要多看别人写的“文章”，同时也要自己不断练习，只有这样，才有机会成为dalao。', '1', '2', '1', '1', '123', '12', '2018-07-25 15:47:34', '2018-11-25 15:47:49', '2018-12-25 09:57:30');
INSERT INTO `f_forum` VALUES ('26', '【发帖人必看】牛客网发帖规范说明及要求||附加精申请通道', '一些总结\r\n以下是我个人对于怎样学习的一些总结，这结合了我的一些经历，尤其是各种坑。希望可以对各位有所启发吧。可能这更适合新手。\r\n\r\n下面不是按照重要性来的，，别误会了。。。。\r\n\r\n摒弃完美主义\r\n编程中的“完美主义”是非常致命的。举个简单的例子，我们要学习某个技术，并把它应用到实际开发中。如果是以前的我，那么我可能会把与该技术有关的书都借来，然后研读每个细节，直到所有的点都弄明白，然后再动手尝试着去开发。其实这就是一种所谓的“完美主义”，绝大多数起因于我们之前的应试教育的阴影。正确的做法应该是尝试着去做，边学边做，这样才可以更加高效的学习，而且可以满足项目的进度。之前的方式，不仅影响进度，而且会让我们迷失在细节的汪洋大海中，失去兴趣。学中做、做中学。\r\n\r\n想清楚了立马就去做，不要瞻前顾后\r\n之前，我在学习某个技术的时候，一直在想这个东西有没有用，学了可以干什么。总是在纠结这种问题，很难全身心的投入到学习中；而且，纠结的时间，就几乎可以入门某个技术了。更要命的是，我们的知识体系不够，或者说是我们不了解整个知识框架，才有这种幼稚的想法。其实多学习一些技术，在很多时候可以拓宽我们的知识面，虽然很多东西会忘记，但是一些基本思路和基本方法都会有较深地印象，一些资深架构师、技术专家和项目负责人等，都有很广阔的知识体系。\r\n\r\n学习编程的核心是学习思路和特性，而不是所谓的词法、语法\r\n首先，我要说明，词法语法很重要，这是程序能运行的基础，但是在刚开始学习的时候，不要过分的纠结于这些细节，要把主要的精力放在语言本身特性上，如果是新手，还要注意学习算法和数据结构。\r\n\r\n举个简单的例子，C++本身的特性相当复杂（看看标准手册就知道了），号称最难的语言。如果我们有了C语言的基础了，再学习C++的话，最好不要直接看那么复杂的手册。其实应该C++的基本特性入手（我不是C++高手，不当的地方还请包含）：C++相比于C语言，最核心的是扩展了面向对象部分和泛型编程（包括STL）部分（先不考虑C++11以及以后的版本），因此我们在学习的时候，先把这两个基本点弄清楚。或者说，这两个点的基本用法先弄明白，搞清楚怎么回事后，在一步步地深入拓展下去；而不是每天都看标准手册，我估计那样正常人都会GG。。拓展的时候也是，每个点都要边学边练的策略，由浅入深。我之前踩的坑是刚开始就像搞明白所有的东西，结果最后搞得身心疲惫，以至于很难学精，而且丢了兴趣。\r\n\r\n同样的例子，如果由C++转Java，我们需要了解Java语言的基本特性是什么。先不考虑JVM的情况下，主要的区别有两大点：面向对象的部分和自动垃圾回收的部分（包括指针引用之类的）。掌握了基本特性，在一步步地去解决，不仅效率高，而且不会丢失兴趣。\r\n\r\n学习编程不要钻牛角尖，编程最终目的是为了解决问题（需求）\r\n我遇到过很多同学，包括之前的我在内，总是容易钻牛角尖。比如说，将来是要做后台的，那么前端的东西一点都不碰；或者说，我认为Linux才是一个合格开发者必备的工具，用Windows显得很菜（可能一般是是服务端同学这么想）；又或者说，大佬们都用vim or Emacs，用IDE显得没有那么Geek等等。这样类似的问题有很多，我个人把它们归结为钻牛角尖。其实，现在来看，这种想法是很幼稚的，连基本的东西都搞不明白，就一味地追求所谓地“高手地配置”，没什么卵用；而且，只要能高效地解决问题，就不要管那些是否是“Geek”的东西，编程的本质是为了解决问题（需求）\r\n\r\n要合理分配学习的重心，搞明白问题的轻重缓急，以需求为导向\r\n现在，各种新技术层出不穷，令人眼花缭乱，别说是新手了，就是有一定编程经验同学，也会纠结各种各样问题。但是，以我现在的观点来看，造成这种现象的一个很重要的原因是，我们没能搞明白自己的真正需求。技术总是学不完的，如果再像 应试教育那样，非要搞明白每个知识点，那么肯定完不成任务，正确的做法是先弄明白自己到底要干什么，然后再去搜集有关的资料等，最后确定解决问题的大体步骤，然后根据步骤来有计划地、分部分地学习。很多时候，编程学习需要不求甚解，这是和应试教育最大区别，也是我们最需要克服的障碍之一。\r\n\r\n多向他人请教，多与别人交流，保持一个谦卑的心态\r\n“程序员是最骄傲的一个群体”，这话不是没有道理的。甚至可以说相当一部分的程序员，都想要证明自己的牛×高明之处，总是有想要证明自己比别人聪明、比别人强，总要成为整个项目的最最最核心的人物，总是有强烈的个人英雄主义情结。我承认，曾经的我也是这样的，后来接触的人和事情多了以后，我也一直在反思自己的不足之处，我也一直在努力地克服自己的缺点。\r\n\r\n《商业的本质》一书有一句很经典的话：“商业的本质是一个团体活动”。我个人十分赞同这句话，我们在IT界，先排除那些纯粹公益性质的开源项目，我们中的绝大多数人编程是为了做商业性质项目来获取收入的。那么，我们从事的活动本质上也是一个商业活动，那么也就是团体活动了。而上述的行为，是非常“反团体”的，这种行为肯定会对真个项目组造成极为恶劣的影响。\r\n\r\n人都有有自己的个性，但是不能把这个作为一些坏毛病的借口，所谓“人不可以有傲气，但不可无傲骨”。我们要学会欣赏并学习周围同学（同事）有点和长处，多和他们交流，取长补短，真正地去发挥团队的力量。要记住一句话：别人总是有地方比自己聪明的。\r\n\r\n别和自己较劲\r\n这一点和别钻牛角尖类似，在这里单独拿出来，是为了再次强调。很多人遇到问题总是想自己去解决，总是认为参考别人的思路或者代码就显得自己很low，非要和自己较劲。其实才是这是一种非常low的想法，编程本身是一个思想活动，而思想最重要的还是交流，思想交流的价值不言而喻。因此，如果有自己确实解决不了的问题，应该及时向搜索引擎或者懂的人请教，这没什么，重要的是解决问题和学习新的思路与方法。\r\n\r\n多读多写代码\r\n编程和写作有很多类似的地方，都是一个将思维反映在“纸面”上的活动，不过写作是一个比较“模糊”的映射，而编程需要一个精确的“映射”。成为一个优秀的作家，巨大的阅读量是一个先决条件；同时，只看不写也永远成不了作家。编程也是同理，要多看别人写的“文章”，同时也要自己不断练习，只有这样，才有机会成为dalao。', '2', '1', '1', '1', '123', '12', '2018-07-25 15:47:34', '2018-11-25 15:47:49', '2018-12-25 09:57:30');
INSERT INTO `f_forum` VALUES ('27', '【发帖人必看】牛客网发帖规范说明及要求||附加精申请通道', '一些总结\r\n以下是我个人对于怎样学习的一些总结，这结合了我的一些经历，尤其是各种坑。希望可以对各位有所启发吧。可能这更适合新手。\r\n\r\n下面不是按照重要性来的，，别误会了。。。。\r\n\r\n摒弃完美主义\r\n编程中的“完美主义”是非常致命的。举个简单的例子，我们要学习某个技术，并把它应用到实际开发中。如果是以前的我，那么我可能会把与该技术有关的书都借来，然后研读每个细节，直到所有的点都弄明白，然后再动手尝试着去开发。其实这就是一种所谓的“完美主义”，绝大多数起因于我们之前的应试教育的阴影。正确的做法应该是尝试着去做，边学边做，这样才可以更加高效的学习，而且可以满足项目的进度。之前的方式，不仅影响进度，而且会让我们迷失在细节的汪洋大海中，失去兴趣。学中做、做中学。\r\n\r\n想清楚了立马就去做，不要瞻前顾后\r\n之前，我在学习某个技术的时候，一直在想这个东西有没有用，学了可以干什么。总是在纠结这种问题，很难全身心的投入到学习中；而且，纠结的时间，就几乎可以入门某个技术了。更要命的是，我们的知识体系不够，或者说是我们不了解整个知识框架，才有这种幼稚的想法。其实多学习一些技术，在很多时候可以拓宽我们的知识面，虽然很多东西会忘记，但是一些基本思路和基本方法都会有较深地印象，一些资深架构师、技术专家和项目负责人等，都有很广阔的知识体系。\r\n\r\n学习编程的核心是学习思路和特性，而不是所谓的词法、语法\r\n首先，我要说明，词法语法很重要，这是程序能运行的基础，但是在刚开始学习的时候，不要过分的纠结于这些细节，要把主要的精力放在语言本身特性上，如果是新手，还要注意学习算法和数据结构。\r\n\r\n举个简单的例子，C++本身的特性相当复杂（看看标准手册就知道了），号称最难的语言。如果我们有了C语言的基础了，再学习C++的话，最好不要直接看那么复杂的手册。其实应该C++的基本特性入手（我不是C++高手，不当的地方还请包含）：C++相比于C语言，最核心的是扩展了面向对象部分和泛型编程（包括STL）部分（先不考虑C++11以及以后的版本），因此我们在学习的时候，先把这两个基本点弄清楚。或者说，这两个点的基本用法先弄明白，搞清楚怎么回事后，在一步步地深入拓展下去；而不是每天都看标准手册，我估计那样正常人都会GG。。拓展的时候也是，每个点都要边学边练的策略，由浅入深。我之前踩的坑是刚开始就像搞明白所有的东西，结果最后搞得身心疲惫，以至于很难学精，而且丢了兴趣。\r\n\r\n同样的例子，如果由C++转Java，我们需要了解Java语言的基本特性是什么。先不考虑JVM的情况下，主要的区别有两大点：面向对象的部分和自动垃圾回收的部分（包括指针引用之类的）。掌握了基本特性，在一步步地去解决，不仅效率高，而且不会丢失兴趣。\r\n\r\n学习编程不要钻牛角尖，编程最终目的是为了解决问题（需求）\r\n我遇到过很多同学，包括之前的我在内，总是容易钻牛角尖。比如说，将来是要做后台的，那么前端的东西一点都不碰；或者说，我认为Linux才是一个合格开发者必备的工具，用Windows显得很菜（可能一般是是服务端同学这么想）；又或者说，大佬们都用vim or Emacs，用IDE显得没有那么Geek等等。这样类似的问题有很多，我个人把它们归结为钻牛角尖。其实，现在来看，这种想法是很幼稚的，连基本的东西都搞不明白，就一味地追求所谓地“高手地配置”，没什么卵用；而且，只要能高效地解决问题，就不要管那些是否是“Geek”的东西，编程的本质是为了解决问题（需求）\r\n\r\n要合理分配学习的重心，搞明白问题的轻重缓急，以需求为导向\r\n现在，各种新技术层出不穷，令人眼花缭乱，别说是新手了，就是有一定编程经验同学，也会纠结各种各样问题。但是，以我现在的观点来看，造成这种现象的一个很重要的原因是，我们没能搞明白自己的真正需求。技术总是学不完的，如果再像 应试教育那样，非要搞明白每个知识点，那么肯定完不成任务，正确的做法是先弄明白自己到底要干什么，然后再去搜集有关的资料等，最后确定解决问题的大体步骤，然后根据步骤来有计划地、分部分地学习。很多时候，编程学习需要不求甚解，这是和应试教育最大区别，也是我们最需要克服的障碍之一。\r\n\r\n多向他人请教，多与别人交流，保持一个谦卑的心态\r\n“程序员是最骄傲的一个群体”，这话不是没有道理的。甚至可以说相当一部分的程序员，都想要证明自己的牛×高明之处，总是有想要证明自己比别人聪明、比别人强，总要成为整个项目的最最最核心的人物，总是有强烈的个人英雄主义情结。我承认，曾经的我也是这样的，后来接触的人和事情多了以后，我也一直在反思自己的不足之处，我也一直在努力地克服自己的缺点。\r\n\r\n《商业的本质》一书有一句很经典的话：“商业的本质是一个团体活动”。我个人十分赞同这句话，我们在IT界，先排除那些纯粹公益性质的开源项目，我们中的绝大多数人编程是为了做商业性质项目来获取收入的。那么，我们从事的活动本质上也是一个商业活动，那么也就是团体活动了。而上述的行为，是非常“反团体”的，这种行为肯定会对真个项目组造成极为恶劣的影响。\r\n\r\n人都有有自己的个性，但是不能把这个作为一些坏毛病的借口，所谓“人不可以有傲气，但不可无傲骨”。我们要学会欣赏并学习周围同学（同事）有点和长处，多和他们交流，取长补短，真正地去发挥团队的力量。要记住一句话：别人总是有地方比自己聪明的。\r\n\r\n别和自己较劲\r\n这一点和别钻牛角尖类似，在这里单独拿出来，是为了再次强调。很多人遇到问题总是想自己去解决，总是认为参考别人的思路或者代码就显得自己很low，非要和自己较劲。其实才是这是一种非常low的想法，编程本身是一个思想活动，而思想最重要的还是交流，思想交流的价值不言而喻。因此，如果有自己确实解决不了的问题，应该及时向搜索引擎或者懂的人请教，这没什么，重要的是解决问题和学习新的思路与方法。\r\n\r\n多读多写代码\r\n编程和写作有很多类似的地方，都是一个将思维反映在“纸面”上的活动，不过写作是一个比较“模糊”的映射，而编程需要一个精确的“映射”。成为一个优秀的作家，巨大的阅读量是一个先决条件；同时，只看不写也永远成不了作家。编程也是同理，要多看别人写的“文章”，同时也要自己不断练习，只有这样，才有机会成为dalao。', '3', '1', '1', '1', '123', '12', '2018-07-25 15:47:34', '2018-11-25 15:47:49', '2018-12-25 09:57:30');
INSERT INTO `f_forum` VALUES ('28', '【发帖人必看】牛客网发帖规范说明及要求||附加精申请通道', '一些总结\r\n以下是我个人对于怎样学习的一些总结，这结合了我的一些经历，尤其是各种坑。希望可以对各位有所启发吧。可能这更适合新手。\r\n\r\n下面不是按照重要性来的，，别误会了。。。。\r\n\r\n摒弃完美主义\r\n编程中的“完美主义”是非常致命的。举个简单的例子，我们要学习某个技术，并把它应用到实际开发中。如果是以前的我，那么我可能会把与该技术有关的书都借来，然后研读每个细节，直到所有的点都弄明白，然后再动手尝试着去开发。其实这就是一种所谓的“完美主义”，绝大多数起因于我们之前的应试教育的阴影。正确的做法应该是尝试着去做，边学边做，这样才可以更加高效的学习，而且可以满足项目的进度。之前的方式，不仅影响进度，而且会让我们迷失在细节的汪洋大海中，失去兴趣。学中做、做中学。\r\n\r\n想清楚了立马就去做，不要瞻前顾后\r\n之前，我在学习某个技术的时候，一直在想这个东西有没有用，学了可以干什么。总是在纠结这种问题，很难全身心的投入到学习中；而且，纠结的时间，就几乎可以入门某个技术了。更要命的是，我们的知识体系不够，或者说是我们不了解整个知识框架，才有这种幼稚的想法。其实多学习一些技术，在很多时候可以拓宽我们的知识面，虽然很多东西会忘记，但是一些基本思路和基本方法都会有较深地印象，一些资深架构师、技术专家和项目负责人等，都有很广阔的知识体系。\r\n\r\n学习编程的核心是学习思路和特性，而不是所谓的词法、语法\r\n首先，我要说明，词法语法很重要，这是程序能运行的基础，但是在刚开始学习的时候，不要过分的纠结于这些细节，要把主要的精力放在语言本身特性上，如果是新手，还要注意学习算法和数据结构。\r\n\r\n举个简单的例子，C++本身的特性相当复杂（看看标准手册就知道了），号称最难的语言。如果我们有了C语言的基础了，再学习C++的话，最好不要直接看那么复杂的手册。其实应该C++的基本特性入手（我不是C++高手，不当的地方还请包含）：C++相比于C语言，最核心的是扩展了面向对象部分和泛型编程（包括STL）部分（先不考虑C++11以及以后的版本），因此我们在学习的时候，先把这两个基本点弄清楚。或者说，这两个点的基本用法先弄明白，搞清楚怎么回事后，在一步步地深入拓展下去；而不是每天都看标准手册，我估计那样正常人都会GG。。拓展的时候也是，每个点都要边学边练的策略，由浅入深。我之前踩的坑是刚开始就像搞明白所有的东西，结果最后搞得身心疲惫，以至于很难学精，而且丢了兴趣。\r\n\r\n同样的例子，如果由C++转Java，我们需要了解Java语言的基本特性是什么。先不考虑JVM的情况下，主要的区别有两大点：面向对象的部分和自动垃圾回收的部分（包括指针引用之类的）。掌握了基本特性，在一步步地去解决，不仅效率高，而且不会丢失兴趣。\r\n\r\n学习编程不要钻牛角尖，编程最终目的是为了解决问题（需求）\r\n我遇到过很多同学，包括之前的我在内，总是容易钻牛角尖。比如说，将来是要做后台的，那么前端的东西一点都不碰；或者说，我认为Linux才是一个合格开发者必备的工具，用Windows显得很菜（可能一般是是服务端同学这么想）；又或者说，大佬们都用vim or Emacs，用IDE显得没有那么Geek等等。这样类似的问题有很多，我个人把它们归结为钻牛角尖。其实，现在来看，这种想法是很幼稚的，连基本的东西都搞不明白，就一味地追求所谓地“高手地配置”，没什么卵用；而且，只要能高效地解决问题，就不要管那些是否是“Geek”的东西，编程的本质是为了解决问题（需求）\r\n\r\n要合理分配学习的重心，搞明白问题的轻重缓急，以需求为导向\r\n现在，各种新技术层出不穷，令人眼花缭乱，别说是新手了，就是有一定编程经验同学，也会纠结各种各样问题。但是，以我现在的观点来看，造成这种现象的一个很重要的原因是，我们没能搞明白自己的真正需求。技术总是学不完的，如果再像 应试教育那样，非要搞明白每个知识点，那么肯定完不成任务，正确的做法是先弄明白自己到底要干什么，然后再去搜集有关的资料等，最后确定解决问题的大体步骤，然后根据步骤来有计划地、分部分地学习。很多时候，编程学习需要不求甚解，这是和应试教育最大区别，也是我们最需要克服的障碍之一。\r\n\r\n多向他人请教，多与别人交流，保持一个谦卑的心态\r\n“程序员是最骄傲的一个群体”，这话不是没有道理的。甚至可以说相当一部分的程序员，都想要证明自己的牛×高明之处，总是有想要证明自己比别人聪明、比别人强，总要成为整个项目的最最最核心的人物，总是有强烈的个人英雄主义情结。我承认，曾经的我也是这样的，后来接触的人和事情多了以后，我也一直在反思自己的不足之处，我也一直在努力地克服自己的缺点。\r\n\r\n《商业的本质》一书有一句很经典的话：“商业的本质是一个团体活动”。我个人十分赞同这句话，我们在IT界，先排除那些纯粹公益性质的开源项目，我们中的绝大多数人编程是为了做商业性质项目来获取收入的。那么，我们从事的活动本质上也是一个商业活动，那么也就是团体活动了。而上述的行为，是非常“反团体”的，这种行为肯定会对真个项目组造成极为恶劣的影响。\r\n\r\n人都有有自己的个性，但是不能把这个作为一些坏毛病的借口，所谓“人不可以有傲气，但不可无傲骨”。我们要学会欣赏并学习周围同学（同事）有点和长处，多和他们交流，取长补短，真正地去发挥团队的力量。要记住一句话：别人总是有地方比自己聪明的。\r\n\r\n别和自己较劲\r\n这一点和别钻牛角尖类似，在这里单独拿出来，是为了再次强调。很多人遇到问题总是想自己去解决，总是认为参考别人的思路或者代码就显得自己很low，非要和自己较劲。其实才是这是一种非常low的想法，编程本身是一个思想活动，而思想最重要的还是交流，思想交流的价值不言而喻。因此，如果有自己确实解决不了的问题，应该及时向搜索引擎或者懂的人请教，这没什么，重要的是解决问题和学习新的思路与方法。\r\n\r\n多读多写代码\r\n编程和写作有很多类似的地方，都是一个将思维反映在“纸面”上的活动，不过写作是一个比较“模糊”的映射，而编程需要一个精确的“映射”。成为一个优秀的作家，巨大的阅读量是一个先决条件；同时，只看不写也永远成不了作家。编程也是同理，要多看别人写的“文章”，同时也要自己不断练习，只有这样，才有机会成为dalao。', '2', '1', '1', '1', '123', '12', '2018-07-25 15:47:34', '2018-11-25 15:47:49', '2018-12-25 09:57:30');
INSERT INTO `f_forum` VALUES ('29', '【发帖人必看】牛客网发帖规范说明及要求||附加精申请通道', ' 在HTML 4中 noshade 属性已废弃,HTML 4.01 Strict DTD 或 XHTML 1.0 Strict DTD 已不支持该属性，可以使用 CSS 替代。', '1', '1', '1', '1', '123', '22', '2018-07-25 15:47:34', '2018-11-25 15:47:49', '2018-12-25 09:57:30');
INSERT INTO `f_forum` VALUES ('30', '【发帖人必看】牛客网规范说明及要求||附加精申请通道', ' 在HTML 4中 noshade 属性已废弃,HTML 4.01 Strict DTD 或 XHTML 1.0 Strict DTD 已不支持该属性，可以使用 CSS 替代。', '2', '2', '1', '1', '123', '11', '2018-07-25 15:47:34', '2018-11-25 15:47:49', '2018-12-25 09:57:30');
INSERT INTO `f_forum` VALUES ('31', '【发人必看】牛客网发帖规范说明及要求||附加精申请通道', ' 在HTML 4中 noshade 属性已废弃,HTML 4.01 Strict DTD 或 XHTML 1.0 Strict DTD 已不支持该属性，可以使用 CSS 替代。', '4', '1', '1', '1', '121', '12', '2018-07-25 15:47:34', '2018-11-25 15:47:49', '2018-12-25 09:57:30');
INSERT INTO `f_forum` VALUES ('32', '【发帖必看】牛客网发范说明及要求||附加精申请通道', ' 在HTML 4中 noshade 属性已废弃,HTML 4.01 Strict DTD 或 XHTML 1.0 Strict DTD 已不支持该属性，可以使用 CSS 替代。', '7', '1', '1', '1', '123', '12', '2018-07-25 15:47:34', '2018-11-25 15:47:49', '2018-12-25 09:57:30');
INSERT INTO `f_forum` VALUES ('33', '【发帖人必看】牛客网发帖规求||附加精申请通道', '一些总结\r\n以下是我个人对于怎样学习的一些总结，这结合了我的一些经历，尤其是各种坑。希望可以对各位有所启发吧。可能这更适合新手。\r\n\r\n下面不是按照重要性来的，，别误会了。。。。\r\n\r\n摒弃完美主义\r\n编程中的“完美主义”是非常致命的。举个简单的例子，我们要学习某个技术，并把它应用到实际开发中。如果是以前的我，那么我可能会把与该技术有关的书都借来，然后研读每个细节，直到所有的点都弄明白，然后再动手尝试着去开发。其实这就是一种所谓的“完美主义”，绝大多数起因于我们之前的应试教育的阴影。正确的做法应该是尝试着去做，边学边做，这样才可以更加高效的学习，而且可以满足项目的进度。之前的方式，不仅影响进度，而且会让我们迷失在细节的汪洋大海中，失去兴趣。学中做、做中学。\r\n\r\n想清楚了立马就去做，不要瞻前顾后\r\n之前，我在学习某个技术的时候，一直在想这个东西有没有用，学了可以干什么。总是在纠结这种问题，很难全身心的投入到学习中；而且，纠结的时间，就几乎可以入门某个技术了。更要命的是，我们的知识体系不够，或者说是我们不了解整个知识框架，才有这种幼稚的想法。其实多学习一些技术，在很多时候可以拓宽我们的知识面，虽然很多东西会忘记，但是一些基本思路和基本方法都会有较深地印象，一些资深架构师、技术专家和项目负责人等，都有很广阔的知识体系。\r\n\r\n学习编程的核心是学习思路和特性，而不是所谓的词法、语法\r\n首先，我要说明，词法语法很重要，这是程序能运行的基础，但是在刚开始学习的时候，不要过分的纠结于这些细节，要把主要的精力放在语言本身特性上，如果是新手，还要注意学习算法和数据结构。\r\n\r\n举个简单的例子，C++本身的特性相当复杂（看看标准手册就知道了），号称最难的语言。如果我们有了C语言的基础了，再学习C++的话，最好不要直接看那么复杂的手册。其实应该C++的基本特性入手（我不是C++高手，不当的地方还请包含）：C++相比于C语言，最核心的是扩展了面向对象部分和泛型编程（包括STL）部分（先不考虑C++11以及以后的版本），因此我们在学习的时候，先把这两个基本点弄清楚。或者说，这两个点的基本用法先弄明白，搞清楚怎么回事后，在一步步地深入拓展下去；而不是每天都看标准手册，我估计那样正常人都会GG。。拓展的时候也是，每个点都要边学边练的策略，由浅入深。我之前踩的坑是刚开始就像搞明白所有的东西，结果最后搞得身心疲惫，以至于很难学精，而且丢了兴趣。\r\n\r\n同样的例子，如果由C++转Java，我们需要了解Java语言的基本特性是什么。先不考虑JVM的情况下，主要的区别有两大点：面向对象的部分和自动垃圾回收的部分（包括指针引用之类的）。掌握了基本特性，在一步步地去解决，不仅效率高，而且不会丢失兴趣。\r\n\r\n学习编程不要钻牛角尖，编程最终目的是为了解决问题（需求）\r\n我遇到过很多同学，包括之前的我在内，总是容易钻牛角尖。比如说，将来是要做后台的，那么前端的东西一点都不碰；或者说，我认为Linux才是一个合格开发者必备的工具，用Windows显得很菜（可能一般是是服务端同学这么想）；又或者说，大佬们都用vim or Emacs，用IDE显得没有那么Geek等等。这样类似的问题有很多，我个人把它们归结为钻牛角尖。其实，现在来看，这种想法是很幼稚的，连基本的东西都搞不明白，就一味地追求所谓地“高手地配置”，没什么卵用；而且，只要能高效地解决问题，就不要管那些是否是“Geek”的东西，编程的本质是为了解决问题（需求）\r\n\r\n要合理分配学习的重心，搞明白问题的轻重缓急，以需求为导向\r\n现在，各种新技术层出不穷，令人眼花缭乱，别说是新手了，就是有一定编程经验同学，也会纠结各种各样问题。但是，以我现在的观点来看，造成这种现象的一个很重要的原因是，我们没能搞明白自己的真正需求。技术总是学不完的，如果再像 应试教育那样，非要搞明白每个知识点，那么肯定完不成任务，正确的做法是先弄明白自己到底要干什么，然后再去搜集有关的资料等，最后确定解决问题的大体步骤，然后根据步骤来有计划地、分部分地学习。很多时候，编程学习需要不求甚解，这是和应试教育最大区别，也是我们最需要克服的障碍之一。\r\n\r\n多向他人请教，多与别人交流，保持一个谦卑的心态\r\n“程序员是最骄傲的一个群体”，这话不是没有道理的。甚至可以说相当一部分的程序员，都想要证明自己的牛×高明之处，总是有想要证明自己比别人聪明、比别人强，总要成为整个项目的最最最核心的人物，总是有强烈的个人英雄主义情结。我承认，曾经的我也是这样的，后来接触的人和事情多了以后，我也一直在反思自己的不足之处，我也一直在努力地克服自己的缺点。\r\n\r\n《商业的本质》一书有一句很经典的话：“商业的本质是一个团体活动”。我个人十分赞同这句话，我们在IT界，先排除那些纯粹公益性质的开源项目，我们中的绝大多数人编程是为了做商业性质项目来获取收入的。那么，我们从事的活动本质上也是一个商业活动，那么也就是团体活动了。而上述的行为，是非常“反团体”的，这种行为肯定会对真个项目组造成极为恶劣的影响。\r\n\r\n人都有有自己的个性，但是不能把这个作为一些坏毛病的借口，所谓“人不可以有傲气，但不可无傲骨”。我们要学会欣赏并学习周围同学（同事）有点和长处，多和他们交流，取长补短，真正地去发挥团队的力量。要记住一句话：别人总是有地方比自己聪明的。\r\n\r\n别和自己较劲\r\n这一点和别钻牛角尖类似，在这里单独拿出来，是为了再次强调。很多人遇到问题总是想自己去解决，总是认为参考别人的思路或者代码就显得自己很low，非要和自己较劲。其实才是这是一种非常low的想法，编程本身是一个思想活动，而思想最重要的还是交流，思想交流的价值不言而喻。因此，如果有自己确实解决不了的问题，应该及时向搜索引擎或者懂的人请教，这没什么，重要的是解决问题和学习新的思路与方法。\r\n\r\n多读多写代码\r\n编程和写作有很多类似的地方，都是一个将思维反映在“纸面”上的活动，不过写作是一个比较“模糊”的映射，而编程需要一个精确的“映射”。成为一个优秀的作家，巨大的阅读量是一个先决条件；同时，只看不写也永远成不了作家。编程也是同理，要多看别人写的“文章”，同时也要自己不断练习，只有这样，才有机会成为dalao。', '1', '1', '1', '1', '123', '12', '2018-07-25 15:47:34', '2018-11-25 15:47:49', '2018-12-25 09:57:30');
INSERT INTO `f_forum` VALUES ('34', '【发帖必看】牛客网发范说明及要求||附加精申请通道', ' 在HTML 4中 noshade 属性已废弃,HTML 4.01 Strict DTD 或 XHTML 1.0 Strict DTD 已不支持该属性，可以使用 CSS 替代。', '2', '1', '1', '1', '121', '23', '2018-07-25 15:47:34', '2018-11-25 15:47:49', '2018-12-25 09:57:30');
INSERT INTO `f_forum` VALUES ('35', '【发帖人必看】牛客网发帖规范说明及要求||附加精申请通道', '一些总结\r\n以下是我个人对于怎样学习的一些总结，这结合了我的一些经历，尤其是各种坑。希望可以对各位有所启发吧。可能这更适合新手。\r\n\r\n下面不是按照重要性来的，，别误会了。。。。\r\n\r\n摒弃完美主义\r\n编程中的“完美主义”是非常致命的。举个简单的例子，我们要学习某个技术，并把它应用到实际开发中。如果是以前的我，那么我可能会把与该技术有关的书都借来，然后研读每个细节，直到所有的点都弄明白，然后再动手尝试着去开发。其实这就是一种所谓的“完美主义”，绝大多数起因于我们之前的应试教育的阴影。正确的做法应该是尝试着去做，边学边做，这样才可以更加高效的学习，而且可以满足项目的进度。之前的方式，不仅影响进度，而且会让我们迷失在细节的汪洋大海中，失去兴趣。学中做、做中学。\r\n\r\n想清楚了立马就去做，不要瞻前顾后\r\n之前，我在学习某个技术的时候，一直在想这个东西有没有用，学了可以干什么。总是在纠结这种问题，很难全身心的投入到学习中；而且，纠结的时间，就几乎可以入门某个技术了。更要命的是，我们的知识体系不够，或者说是我们不了解整个知识框架，才有这种幼稚的想法。其实多学习一些技术，在很多时候可以拓宽我们的知识面，虽然很多东西会忘记，但是一些基本思路和基本方法都会有较深地印象，一些资深架构师、技术专家和项目负责人等，都有很广阔的知识体系。\r\n\r\n学习编程的核心是学习思路和特性，而不是所谓的词法、语法\r\n首先，我要说明，词法语法很重要，这是程序能运行的基础，但是在刚开始学习的时候，不要过分的纠结于这些细节，要把主要的精力放在语言本身特性上，如果是新手，还要注意学习算法和数据结构。\r\n\r\n举个简单的例子，C++本身的特性相当复杂（看看标准手册就知道了），号称最难的语言。如果我们有了C语言的基础了，再学习C++的话，最好不要直接看那么复杂的手册。其实应该C++的基本特性入手（我不是C++高手，不当的地方还请包含）：C++相比于C语言，最核心的是扩展了面向对象部分和泛型编程（包括STL）部分（先不考虑C++11以及以后的版本），因此我们在学习的时候，先把这两个基本点弄清楚。或者说，这两个点的基本用法先弄明白，搞清楚怎么回事后，在一步步地深入拓展下去；而不是每天都看标准手册，我估计那样正常人都会GG。。拓展的时候也是，每个点都要边学边练的策略，由浅入深。我之前踩的坑是刚开始就像搞明白所有的东西，结果最后搞得身心疲惫，以至于很难学精，而且丢了兴趣。\r\n\r\n同样的例子，如果由C++转Java，我们需要了解Java语言的基本特性是什么。先不考虑JVM的情况下，主要的区别有两大点：面向对象的部分和自动垃圾回收的部分（包括指针引用之类的）。掌握了基本特性，在一步步地去解决，不仅效率高，而且不会丢失兴趣。\r\n\r\n学习编程不要钻牛角尖，编程最终目的是为了解决问题（需求）\r\n我遇到过很多同学，包括之前的我在内，总是容易钻牛角尖。比如说，将来是要做后台的，那么前端的东西一点都不碰；或者说，我认为Linux才是一个合格开发者必备的工具，用Windows显得很菜（可能一般是是服务端同学这么想）；又或者说，大佬们都用vim or Emacs，用IDE显得没有那么Geek等等。这样类似的问题有很多，我个人把它们归结为钻牛角尖。其实，现在来看，这种想法是很幼稚的，连基本的东西都搞不明白，就一味地追求所谓地“高手地配置”，没什么卵用；而且，只要能高效地解决问题，就不要管那些是否是“Geek”的东西，编程的本质是为了解决问题（需求）\r\n\r\n要合理分配学习的重心，搞明白问题的轻重缓急，以需求为导向\r\n现在，各种新技术层出不穷，令人眼花缭乱，别说是新手了，就是有一定编程经验同学，也会纠结各种各样问题。但是，以我现在的观点来看，造成这种现象的一个很重要的原因是，我们没能搞明白自己的真正需求。技术总是学不完的，如果再像 应试教育那样，非要搞明白每个知识点，那么肯定完不成任务，正确的做法是先弄明白自己到底要干什么，然后再去搜集有关的资料等，最后确定解决问题的大体步骤，然后根据步骤来有计划地、分部分地学习。很多时候，编程学习需要不求甚解，这是和应试教育最大区别，也是我们最需要克服的障碍之一。\r\n\r\n多向他人请教，多与别人交流，保持一个谦卑的心态\r\n“程序员是最骄傲的一个群体”，这话不是没有道理的。甚至可以说相当一部分的程序员，都想要证明自己的牛×高明之处，总是有想要证明自己比别人聪明、比别人强，总要成为整个项目的最最最核心的人物，总是有强烈的个人英雄主义情结。我承认，曾经的我也是这样的，后来接触的人和事情多了以后，我也一直在反思自己的不足之处，我也一直在努力地克服自己的缺点。\r\n\r\n《商业的本质》一书有一句很经典的话：“商业的本质是一个团体活动”。我个人十分赞同这句话，我们在IT界，先排除那些纯粹公益性质的开源项目，我们中的绝大多数人编程是为了做商业性质项目来获取收入的。那么，我们从事的活动本质上也是一个商业活动，那么也就是团体活动了。而上述的行为，是非常“反团体”的，这种行为肯定会对真个项目组造成极为恶劣的影响。\r\n\r\n人都有有自己的个性，但是不能把这个作为一些坏毛病的借口，所谓“人不可以有傲气，但不可无傲骨”。我们要学会欣赏并学习周围同学（同事）有点和长处，多和他们交流，取长补短，真正地去发挥团队的力量。要记住一句话：别人总是有地方比自己聪明的。\r\n\r\n别和自己较劲\r\n这一点和别钻牛角尖类似，在这里单独拿出来，是为了再次强调。很多人遇到问题总是想自己去解决，总是认为参考别人的思路或者代码就显得自己很low，非要和自己较劲。其实才是这是一种非常low的想法，编程本身是一个思想活动，而思想最重要的还是交流，思想交流的价值不言而喻。因此，如果有自己确实解决不了的问题，应该及时向搜索引擎或者懂的人请教，这没什么，重要的是解决问题和学习新的思路与方法。\r\n\r\n多读多写代码\r\n编程和写作有很多类似的地方，都是一个将思维反映在“纸面”上的活动，不过写作是一个比较“模糊”的映射，而编程需要一个精确的“映射”。成为一个优秀的作家，巨大的阅读量是一个先决条件；同时，只看不写也永远成不了作家。编程也是同理，要多看别人写的“文章”，同时也要自己不断练习，只有这样，才有机会成为dalao。', '1', '2', '1', '1', '123', '34', '2018-07-25 15:47:34', '2018-11-25 15:47:49', '2018-12-25 09:57:30');
INSERT INTO `f_forum` VALUES ('36', '【发帖必看】牛客网发帖规范说明及要求||附加精申请通道', '一些总结\r\n以下是我个人对于怎样学习的一些总结，这结合了我的一些经历，尤其是各种坑。希望可以对各位有所启发吧。可能这更适合新手。\r\n\r\n下面不是按照重要性来的，，别误会了。。。。\r\n\r\n摒弃完美主义\r\n编程中的“完美主义”是非常致命的。举个简单的例子，我们要学习某个技术，并把它应用到实际开发中。如果是以前的我，那么我可能会把与该技术有关的书都借来，然后研读每个细节，直到所有的点都弄明白，然后再动手尝试着去开发。其实这就是一种所谓的“完美主义”，绝大多数起因于我们之前的应试教育的阴影。正确的做法应该是尝试着去做，边学边做，这样才可以更加高效的学习，而且可以满足项目的进度。之前的方式，不仅影响进度，而且会让我们迷失在细节的汪洋大海中，失去兴趣。学中做、做中学。\r\n\r\n想清楚了立马就去做，不要瞻前顾后\r\n之前，我在学习某个技术的时候，一直在想这个东西有没有用，学了可以干什么。总是在纠结这种问题，很难全身心的投入到学习中；而且，纠结的时间，就几乎可以入门某个技术了。更要命的是，我们的知识体系不够，或者说是我们不了解整个知识框架，才有这种幼稚的想法。其实多学习一些技术，在很多时候可以拓宽我们的知识面，虽然很多东西会忘记，但是一些基本思路和基本方法都会有较深地印象，一些资深架构师、技术专家和项目负责人等，都有很广阔的知识体系。\r\n\r\n学习编程的核心是学习思路和特性，而不是所谓的词法、语法\r\n首先，我要说明，词法语法很重要，这是程序能运行的基础，但是在刚开始学习的时候，不要过分的纠结于这些细节，要把主要的精力放在语言本身特性上，如果是新手，还要注意学习算法和数据结构。\r\n\r\n举个简单的例子，C++本身的特性相当复杂（看看标准手册就知道了），号称最难的语言。如果我们有了C语言的基础了，再学习C++的话，最好不要直接看那么复杂的手册。其实应该C++的基本特性入手（我不是C++高手，不当的地方还请包含）：C++相比于C语言，最核心的是扩展了面向对象部分和泛型编程（包括STL）部分（先不考虑C++11以及以后的版本），因此我们在学习的时候，先把这两个基本点弄清楚。或者说，这两个点的基本用法先弄明白，搞清楚怎么回事后，在一步步地深入拓展下去；而不是每天都看标准手册，我估计那样正常人都会GG。。拓展的时候也是，每个点都要边学边练的策略，由浅入深。我之前踩的坑是刚开始就像搞明白所有的东西，结果最后搞得身心疲惫，以至于很难学精，而且丢了兴趣。\r\n\r\n同样的例子，如果由C++转Java，我们需要了解Java语言的基本特性是什么。先不考虑JVM的情况下，主要的区别有两大点：面向对象的部分和自动垃圾回收的部分（包括指针引用之类的）。掌握了基本特性，在一步步地去解决，不仅效率高，而且不会丢失兴趣。\r\n\r\n学习编程不要钻牛角尖，编程最终目的是为了解决问题（需求）\r\n我遇到过很多同学，包括之前的我在内，总是容易钻牛角尖。比如说，将来是要做后台的，那么前端的东西一点都不碰；或者说，我认为Linux才是一个合格开发者必备的工具，用Windows显得很菜（可能一般是是服务端同学这么想）；又或者说，大佬们都用vim or Emacs，用IDE显得没有那么Geek等等。这样类似的问题有很多，我个人把它们归结为钻牛角尖。其实，现在来看，这种想法是很幼稚的，连基本的东西都搞不明白，就一味地追求所谓地“高手地配置”，没什么卵用；而且，只要能高效地解决问题，就不要管那些是否是“Geek”的东西，编程的本质是为了解决问题（需求）\r\n\r\n要合理分配学习的重心，搞明白问题的轻重缓急，以需求为导向\r\n现在，各种新技术层出不穷，令人眼花缭乱，别说是新手了，就是有一定编程经验同学，也会纠结各种各样问题。但是，以我现在的观点来看，造成这种现象的一个很重要的原因是，我们没能搞明白自己的真正需求。技术总是学不完的，如果再像 应试教育那样，非要搞明白每个知识点，那么肯定完不成任务，正确的做法是先弄明白自己到底要干什么，然后再去搜集有关的资料等，最后确定解决问题的大体步骤，然后根据步骤来有计划地、分部分地学习。很多时候，编程学习需要不求甚解，这是和应试教育最大区别，也是我们最需要克服的障碍之一。\r\n\r\n多向他人请教，多与别人交流，保持一个谦卑的心态\r\n“程序员是最骄傲的一个群体”，这话不是没有道理的。甚至可以说相当一部分的程序员，都想要证明自己的牛×高明之处，总是有想要证明自己比别人聪明、比别人强，总要成为整个项目的最最最核心的人物，总是有强烈的个人英雄主义情结。我承认，曾经的我也是这样的，后来接触的人和事情多了以后，我也一直在反思自己的不足之处，我也一直在努力地克服自己的缺点。\r\n\r\n《商业的本质》一书有一句很经典的话：“商业的本质是一个团体活动”。我个人十分赞同这句话，我们在IT界，先排除那些纯粹公益性质的开源项目，我们中的绝大多数人编程是为了做商业性质项目来获取收入的。那么，我们从事的活动本质上也是一个商业活动，那么也就是团体活动了。而上述的行为，是非常“反团体”的，这种行为肯定会对真个项目组造成极为恶劣的影响。\r\n\r\n人都有有自己的个性，但是不能把这个作为一些坏毛病的借口，所谓“人不可以有傲气，但不可无傲骨”。我们要学会欣赏并学习周围同学（同事）有点和长处，多和他们交流，取长补短，真正地去发挥团队的力量。要记住一句话：别人总是有地方比自己聪明的。\r\n\r\n别和自己较劲\r\n这一点和别钻牛角尖类似，在这里单独拿出来，是为了再次强调。很多人遇到问题总是想自己去解决，总是认为参考别人的思路或者代码就显得自己很low，非要和自己较劲。其实才是这是一种非常low的想法，编程本身是一个思想活动，而思想最重要的还是交流，思想交流的价值不言而喻。因此，如果有自己确实解决不了的问题，应该及时向搜索引擎或者懂的人请教，这没什么，重要的是解决问题和学习新的思路与方法。\r\n\r\n多读多写代码\r\n编程和写作有很多类似的地方，都是一个将思维反映在“纸面”上的活动，不过写作是一个比较“模糊”的映射，而编程需要一个精确的“映射”。成为一个优秀的作家，巨大的阅读量是一个先决条件；同时，只看不写也永远成不了作家。编程也是同理，要多看别人写的“文章”，同时也要自己不断练习，只有这样，才有机会成为dalao。', '2', '1', '1', '1', '123', '12', '2018-07-25 15:47:34', '2018-11-25 15:47:49', '2018-12-25 09:57:30');
INSERT INTO `f_forum` VALUES ('37', '【发帖人必看】牛客规范明及要求||附加精申请通道', ' 在HTML 4中 noshade 属性已废弃,HTML 4.01 Strict DTD 或 XHTML 1.0 Strict DTD 已不支持该属性，可以使用 CSS 替代。', '3', '1', '1', '1', '123', '45', '2018-07-25 15:47:34', '2018-11-25 15:47:49', '2018-12-25 09:57:30');
INSERT INTO `f_forum` VALUES ('38', '【发帖人必看】牛客网发帖规范说明及要求||附加精申请通道', '有自己的判断力\r\n这和我自己踩的坑有关，我在这里不想指责谁，也不想埋怨有些事情，只能说当初选择“Leader”和“Team”的时候，确实是经验不足，不过这正好是一个很宝贵的经历，至少让我有了比其他同学更多的阅历！“悟已往之不谏，知来者之可追”，这些都过去了，重要的现在和未来。在这里，我只想说一句：选对方向、做对事、跟对人。\r\n\r\n英文能力\r\n这一点不用多说，对于准备从事IT行业的大学生来说，更进一步说，对于想要成为未来某一个领域的精英来说，熟练的英文都是必不可少的，不要仅仅把自己局限于所谓的四六级上。我更要对一些普通院校的同学强调一下这一点，因为普通院校学生高考时的英文平均水平就相对来说低一点，然后大学的学习氛围可能远不及那些重点院校的，因此好多同学到大四甚至还没过四级，如果是IT类专业的同学，我也只能表示很无语了。\r\n\r\n大部分最新的资料或者文档等，都是英文的；所有的顶级期刊的论文，也都是英文的；还有其他很多等，都是英文的。别跟我说有翻译软件，首先，翻译软件的能力还远不能精确无误地处理处理所有的语句，这在很多场景下是致命的；其次，这只不过是你不愿意去学习英文的一个借口罢了。我见过一些同学，总是爱拿自己英文底子不好作为借口，不去学习，真是可笑至极。你就是每天学习一点，四年的大学积累也足够你熟练阅读科技类文献了，我们都不是英文母语，谁也不是天生就会的，都是靠后天自己学习的，遇到困难总是爱找这样或者那样的借口，这种人很难成功，做一个熟练的底层码农就可以了，还天天幻想自己能成为顶级架构师和资深技术专家，简直是痴人说梦，呵呵。。哀其不幸。。\r\n\r\n不要受周围环境的影响，尽量寻找一个好的环境\r\n“物以类聚，人以群分”，我很赞成这句话。尤其是到了大学里面，我们会遇到各种各样的人，会加入到不同的圈子里面。我想给各位的意见是，不要被周围那些不好的环境给同化掉了 ，要时刻提醒自己，时刻记着自己的目标。那我自己经历过的一些事情来说，在我还在飞行器专业的时候，每当背着书包去看书时，有时遇到一些很“奇怪”的声音，比如：“哟，×××又去学习去啊”，再加上那种东北特有的声调，你可以想象一下那场景，不过好在没有被那些天天混吃等死之类给同化；即使是来到计算机，也很惊讶地发现，好多科班学生的代码量总和都没有我一个学期写的多，好多人连基本的代码都写不了几行。。（上述的一些情况，可能很大程度上与学校有关，这些经历可能更贴近那些普通院校的同学）。\r\n\r\n对于这种情况，我们没必要跟那些人进行理论，最有力的反击是用收入来吊打他们，反正钱赚了是自己的。。。而且，很多时候，不要自己一个人前行，还需要一些志同道合的伙伴一起，大家可以互相激励，取长补短。\r\n\r\n最后一点是最好不要和那些满身都是负能量的人经常接触，否则我们也可能变得那样。记住，前途是光明的，但是发展的道路可能是曲折的。我们要做的是坚信光明的前途，正视道路的曲折并想办法克服！！！\r\n\r\nIT人不仅要有智商，还要有情商\r\n重要的事情说三遍：情商很重要、情商很重要、情商很重要。没有人愿意天天和一个冰冷的“编码机器”打交道，即使这个“机器”很牛×。不要感觉自己能力比别人强一点，就目中无人，处处体现自己的优越感。这在IT人身上非常常见。我承认，我曾经也犯过类似的错误，不过我现在更加清醒地认识到情商地重要性了。\r\n\r\n前面提到过团队的重要性，一个好的团队是成功的基石。团队是否优秀，不仅仅取决于团队成员的平均水平；团队成员的协同能力也非常重要。而协同力需要成员之间的互相配合，这和智商无关，取决于情商。\r\n\r\n如果你和那些成功人士接触过，你会发现和他们交流是一种享受。这很大程度上，是因为他们不仅仅知识渊博、阅历丰富，更是因为他们还有非常高的情商！情商的培养，不是一蹴而就的，需要在平时中逐渐养成，如果你也想成为一个成功人士，那么现在开始就要注重情商。\r\n\r\n保持耐心，懂得分解难题和循序渐进\r\n我犯过一个非常致命的错误：总想一次性解决一个问题，没有考虑对难题进行分解，也不去想着分阶段解决问题，问题过长的时候总是缺乏耐心而放弃。我感觉，可能好多同学都有过类似的错误或者经历。我总结了一下我会犯这种错误的原因：\r\n\r\n缺乏科学合理的指导与训练。这是最主要的一个原因，我们以后需要解决的都是工程应用问题，而之前接受的都是一个个离散的点的知识，如果没有科学的训练和指导，很难把问题分解成为我们学过的知识。因此，我建议如果有机会，大家就要想办法加入一个项目组，感受下实战的氛围。\r\n\r\n内心的自负。我总想一次性解决问题，这样才能显得比较“牛×”。现在想想，真是可笑。那些大型的项目，都是一点点分解成小的可解决的项目，然后分步解决，最终组合起来的。很少有一次性能解决的问题，因此要拜托不正常的心态，积极应对。\r\n\r\n应试教育的后遗症。这也是比较有争议的一点，我感觉我在这方面受到了部分的影响，你可以有自己的看法。\r\n\r\n广泛的阅读\r\n这里的阅读，不仅仅是技术类的。当然，如果作为技术人，技术类的书籍肯定是最多的。但是，在技术类之外的，还要广泛阅读其他类型的：政治、历史、经济、人文、军事、心理和职场类等，都要有所涉猎。个人认为，对IT人来说，未来的竞争是以技术作为突破点，比拼综合实力的过程。\r\n\r\n补充一点，那些毫无营养的书籍就不要看了，这里主要是指那些给屌丝们用于YY的书籍，毫无营养价值不说，还会让你沉迷于那种纯粹是痴想的境界，具体书籍我就不举例子了，主要是那些个 ruo zhi 的小说类的。。。。有这功夫，还是想想怎么赚钱吧，23333333333。想要放松式的阅读，就多看下那些名著之类的，比那些la ji xiao shuo不知强了多少倍。。\r\n\r\n养成批判性的思维方式\r\n前边提到的那一个“有自己的判断力”是这个的子集，大学学的不仅仅是知识，更重要的是思维方式。知识我们会忘记，但是养成的批判性思维方式会是最宝贵的财富之一。这里，强烈推荐一本书《学会提问》，这部书可以作为批判性思维方式的入门书籍，多读几遍！！！！！！！等你读完这本书之后，剩下的不用我说，你也知道怎么办了。\r\n\r\n技术人要有自己的博客\r\n我是今年年初开始写博客的，博客里面有各种配置过程，学习的一些知识，各种坑之类的。博客是最好的笔记，如果你没有自己的博客，那么现在就开始写。\r\n\r\nPS：博客园里的主要是我的软工作业。。。我实际的博客在CSDN，但是我不会告诉你我的地址的，23333333\r\n\r\n还有其他的，留作后续补充\r\n其他的还有，时间原因，后续不断补充。', '2', '2', '1', '1', '123', '12', '2018-07-25 15:47:34', '2018-11-25 15:47:49', '2018-12-25 09:57:30');
INSERT INTO `f_forum` VALUES ('39', '【发帖必看】牛客网发帖规范说明及要求||附加精申请通道', '有自己的判断力\r\n这和我自己踩的坑有关，我在这里不想指责谁，也不想埋怨有些事情，只能说当初选择“Leader”和“Team”的时候，确实是经验不足，不过这正好是一个很宝贵的经历，至少让我有了比其他同学更多的阅历！“悟已往之不谏，知来者之可追”，这些都过去了，重要的现在和未来。在这里，我只想说一句：选对方向、做对事、跟对人。\r\n\r\n英文能力\r\n这一点不用多说，对于准备从事IT行业的大学生来说，更进一步说，对于想要成为未来某一个领域的精英来说，熟练的英文都是必不可少的，不要仅仅把自己局限于所谓的四六级上。我更要对一些普通院校的同学强调一下这一点，因为普通院校学生高考时的英文平均水平就相对来说低一点，然后大学的学习氛围可能远不及那些重点院校的，因此好多同学到大四甚至还没过四级，如果是IT类专业的同学，我也只能表示很无语了。\r\n\r\n大部分最新的资料或者文档等，都是英文的；所有的顶级期刊的论文，也都是英文的；还有其他很多等，都是英文的。别跟我说有翻译软件，首先，翻译软件的能力还远不能精确无误地处理处理所有的语句，这在很多场景下是致命的；其次，这只不过是你不愿意去学习英文的一个借口罢了。我见过一些同学，总是爱拿自己英文底子不好作为借口，不去学习，真是可笑至极。你就是每天学习一点，四年的大学积累也足够你熟练阅读科技类文献了，我们都不是英文母语，谁也不是天生就会的，都是靠后天自己学习的，遇到困难总是爱找这样或者那样的借口，这种人很难成功，做一个熟练的底层码农就可以了，还天天幻想自己能成为顶级架构师和资深技术专家，简直是痴人说梦，呵呵。。哀其不幸。。\r\n\r\n不要受周围环境的影响，尽量寻找一个好的环境\r\n“物以类聚，人以群分”，我很赞成这句话。尤其是到了大学里面，我们会遇到各种各样的人，会加入到不同的圈子里面。我想给各位的意见是，不要被周围那些不好的环境给同化掉了 ，要时刻提醒自己，时刻记着自己的目标。那我自己经历过的一些事情来说，在我还在飞行器专业的时候，每当背着书包去看书时，有时遇到一些很“奇怪”的声音，比如：“哟，×××又去学习去啊”，再加上那种东北特有的声调，你可以想象一下那场景，不过好在没有被那些天天混吃等死之类给同化；即使是来到计算机，也很惊讶地发现，好多科班学生的代码量总和都没有我一个学期写的多，好多人连基本的代码都写不了几行。。（上述的一些情况，可能很大程度上与学校有关，这些经历可能更贴近那些普通院校的同学）。\r\n\r\n对于这种情况，我们没必要跟那些人进行理论，最有力的反击是用收入来吊打他们，反正钱赚了是自己的。。。而且，很多时候，不要自己一个人前行，还需要一些志同道合的伙伴一起，大家可以互相激励，取长补短。\r\n\r\n最后一点是最好不要和那些满身都是负能量的人经常接触，否则我们也可能变得那样。记住，前途是光明的，但是发展的道路可能是曲折的。我们要做的是坚信光明的前途，正视道路的曲折并想办法克服！！！\r\n\r\nIT人不仅要有智商，还要有情商\r\n重要的事情说三遍：情商很重要、情商很重要、情商很重要。没有人愿意天天和一个冰冷的“编码机器”打交道，即使这个“机器”很牛×。不要感觉自己能力比别人强一点，就目中无人，处处体现自己的优越感。这在IT人身上非常常见。我承认，我曾经也犯过类似的错误，不过我现在更加清醒地认识到情商地重要性了。\r\n\r\n前面提到过团队的重要性，一个好的团队是成功的基石。团队是否优秀，不仅仅取决于团队成员的平均水平；团队成员的协同能力也非常重要。而协同力需要成员之间的互相配合，这和智商无关，取决于情商。\r\n\r\n如果你和那些成功人士接触过，你会发现和他们交流是一种享受。这很大程度上，是因为他们不仅仅知识渊博、阅历丰富，更是因为他们还有非常高的情商！情商的培养，不是一蹴而就的，需要在平时中逐渐养成，如果你也想成为一个成功人士，那么现在开始就要注重情商。\r\n\r\n保持耐心，懂得分解难题和循序渐进\r\n我犯过一个非常致命的错误：总想一次性解决一个问题，没有考虑对难题进行分解，也不去想着分阶段解决问题，问题过长的时候总是缺乏耐心而放弃。我感觉，可能好多同学都有过类似的错误或者经历。我总结了一下我会犯这种错误的原因：\r\n\r\n缺乏科学合理的指导与训练。这是最主要的一个原因，我们以后需要解决的都是工程应用问题，而之前接受的都是一个个离散的点的知识，如果没有科学的训练和指导，很难把问题分解成为我们学过的知识。因此，我建议如果有机会，大家就要想办法加入一个项目组，感受下实战的氛围。\r\n\r\n内心的自负。我总想一次性解决问题，这样才能显得比较“牛×”。现在想想，真是可笑。那些大型的项目，都是一点点分解成小的可解决的项目，然后分步解决，最终组合起来的。很少有一次性能解决的问题，因此要拜托不正常的心态，积极应对。\r\n\r\n应试教育的后遗症。这也是比较有争议的一点，我感觉我在这方面受到了部分的影响，你可以有自己的看法。\r\n\r\n广泛的阅读\r\n这里的阅读，不仅仅是技术类的。当然，如果作为技术人，技术类的书籍肯定是最多的。但是，在技术类之外的，还要广泛阅读其他类型的：政治、历史、经济、人文、军事、心理和职场类等，都要有所涉猎。个人认为，对IT人来说，未来的竞争是以技术作为突破点，比拼综合实力的过程。\r\n\r\n补充一点，那些毫无营养的书籍就不要看了，这里主要是指那些给屌丝们用于YY的书籍，毫无营养价值不说，还会让你沉迷于那种纯粹是痴想的境界，具体书籍我就不举例子了，主要是那些个 ruo zhi 的小说类的。。。。有这功夫，还是想想怎么赚钱吧，23333333333。想要放松式的阅读，就多看下那些名著之类的，比那些la ji xiao shuo不知强了多少倍。。\r\n\r\n养成批判性的思维方式\r\n前边提到的那一个“有自己的判断力”是这个的子集，大学学的不仅仅是知识，更重要的是思维方式。知识我们会忘记，但是养成的批判性思维方式会是最宝贵的财富之一。这里，强烈推荐一本书《学会提问》，这部书可以作为批判性思维方式的入门书籍，多读几遍！！！！！！！等你读完这本书之后，剩下的不用我说，你也知道怎么办了。\r\n\r\n技术人要有自己的博客\r\n我是今年年初开始写博客的，博客里面有各种配置过程，学习的一些知识，各种坑之类的。博客是最好的笔记，如果你没有自己的博客，那么现在就开始写。\r\n\r\nPS：博客园里的主要是我的软工作业。。。我实际的博客在CSDN，但是我不会告诉你我的地址的，23333333\r\n\r\n还有其他的，留作后续补充\r\n其他的还有，时间原因，后续不断补充。', '1', '1', '1', '1', '123', '12', '2018-07-25 15:47:34', '2018-11-25 15:47:49', '2018-12-25 09:57:30');
INSERT INTO `f_forum` VALUES ('40', '【发帖人必看】牛客网发帖规范说明及要求||附加精申请通道', '有自己的判断力\r\n这和我自己踩的坑有关，我在这里不想指责谁，也不想埋怨有些事情，只能说当初选择“Leader”和“Team”的时候，确实是经验不足，不过这正好是一个很宝贵的经历，至少让我有了比其他同学更多的阅历！“悟已往之不谏，知来者之可追”，这些都过去了，重要的现在和未来。在这里，我只想说一句：选对方向、做对事、跟对人。\r\n\r\n英文能力\r\n这一点不用多说，对于准备从事IT行业的大学生来说，更进一步说，对于想要成为未来某一个领域的精英来说，熟练的英文都是必不可少的，不要仅仅把自己局限于所谓的四六级上。我更要对一些普通院校的同学强调一下这一点，因为普通院校学生高考时的英文平均水平就相对来说低一点，然后大学的学习氛围可能远不及那些重点院校的，因此好多同学到大四甚至还没过四级，如果是IT类专业的同学，我也只能表示很无语了。\r\n\r\n大部分最新的资料或者文档等，都是英文的；所有的顶级期刊的论文，也都是英文的；还有其他很多等，都是英文的。别跟我说有翻译软件，首先，翻译软件的能力还远不能精确无误地处理处理所有的语句，这在很多场景下是致命的；其次，这只不过是你不愿意去学习英文的一个借口罢了。我见过一些同学，总是爱拿自己英文底子不好作为借口，不去学习，真是可笑至极。你就是每天学习一点，四年的大学积累也足够你熟练阅读科技类文献了，我们都不是英文母语，谁也不是天生就会的，都是靠后天自己学习的，遇到困难总是爱找这样或者那样的借口，这种人很难成功，做一个熟练的底层码农就可以了，还天天幻想自己能成为顶级架构师和资深技术专家，简直是痴人说梦，呵呵。。哀其不幸。。\r\n\r\n不要受周围环境的影响，尽量寻找一个好的环境\r\n“物以类聚，人以群分”，我很赞成这句话。尤其是到了大学里面，我们会遇到各种各样的人，会加入到不同的圈子里面。我想给各位的意见是，不要被周围那些不好的环境给同化掉了 ，要时刻提醒自己，时刻记着自己的目标。那我自己经历过的一些事情来说，在我还在飞行器专业的时候，每当背着书包去看书时，有时遇到一些很“奇怪”的声音，比如：“哟，×××又去学习去啊”，再加上那种东北特有的声调，你可以想象一下那场景，不过好在没有被那些天天混吃等死之类给同化；即使是来到计算机，也很惊讶地发现，好多科班学生的代码量总和都没有我一个学期写的多，好多人连基本的代码都写不了几行。。（上述的一些情况，可能很大程度上与学校有关，这些经历可能更贴近那些普通院校的同学）。\r\n\r\n对于这种情况，我们没必要跟那些人进行理论，最有力的反击是用收入来吊打他们，反正钱赚了是自己的。。。而且，很多时候，不要自己一个人前行，还需要一些志同道合的伙伴一起，大家可以互相激励，取长补短。\r\n\r\n最后一点是最好不要和那些满身都是负能量的人经常接触，否则我们也可能变得那样。记住，前途是光明的，但是发展的道路可能是曲折的。我们要做的是坚信光明的前途，正视道路的曲折并想办法克服！！！\r\n\r\nIT人不仅要有智商，还要有情商\r\n重要的事情说三遍：情商很重要、情商很重要、情商很重要。没有人愿意天天和一个冰冷的“编码机器”打交道，即使这个“机器”很牛×。不要感觉自己能力比别人强一点，就目中无人，处处体现自己的优越感。这在IT人身上非常常见。我承认，我曾经也犯过类似的错误，不过我现在更加清醒地认识到情商地重要性了。\r\n\r\n前面提到过团队的重要性，一个好的团队是成功的基石。团队是否优秀，不仅仅取决于团队成员的平均水平；团队成员的协同能力也非常重要。而协同力需要成员之间的互相配合，这和智商无关，取决于情商。\r\n\r\n如果你和那些成功人士接触过，你会发现和他们交流是一种享受。这很大程度上，是因为他们不仅仅知识渊博、阅历丰富，更是因为他们还有非常高的情商！情商的培养，不是一蹴而就的，需要在平时中逐渐养成，如果你也想成为一个成功人士，那么现在开始就要注重情商。\r\n\r\n保持耐心，懂得分解难题和循序渐进\r\n我犯过一个非常致命的错误：总想一次性解决一个问题，没有考虑对难题进行分解，也不去想着分阶段解决问题，问题过长的时候总是缺乏耐心而放弃。我感觉，可能好多同学都有过类似的错误或者经历。我总结了一下我会犯这种错误的原因：\r\n\r\n缺乏科学合理的指导与训练。这是最主要的一个原因，我们以后需要解决的都是工程应用问题，而之前接受的都是一个个离散的点的知识，如果没有科学的训练和指导，很难把问题分解成为我们学过的知识。因此，我建议如果有机会，大家就要想办法加入一个项目组，感受下实战的氛围。\r\n\r\n内心的自负。我总想一次性解决问题，这样才能显得比较“牛×”。现在想想，真是可笑。那些大型的项目，都是一点点分解成小的可解决的项目，然后分步解决，最终组合起来的。很少有一次性能解决的问题，因此要拜托不正常的心态，积极应对。\r\n\r\n应试教育的后遗症。这也是比较有争议的一点，我感觉我在这方面受到了部分的影响，你可以有自己的看法。\r\n\r\n广泛的阅读\r\n这里的阅读，不仅仅是技术类的。当然，如果作为技术人，技术类的书籍肯定是最多的。但是，在技术类之外的，还要广泛阅读其他类型的：政治、历史、经济、人文、军事、心理和职场类等，都要有所涉猎。个人认为，对IT人来说，未来的竞争是以技术作为突破点，比拼综合实力的过程。\r\n\r\n补充一点，那些毫无营养的书籍就不要看了，这里主要是指那些给屌丝们用于YY的书籍，毫无营养价值不说，还会让你沉迷于那种纯粹是痴想的境界，具体书籍我就不举例子了，主要是那些个 ruo zhi 的小说类的。。。。有这功夫，还是想想怎么赚钱吧，23333333333。想要放松式的阅读，就多看下那些名著之类的，比那些la ji xiao shuo不知强了多少倍。。\r\n\r\n养成批判性的思维方式\r\n前边提到的那一个“有自己的判断力”是这个的子集，大学学的不仅仅是知识，更重要的是思维方式。知识我们会忘记，但是养成的批判性思维方式会是最宝贵的财富之一。这里，强烈推荐一本书《学会提问》，这部书可以作为批判性思维方式的入门书籍，多读几遍！！！！！！！等你读完这本书之后，剩下的不用我说，你也知道怎么办了。\r\n\r\n技术人要有自己的博客\r\n我是今年年初开始写博客的，博客里面有各种配置过程，学习的一些知识，各种坑之类的。博客是最好的笔记，如果你没有自己的博客，那么现在就开始写。\r\n\r\nPS：博客园里的主要是我的软工作业。。。我实际的博客在CSDN，但是我不会告诉你我的地址的，23333333\r\n\r\n还有其他的，留作后续补充\r\n其他的还有，时间原因，后续不断补充。', '2', '1', '1', '1', '123', '12', '2018-07-25 15:47:34', '2018-11-25 15:47:49', '2018-12-25 09:57:30');
INSERT INTO `f_forum` VALUES ('41', '【发帖人必看】牛客网发帖规明及要求||附加精申请通道', '有自己的判断力\r\n这和我自己踩的坑有关，我在这里不想指责谁，也不想埋怨有些事情，只能说当初选择“Leader”和“Team”的时候，确实是经验不足，不过这正好是一个很宝贵的经历，至少让我有了比其他同学更多的阅历！“悟已往之不谏，知来者之可追”，这些都过去了，重要的现在和未来。在这里，我只想说一句：选对方向、做对事、跟对人。\r\n\r\n英文能力\r\n这一点不用多说，对于准备从事IT行业的大学生来说，更进一步说，对于想要成为未来某一个领域的精英来说，熟练的英文都是必不可少的，不要仅仅把自己局限于所谓的四六级上。我更要对一些普通院校的同学强调一下这一点，因为普通院校学生高考时的英文平均水平就相对来说低一点，然后大学的学习氛围可能远不及那些重点院校的，因此好多同学到大四甚至还没过四级，如果是IT类专业的同学，我也只能表示很无语了。\r\n\r\n大部分最新的资料或者文档等，都是英文的；所有的顶级期刊的论文，也都是英文的；还有其他很多等，都是英文的。别跟我说有翻译软件，首先，翻译软件的能力还远不能精确无误地处理处理所有的语句，这在很多场景下是致命的；其次，这只不过是你不愿意去学习英文的一个借口罢了。我见过一些同学，总是爱拿自己英文底子不好作为借口，不去学习，真是可笑至极。你就是每天学习一点，四年的大学积累也足够你熟练阅读科技类文献了，我们都不是英文母语，谁也不是天生就会的，都是靠后天自己学习的，遇到困难总是爱找这样或者那样的借口，这种人很难成功，做一个熟练的底层码农就可以了，还天天幻想自己能成为顶级架构师和资深技术专家，简直是痴人说梦，呵呵。。哀其不幸。。\r\n\r\n不要受周围环境的影响，尽量寻找一个好的环境\r\n“物以类聚，人以群分”，我很赞成这句话。尤其是到了大学里面，我们会遇到各种各样的人，会加入到不同的圈子里面。我想给各位的意见是，不要被周围那些不好的环境给同化掉了 ，要时刻提醒自己，时刻记着自己的目标。那我自己经历过的一些事情来说，在我还在飞行器专业的时候，每当背着书包去看书时，有时遇到一些很“奇怪”的声音，比如：“哟，×××又去学习去啊”，再加上那种东北特有的声调，你可以想象一下那场景，不过好在没有被那些天天混吃等死之类给同化；即使是来到计算机，也很惊讶地发现，好多科班学生的代码量总和都没有我一个学期写的多，好多人连基本的代码都写不了几行。。（上述的一些情况，可能很大程度上与学校有关，这些经历可能更贴近那些普通院校的同学）。\r\n\r\n对于这种情况，我们没必要跟那些人进行理论，最有力的反击是用收入来吊打他们，反正钱赚了是自己的。。。而且，很多时候，不要自己一个人前行，还需要一些志同道合的伙伴一起，大家可以互相激励，取长补短。\r\n\r\n最后一点是最好不要和那些满身都是负能量的人经常接触，否则我们也可能变得那样。记住，前途是光明的，但是发展的道路可能是曲折的。我们要做的是坚信光明的前途，正视道路的曲折并想办法克服！！！\r\n\r\nIT人不仅要有智商，还要有情商\r\n重要的事情说三遍：情商很重要、情商很重要、情商很重要。没有人愿意天天和一个冰冷的“编码机器”打交道，即使这个“机器”很牛×。不要感觉自己能力比别人强一点，就目中无人，处处体现自己的优越感。这在IT人身上非常常见。我承认，我曾经也犯过类似的错误，不过我现在更加清醒地认识到情商地重要性了。\r\n\r\n前面提到过团队的重要性，一个好的团队是成功的基石。团队是否优秀，不仅仅取决于团队成员的平均水平；团队成员的协同能力也非常重要。而协同力需要成员之间的互相配合，这和智商无关，取决于情商。\r\n\r\n如果你和那些成功人士接触过，你会发现和他们交流是一种享受。这很大程度上，是因为他们不仅仅知识渊博、阅历丰富，更是因为他们还有非常高的情商！情商的培养，不是一蹴而就的，需要在平时中逐渐养成，如果你也想成为一个成功人士，那么现在开始就要注重情商。\r\n\r\n保持耐心，懂得分解难题和循序渐进\r\n我犯过一个非常致命的错误：总想一次性解决一个问题，没有考虑对难题进行分解，也不去想着分阶段解决问题，问题过长的时候总是缺乏耐心而放弃。我感觉，可能好多同学都有过类似的错误或者经历。我总结了一下我会犯这种错误的原因：\r\n\r\n缺乏科学合理的指导与训练。这是最主要的一个原因，我们以后需要解决的都是工程应用问题，而之前接受的都是一个个离散的点的知识，如果没有科学的训练和指导，很难把问题分解成为我们学过的知识。因此，我建议如果有机会，大家就要想办法加入一个项目组，感受下实战的氛围。\r\n\r\n内心的自负。我总想一次性解决问题，这样才能显得比较“牛×”。现在想想，真是可笑。那些大型的项目，都是一点点分解成小的可解决的项目，然后分步解决，最终组合起来的。很少有一次性能解决的问题，因此要拜托不正常的心态，积极应对。\r\n\r\n应试教育的后遗症。这也是比较有争议的一点，我感觉我在这方面受到了部分的影响，你可以有自己的看法。\r\n\r\n广泛的阅读\r\n这里的阅读，不仅仅是技术类的。当然，如果作为技术人，技术类的书籍肯定是最多的。但是，在技术类之外的，还要广泛阅读其他类型的：政治、历史、经济、人文、军事、心理和职场类等，都要有所涉猎。个人认为，对IT人来说，未来的竞争是以技术作为突破点，比拼综合实力的过程。\r\n\r\n补充一点，那些毫无营养的书籍就不要看了，这里主要是指那些给屌丝们用于YY的书籍，毫无营养价值不说，还会让你沉迷于那种纯粹是痴想的境界，具体书籍我就不举例子了，主要是那些个 ruo zhi 的小说类的。。。。有这功夫，还是想想怎么赚钱吧，23333333333。想要放松式的阅读，就多看下那些名著之类的，比那些la ji xiao shuo不知强了多少倍。。\r\n\r\n养成批判性的思维方式\r\n前边提到的那一个“有自己的判断力”是这个的子集，大学学的不仅仅是知识，更重要的是思维方式。知识我们会忘记，但是养成的批判性思维方式会是最宝贵的财富之一。这里，强烈推荐一本书《学会提问》，这部书可以作为批判性思维方式的入门书籍，多读几遍！！！！！！！等你读完这本书之后，剩下的不用我说，你也知道怎么办了。\r\n\r\n技术人要有自己的博客\r\n我是今年年初开始写博客的，博客里面有各种配置过程，学习的一些知识，各种坑之类的。博客是最好的笔记，如果你没有自己的博客，那么现在就开始写。\r\n\r\nPS：博客园里的主要是我的软工作业。。。我实际的博客在CSDN，但是我不会告诉你我的地址的，23333333\r\n\r\n还有其他的，留作后续补充\r\n其他的还有，时间原因，后续不断补充。', '4', '1', '1', '1', '123', '12', '2018-07-25 15:47:34', '2018-11-25 15:47:49', '2018-12-25 09:57:30');
INSERT INTO `f_forum` VALUES ('42', '【发帖必看】牛客网发帖规范说明及要求||附加精申请通道', ' 在HTML 4中 noshade 属性已废弃,HTML 4.01 Strict DTD 或 XHTML 1.0 Strict DTD 已不支持该属性，可以使用 CSS 替代。', '7', '1', '1', '1', '123', '12', '2018-07-25 15:47:34', '2018-11-25 15:47:49', '2018-12-25 09:57:30');
INSERT INTO `f_forum` VALUES ('43', '【发帖人必看】牛客网帖规范说明及要求||附加精申请通道', '有自己的判断力\r\n这和我自己踩的坑有关，我在这里不想指责谁，也不想埋怨有些事情，只能说当初选择“Leader”和“Team”的时候，确实是经验不足，不过这正好是一个很宝贵的经历，至少让我有了比其他同学更多的阅历！“悟已往之不谏，知来者之可追”，这些都过去了，重要的现在和未来。在这里，我只想说一句：选对方向、做对事、跟对人。\r\n\r\n英文能力\r\n这一点不用多说，对于准备从事IT行业的大学生来说，更进一步说，对于想要成为未来某一个领域的精英来说，熟练的英文都是必不可少的，不要仅仅把自己局限于所谓的四六级上。我更要对一些普通院校的同学强调一下这一点，因为普通院校学生高考时的英文平均水平就相对来说低一点，然后大学的学习氛围可能远不及那些重点院校的，因此好多同学到大四甚至还没过四级，如果是IT类专业的同学，我也只能表示很无语了。\r\n\r\n大部分最新的资料或者文档等，都是英文的；所有的顶级期刊的论文，也都是英文的；还有其他很多等，都是英文的。别跟我说有翻译软件，首先，翻译软件的能力还远不能精确无误地处理处理所有的语句，这在很多场景下是致命的；其次，这只不过是你不愿意去学习英文的一个借口罢了。我见过一些同学，总是爱拿自己英文底子不好作为借口，不去学习，真是可笑至极。你就是每天学习一点，四年的大学积累也足够你熟练阅读科技类文献了，我们都不是英文母语，谁也不是天生就会的，都是靠后天自己学习的，遇到困难总是爱找这样或者那样的借口，这种人很难成功，做一个熟练的底层码农就可以了，还天天幻想自己能成为顶级架构师和资深技术专家，简直是痴人说梦，呵呵。。哀其不幸。。\r\n\r\n不要受周围环境的影响，尽量寻找一个好的环境\r\n“物以类聚，人以群分”，我很赞成这句话。尤其是到了大学里面，我们会遇到各种各样的人，会加入到不同的圈子里面。我想给各位的意见是，不要被周围那些不好的环境给同化掉了 ，要时刻提醒自己，时刻记着自己的目标。那我自己经历过的一些事情来说，在我还在飞行器专业的时候，每当背着书包去看书时，有时遇到一些很“奇怪”的声音，比如：“哟，×××又去学习去啊”，再加上那种东北特有的声调，你可以想象一下那场景，不过好在没有被那些天天混吃等死之类给同化；即使是来到计算机，也很惊讶地发现，好多科班学生的代码量总和都没有我一个学期写的多，好多人连基本的代码都写不了几行。。（上述的一些情况，可能很大程度上与学校有关，这些经历可能更贴近那些普通院校的同学）。\r\n\r\n对于这种情况，我们没必要跟那些人进行理论，最有力的反击是用收入来吊打他们，反正钱赚了是自己的。。。而且，很多时候，不要自己一个人前行，还需要一些志同道合的伙伴一起，大家可以互相激励，取长补短。\r\n\r\n最后一点是最好不要和那些满身都是负能量的人经常接触，否则我们也可能变得那样。记住，前途是光明的，但是发展的道路可能是曲折的。我们要做的是坚信光明的前途，正视道路的曲折并想办法克服！！！\r\n\r\nIT人不仅要有智商，还要有情商\r\n重要的事情说三遍：情商很重要、情商很重要、情商很重要。没有人愿意天天和一个冰冷的“编码机器”打交道，即使这个“机器”很牛×。不要感觉自己能力比别人强一点，就目中无人，处处体现自己的优越感。这在IT人身上非常常见。我承认，我曾经也犯过类似的错误，不过我现在更加清醒地认识到情商地重要性了。\r\n\r\n前面提到过团队的重要性，一个好的团队是成功的基石。团队是否优秀，不仅仅取决于团队成员的平均水平；团队成员的协同能力也非常重要。而协同力需要成员之间的互相配合，这和智商无关，取决于情商。\r\n\r\n如果你和那些成功人士接触过，你会发现和他们交流是一种享受。这很大程度上，是因为他们不仅仅知识渊博、阅历丰富，更是因为他们还有非常高的情商！情商的培养，不是一蹴而就的，需要在平时中逐渐养成，如果你也想成为一个成功人士，那么现在开始就要注重情商。\r\n\r\n保持耐心，懂得分解难题和循序渐进\r\n我犯过一个非常致命的错误：总想一次性解决一个问题，没有考虑对难题进行分解，也不去想着分阶段解决问题，问题过长的时候总是缺乏耐心而放弃。我感觉，可能好多同学都有过类似的错误或者经历。我总结了一下我会犯这种错误的原因：\r\n\r\n缺乏科学合理的指导与训练。这是最主要的一个原因，我们以后需要解决的都是工程应用问题，而之前接受的都是一个个离散的点的知识，如果没有科学的训练和指导，很难把问题分解成为我们学过的知识。因此，我建议如果有机会，大家就要想办法加入一个项目组，感受下实战的氛围。\r\n\r\n内心的自负。我总想一次性解决问题，这样才能显得比较“牛×”。现在想想，真是可笑。那些大型的项目，都是一点点分解成小的可解决的项目，然后分步解决，最终组合起来的。很少有一次性能解决的问题，因此要拜托不正常的心态，积极应对。\r\n\r\n应试教育的后遗症。这也是比较有争议的一点，我感觉我在这方面受到了部分的影响，你可以有自己的看法。\r\n\r\n广泛的阅读\r\n这里的阅读，不仅仅是技术类的。当然，如果作为技术人，技术类的书籍肯定是最多的。但是，在技术类之外的，还要广泛阅读其他类型的：政治、历史、经济、人文、军事、心理和职场类等，都要有所涉猎。个人认为，对IT人来说，未来的竞争是以技术作为突破点，比拼综合实力的过程。\r\n\r\n补充一点，那些毫无营养的书籍就不要看了，这里主要是指那些给屌丝们用于YY的书籍，毫无营养价值不说，还会让你沉迷于那种纯粹是痴想的境界，具体书籍我就不举例子了，主要是那些个 ruo zhi 的小说类的。。。。有这功夫，还是想想怎么赚钱吧，23333333333。想要放松式的阅读，就多看下那些名著之类的，比那些la ji xiao shuo不知强了多少倍。。\r\n\r\n养成批判性的思维方式\r\n前边提到的那一个“有自己的判断力”是这个的子集，大学学的不仅仅是知识，更重要的是思维方式。知识我们会忘记，但是养成的批判性思维方式会是最宝贵的财富之一。这里，强烈推荐一本书《学会提问》，这部书可以作为批判性思维方式的入门书籍，多读几遍！！！！！！！等你读完这本书之后，剩下的不用我说，你也知道怎么办了。\r\n\r\n技术人要有自己的博客\r\n我是今年年初开始写博客的，博客里面有各种配置过程，学习的一些知识，各种坑之类的。博客是最好的笔记，如果你没有自己的博客，那么现在就开始写。\r\n\r\nPS：博客园里的主要是我的软工作业。。。我实际的博客在CSDN，但是我不会告诉你我的地址的，23333333\r\n\r\n还有其他的，留作后续补充\r\n其他的还有，时间原因，后续不断补充。', '1', '2', '1', '1', '123', '12', '2018-07-25 15:47:34', '2018-11-25 15:47:49', '2018-12-25 09:57:31');
INSERT INTO `f_forum` VALUES ('44', '【发帖必看】牛客网发帖范说明及要求||附加精申请通道', '有自己的判断力\r\n这和我自己踩的坑有关，我在这里不想指责谁，也不想埋怨有些事情，只能说当初选择“Leader”和“Team”的时候，确实是经验不足，不过这正好是一个很宝贵的经历，至少让我有了比其他同学更多的阅历！“悟已往之不谏，知来者之可追”，这些都过去了，重要的现在和未来。在这里，我只想说一句：选对方向、做对事、跟对人。\r\n\r\n英文能力\r\n这一点不用多说，对于准备从事IT行业的大学生来说，更进一步说，对于想要成为未来某一个领域的精英来说，熟练的英文都是必不可少的，不要仅仅把自己局限于所谓的四六级上。我更要对一些普通院校的同学强调一下这一点，因为普通院校学生高考时的英文平均水平就相对来说低一点，然后大学的学习氛围可能远不及那些重点院校的，因此好多同学到大四甚至还没过四级，如果是IT类专业的同学，我也只能表示很无语了。\r\n\r\n大部分最新的资料或者文档等，都是英文的；所有的顶级期刊的论文，也都是英文的；还有其他很多等，都是英文的。别跟我说有翻译软件，首先，翻译软件的能力还远不能精确无误地处理处理所有的语句，这在很多场景下是致命的；其次，这只不过是你不愿意去学习英文的一个借口罢了。我见过一些同学，总是爱拿自己英文底子不好作为借口，不去学习，真是可笑至极。你就是每天学习一点，四年的大学积累也足够你熟练阅读科技类文献了，我们都不是英文母语，谁也不是天生就会的，都是靠后天自己学习的，遇到困难总是爱找这样或者那样的借口，这种人很难成功，做一个熟练的底层码农就可以了，还天天幻想自己能成为顶级架构师和资深技术专家，简直是痴人说梦，呵呵。。哀其不幸。。\r\n\r\n不要受周围环境的影响，尽量寻找一个好的环境\r\n“物以类聚，人以群分”，我很赞成这句话。尤其是到了大学里面，我们会遇到各种各样的人，会加入到不同的圈子里面。我想给各位的意见是，不要被周围那些不好的环境给同化掉了 ，要时刻提醒自己，时刻记着自己的目标。那我自己经历过的一些事情来说，在我还在飞行器专业的时候，每当背着书包去看书时，有时遇到一些很“奇怪”的声音，比如：“哟，×××又去学习去啊”，再加上那种东北特有的声调，你可以想象一下那场景，不过好在没有被那些天天混吃等死之类给同化；即使是来到计算机，也很惊讶地发现，好多科班学生的代码量总和都没有我一个学期写的多，好多人连基本的代码都写不了几行。。（上述的一些情况，可能很大程度上与学校有关，这些经历可能更贴近那些普通院校的同学）。\r\n\r\n对于这种情况，我们没必要跟那些人进行理论，最有力的反击是用收入来吊打他们，反正钱赚了是自己的。。。而且，很多时候，不要自己一个人前行，还需要一些志同道合的伙伴一起，大家可以互相激励，取长补短。\r\n\r\n最后一点是最好不要和那些满身都是负能量的人经常接触，否则我们也可能变得那样。记住，前途是光明的，但是发展的道路可能是曲折的。我们要做的是坚信光明的前途，正视道路的曲折并想办法克服！！！\r\n\r\nIT人不仅要有智商，还要有情商\r\n重要的事情说三遍：情商很重要、情商很重要、情商很重要。没有人愿意天天和一个冰冷的“编码机器”打交道，即使这个“机器”很牛×。不要感觉自己能力比别人强一点，就目中无人，处处体现自己的优越感。这在IT人身上非常常见。我承认，我曾经也犯过类似的错误，不过我现在更加清醒地认识到情商地重要性了。\r\n\r\n前面提到过团队的重要性，一个好的团队是成功的基石。团队是否优秀，不仅仅取决于团队成员的平均水平；团队成员的协同能力也非常重要。而协同力需要成员之间的互相配合，这和智商无关，取决于情商。\r\n\r\n如果你和那些成功人士接触过，你会发现和他们交流是一种享受。这很大程度上，是因为他们不仅仅知识渊博、阅历丰富，更是因为他们还有非常高的情商！情商的培养，不是一蹴而就的，需要在平时中逐渐养成，如果你也想成为一个成功人士，那么现在开始就要注重情商。\r\n\r\n保持耐心，懂得分解难题和循序渐进\r\n我犯过一个非常致命的错误：总想一次性解决一个问题，没有考虑对难题进行分解，也不去想着分阶段解决问题，问题过长的时候总是缺乏耐心而放弃。我感觉，可能好多同学都有过类似的错误或者经历。我总结了一下我会犯这种错误的原因：\r\n\r\n缺乏科学合理的指导与训练。这是最主要的一个原因，我们以后需要解决的都是工程应用问题，而之前接受的都是一个个离散的点的知识，如果没有科学的训练和指导，很难把问题分解成为我们学过的知识。因此，我建议如果有机会，大家就要想办法加入一个项目组，感受下实战的氛围。\r\n\r\n内心的自负。我总想一次性解决问题，这样才能显得比较“牛×”。现在想想，真是可笑。那些大型的项目，都是一点点分解成小的可解决的项目，然后分步解决，最终组合起来的。很少有一次性能解决的问题，因此要拜托不正常的心态，积极应对。\r\n\r\n应试教育的后遗症。这也是比较有争议的一点，我感觉我在这方面受到了部分的影响，你可以有自己的看法。\r\n\r\n广泛的阅读\r\n这里的阅读，不仅仅是技术类的。当然，如果作为技术人，技术类的书籍肯定是最多的。但是，在技术类之外的，还要广泛阅读其他类型的：政治、历史、经济、人文、军事、心理和职场类等，都要有所涉猎。个人认为，对IT人来说，未来的竞争是以技术作为突破点，比拼综合实力的过程。\r\n\r\n补充一点，那些毫无营养的书籍就不要看了，这里主要是指那些给屌丝们用于YY的书籍，毫无营养价值不说，还会让你沉迷于那种纯粹是痴想的境界，具体书籍我就不举例子了，主要是那些个 ruo zhi 的小说类的。。。。有这功夫，还是想想怎么赚钱吧，23333333333。想要放松式的阅读，就多看下那些名著之类的，比那些la ji xiao shuo不知强了多少倍。。\r\n\r\n养成批判性的思维方式\r\n前边提到的那一个“有自己的判断力”是这个的子集，大学学的不仅仅是知识，更重要的是思维方式。知识我们会忘记，但是养成的批判性思维方式会是最宝贵的财富之一。这里，强烈推荐一本书《学会提问》，这部书可以作为批判性思维方式的入门书籍，多读几遍！！！！！！！等你读完这本书之后，剩下的不用我说，你也知道怎么办了。\r\n\r\n技术人要有自己的博客\r\n我是今年年初开始写博客的，博客里面有各种配置过程，学习的一些知识，各种坑之类的。博客是最好的笔记，如果你没有自己的博客，那么现在就开始写。\r\n\r\nPS：博客园里的主要是我的软工作业。。。我实际的博客在CSDN，但是我不会告诉你我的地址的，23333333\r\n\r\n还有其他的，留作后续补充\r\n其他的还有，时间原因，后续不断补充。', '2', '1', '1', '1', '123', '12', '2018-07-25 15:47:34', '2018-11-25 15:47:49', '2018-12-25 09:57:31');
INSERT INTO `f_forum` VALUES ('45', '【发帖人必看】牛客网发帖规范说明及要求||附加精申请通道', ' 在HTML 4中 noshade 属性已废弃,HTML 4.01 Strict DTD 或 XHTML 1.0 Strict DTD 已不支持该属性，可以使用 CSS 替代。', '3', '1', '1', '1', '231', '23', '2018-07-25 15:47:34', '2018-11-25 15:47:49', '2018-12-25 09:57:34');
INSERT INTO `f_forum` VALUES ('46', '【发帖人必看】牛客网发帖规范说明及要求||附加精申请通道', '有自己的判断力\r\n这和我自己踩的坑有关，我在这里不想指责谁，也不想埋怨有些事情，只能说当初选择“Leader”和“Team”的时候，确实是经验不足，不过这正好是一个很宝贵的经历，至少让我有了比其他同学更多的阅历！“悟已往之不谏，知来者之可追”，这些都过去了，重要的现在和未来。在这里，我只想说一句：选对方向、做对事、跟对人。\r\n\r\n英文能力\r\n这一点不用多说，对于准备从事IT行业的大学生来说，更进一步说，对于想要成为未来某一个领域的精英来说，熟练的英文都是必不可少的，不要仅仅把自己局限于所谓的四六级上。我更要对一些普通院校的同学强调一下这一点，因为普通院校学生高考时的英文平均水平就相对来说低一点，然后大学的学习氛围可能远不及那些重点院校的，因此好多同学到大四甚至还没过四级，如果是IT类专业的同学，我也只能表示很无语了。\r\n\r\n大部分最新的资料或者文档等，都是英文的；所有的顶级期刊的论文，也都是英文的；还有其他很多等，都是英文的。别跟我说有翻译软件，首先，翻译软件的能力还远不能精确无误地处理处理所有的语句，这在很多场景下是致命的；其次，这只不过是你不愿意去学习英文的一个借口罢了。我见过一些同学，总是爱拿自己英文底子不好作为借口，不去学习，真是可笑至极。你就是每天学习一点，四年的大学积累也足够你熟练阅读科技类文献了，我们都不是英文母语，谁也不是天生就会的，都是靠后天自己学习的，遇到困难总是爱找这样或者那样的借口，这种人很难成功，做一个熟练的底层码农就可以了，还天天幻想自己能成为顶级架构师和资深技术专家，简直是痴人说梦，呵呵。。哀其不幸。。\r\n\r\n不要受周围环境的影响，尽量寻找一个好的环境\r\n“物以类聚，人以群分”，我很赞成这句话。尤其是到了大学里面，我们会遇到各种各样的人，会加入到不同的圈子里面。我想给各位的意见是，不要被周围那些不好的环境给同化掉了 ，要时刻提醒自己，时刻记着自己的目标。那我自己经历过的一些事情来说，在我还在飞行器专业的时候，每当背着书包去看书时，有时遇到一些很“奇怪”的声音，比如：“哟，×××又去学习去啊”，再加上那种东北特有的声调，你可以想象一下那场景，不过好在没有被那些天天混吃等死之类给同化；即使是来到计算机，也很惊讶地发现，好多科班学生的代码量总和都没有我一个学期写的多，好多人连基本的代码都写不了几行。。（上述的一些情况，可能很大程度上与学校有关，这些经历可能更贴近那些普通院校的同学）。\r\n\r\n对于这种情况，我们没必要跟那些人进行理论，最有力的反击是用收入来吊打他们，反正钱赚了是自己的。。。而且，很多时候，不要自己一个人前行，还需要一些志同道合的伙伴一起，大家可以互相激励，取长补短。\r\n\r\n最后一点是最好不要和那些满身都是负能量的人经常接触，否则我们也可能变得那样。记住，前途是光明的，但是发展的道路可能是曲折的。我们要做的是坚信光明的前途，正视道路的曲折并想办法克服！！！\r\n\r\nIT人不仅要有智商，还要有情商\r\n重要的事情说三遍：情商很重要、情商很重要、情商很重要。没有人愿意天天和一个冰冷的“编码机器”打交道，即使这个“机器”很牛×。不要感觉自己能力比别人强一点，就目中无人，处处体现自己的优越感。这在IT人身上非常常见。我承认，我曾经也犯过类似的错误，不过我现在更加清醒地认识到情商地重要性了。\r\n\r\n前面提到过团队的重要性，一个好的团队是成功的基石。团队是否优秀，不仅仅取决于团队成员的平均水平；团队成员的协同能力也非常重要。而协同力需要成员之间的互相配合，这和智商无关，取决于情商。\r\n\r\n如果你和那些成功人士接触过，你会发现和他们交流是一种享受。这很大程度上，是因为他们不仅仅知识渊博、阅历丰富，更是因为他们还有非常高的情商！情商的培养，不是一蹴而就的，需要在平时中逐渐养成，如果你也想成为一个成功人士，那么现在开始就要注重情商。\r\n\r\n保持耐心，懂得分解难题和循序渐进\r\n我犯过一个非常致命的错误：总想一次性解决一个问题，没有考虑对难题进行分解，也不去想着分阶段解决问题，问题过长的时候总是缺乏耐心而放弃。我感觉，可能好多同学都有过类似的错误或者经历。我总结了一下我会犯这种错误的原因：\r\n\r\n缺乏科学合理的指导与训练。这是最主要的一个原因，我们以后需要解决的都是工程应用问题，而之前接受的都是一个个离散的点的知识，如果没有科学的训练和指导，很难把问题分解成为我们学过的知识。因此，我建议如果有机会，大家就要想办法加入一个项目组，感受下实战的氛围。\r\n\r\n内心的自负。我总想一次性解决问题，这样才能显得比较“牛×”。现在想想，真是可笑。那些大型的项目，都是一点点分解成小的可解决的项目，然后分步解决，最终组合起来的。很少有一次性能解决的问题，因此要拜托不正常的心态，积极应对。\r\n\r\n应试教育的后遗症。这也是比较有争议的一点，我感觉我在这方面受到了部分的影响，你可以有自己的看法。\r\n\r\n广泛的阅读\r\n这里的阅读，不仅仅是技术类的。当然，如果作为技术人，技术类的书籍肯定是最多的。但是，在技术类之外的，还要广泛阅读其他类型的：政治、历史、经济、人文、军事、心理和职场类等，都要有所涉猎。个人认为，对IT人来说，未来的竞争是以技术作为突破点，比拼综合实力的过程。\r\n\r\n补充一点，那些毫无营养的书籍就不要看了，这里主要是指那些给屌丝们用于YY的书籍，毫无营养价值不说，还会让你沉迷于那种纯粹是痴想的境界，具体书籍我就不举例子了，主要是那些个 ruo zhi 的小说类的。。。。有这功夫，还是想想怎么赚钱吧，23333333333。想要放松式的阅读，就多看下那些名著之类的，比那些la ji xiao shuo不知强了多少倍。。\r\n\r\n养成批判性的思维方式\r\n前边提到的那一个“有自己的判断力”是这个的子集，大学学的不仅仅是知识，更重要的是思维方式。知识我们会忘记，但是养成的批判性思维方式会是最宝贵的财富之一。这里，强烈推荐一本书《学会提问》，这部书可以作为批判性思维方式的入门书籍，多读几遍！！！！！！！等你读完这本书之后，剩下的不用我说，你也知道怎么办了。\r\n\r\n技术人要有自己的博客\r\n我是今年年初开始写博客的，博客里面有各种配置过程，学习的一些知识，各种坑之类的。博客是最好的笔记，如果你没有自己的博客，那么现在就开始写。\r\n\r\nPS：博客园里的主要是我的软工作业。。。我实际的博客在CSDN，但是我不会告诉你我的地址的，23333333\r\n\r\n还有其他的，留作后续补充\r\n其他的还有，时间原因，后续不断补充。', '2', '1', '1', '1', '123', '12', '2018-07-25 15:47:34', '2018-11-25 15:47:49', '2018-12-25 09:57:34');
INSERT INTO `f_forum` VALUES ('47', '【发帖必看】牛客网发帖规范说明及要求||附加精申请通道', '有自己的判断力\r\n这和我自己踩的坑有关，我在这里不想指责谁，也不想埋怨有些事情，只能说当初选择“Leader”和“Team”的时候，确实是经验不足，不过这正好是一个很宝贵的经历，至少让我有了比其他同学更多的阅历！“悟已往之不谏，知来者之可追”，这些都过去了，重要的现在和未来。在这里，我只想说一句：选对方向、做对事、跟对人。\r\n\r\n英文能力\r\n这一点不用多说，对于准备从事IT行业的大学生来说，更进一步说，对于想要成为未来某一个领域的精英来说，熟练的英文都是必不可少的，不要仅仅把自己局限于所谓的四六级上。我更要对一些普通院校的同学强调一下这一点，因为普通院校学生高考时的英文平均水平就相对来说低一点，然后大学的学习氛围可能远不及那些重点院校的，因此好多同学到大四甚至还没过四级，如果是IT类专业的同学，我也只能表示很无语了。\r\n\r\n大部分最新的资料或者文档等，都是英文的；所有的顶级期刊的论文，也都是英文的；还有其他很多等，都是英文的。别跟我说有翻译软件，首先，翻译软件的能力还远不能精确无误地处理处理所有的语句，这在很多场景下是致命的；其次，这只不过是你不愿意去学习英文的一个借口罢了。我见过一些同学，总是爱拿自己英文底子不好作为借口，不去学习，真是可笑至极。你就是每天学习一点，四年的大学积累也足够你熟练阅读科技类文献了，我们都不是英文母语，谁也不是天生就会的，都是靠后天自己学习的，遇到困难总是爱找这样或者那样的借口，这种人很难成功，做一个熟练的底层码农就可以了，还天天幻想自己能成为顶级架构师和资深技术专家，简直是痴人说梦，呵呵。。哀其不幸。。\r\n\r\n不要受周围环境的影响，尽量寻找一个好的环境\r\n“物以类聚，人以群分”，我很赞成这句话。尤其是到了大学里面，我们会遇到各种各样的人，会加入到不同的圈子里面。我想给各位的意见是，不要被周围那些不好的环境给同化掉了 ，要时刻提醒自己，时刻记着自己的目标。那我自己经历过的一些事情来说，在我还在飞行器专业的时候，每当背着书包去看书时，有时遇到一些很“奇怪”的声音，比如：“哟，×××又去学习去啊”，再加上那种东北特有的声调，你可以想象一下那场景，不过好在没有被那些天天混吃等死之类给同化；即使是来到计算机，也很惊讶地发现，好多科班学生的代码量总和都没有我一个学期写的多，好多人连基本的代码都写不了几行。。（上述的一些情况，可能很大程度上与学校有关，这些经历可能更贴近那些普通院校的同学）。\r\n\r\n对于这种情况，我们没必要跟那些人进行理论，最有力的反击是用收入来吊打他们，反正钱赚了是自己的。。。而且，很多时候，不要自己一个人前行，还需要一些志同道合的伙伴一起，大家可以互相激励，取长补短。\r\n\r\n最后一点是最好不要和那些满身都是负能量的人经常接触，否则我们也可能变得那样。记住，前途是光明的，但是发展的道路可能是曲折的。我们要做的是坚信光明的前途，正视道路的曲折并想办法克服！！！\r\n\r\nIT人不仅要有智商，还要有情商\r\n重要的事情说三遍：情商很重要、情商很重要、情商很重要。没有人愿意天天和一个冰冷的“编码机器”打交道，即使这个“机器”很牛×。不要感觉自己能力比别人强一点，就目中无人，处处体现自己的优越感。这在IT人身上非常常见。我承认，我曾经也犯过类似的错误，不过我现在更加清醒地认识到情商地重要性了。\r\n\r\n前面提到过团队的重要性，一个好的团队是成功的基石。团队是否优秀，不仅仅取决于团队成员的平均水平；团队成员的协同能力也非常重要。而协同力需要成员之间的互相配合，这和智商无关，取决于情商。\r\n\r\n如果你和那些成功人士接触过，你会发现和他们交流是一种享受。这很大程度上，是因为他们不仅仅知识渊博、阅历丰富，更是因为他们还有非常高的情商！情商的培养，不是一蹴而就的，需要在平时中逐渐养成，如果你也想成为一个成功人士，那么现在开始就要注重情商。\r\n\r\n保持耐心，懂得分解难题和循序渐进\r\n我犯过一个非常致命的错误：总想一次性解决一个问题，没有考虑对难题进行分解，也不去想着分阶段解决问题，问题过长的时候总是缺乏耐心而放弃。我感觉，可能好多同学都有过类似的错误或者经历。我总结了一下我会犯这种错误的原因：\r\n\r\n缺乏科学合理的指导与训练。这是最主要的一个原因，我们以后需要解决的都是工程应用问题，而之前接受的都是一个个离散的点的知识，如果没有科学的训练和指导，很难把问题分解成为我们学过的知识。因此，我建议如果有机会，大家就要想办法加入一个项目组，感受下实战的氛围。\r\n\r\n内心的自负。我总想一次性解决问题，这样才能显得比较“牛×”。现在想想，真是可笑。那些大型的项目，都是一点点分解成小的可解决的项目，然后分步解决，最终组合起来的。很少有一次性能解决的问题，因此要拜托不正常的心态，积极应对。\r\n\r\n应试教育的后遗症。这也是比较有争议的一点，我感觉我在这方面受到了部分的影响，你可以有自己的看法。\r\n\r\n广泛的阅读\r\n这里的阅读，不仅仅是技术类的。当然，如果作为技术人，技术类的书籍肯定是最多的。但是，在技术类之外的，还要广泛阅读其他类型的：政治、历史、经济、人文、军事、心理和职场类等，都要有所涉猎。个人认为，对IT人来说，未来的竞争是以技术作为突破点，比拼综合实力的过程。\r\n\r\n补充一点，那些毫无营养的书籍就不要看了，这里主要是指那些给屌丝们用于YY的书籍，毫无营养价值不说，还会让你沉迷于那种纯粹是痴想的境界，具体书籍我就不举例子了，主要是那些个 ruo zhi 的小说类的。。。。有这功夫，还是想想怎么赚钱吧，23333333333。想要放松式的阅读，就多看下那些名著之类的，比那些la ji xiao shuo不知强了多少倍。。\r\n\r\n养成批判性的思维方式\r\n前边提到的那一个“有自己的判断力”是这个的子集，大学学的不仅仅是知识，更重要的是思维方式。知识我们会忘记，但是养成的批判性思维方式会是最宝贵的财富之一。这里，强烈推荐一本书《学会提问》，这部书可以作为批判性思维方式的入门书籍，多读几遍！！！！！！！等你读完这本书之后，剩下的不用我说，你也知道怎么办了。\r\n\r\n技术人要有自己的博客\r\n我是今年年初开始写博客的，博客里面有各种配置过程，学习的一些知识，各种坑之类的。博客是最好的笔记，如果你没有自己的博客，那么现在就开始写。\r\n\r\nPS：博客园里的主要是我的软工作业。。。我实际的博客在CSDN，但是我不会告诉你我的地址的，23333333\r\n\r\n还有其他的，留作后续补充\r\n其他的还有，时间原因，后续不断补充。', '1', '2', '1', '1', '123', '21', '2018-07-25 15:47:34', '2018-11-25 15:47:49', '2018-12-25 09:57:34');
INSERT INTO `f_forum` VALUES ('48', '【发帖必看】牛客网发范说明及要求||附加精申请通道', ' 在HTML 4中 noshade 属性已废弃,HTML 4.01 Strict DTD 或 XHTML 1.0 Strict DTD 已不支持该属性，可以使用 CSS 替代。', '2', '1', '1', '1', '123', '12', '2018-07-25 15:47:34', '2018-11-25 15:47:49', '2018-12-25 09:57:34');
INSERT INTO `f_forum` VALUES ('49', '【发帖人必看】牛客网发帖规范说明及要求||附加精申请通道', '有自己的判断力\r\n这和我自己踩的坑有关，我在这里不想指责谁，也不想埋怨有些事情，只能说当初选择“Leader”和“Team”的时候，确实是经验不足，不过这正好是一个很宝贵的经历，至少让我有了比其他同学更多的阅历！“悟已往之不谏，知来者之可追”，这些都过去了，重要的现在和未来。在这里，我只想说一句：选对方向、做对事、跟对人。\r\n\r\n英文能力\r\n这一点不用多说，对于准备从事IT行业的大学生来说，更进一步说，对于想要成为未来某一个领域的精英来说，熟练的英文都是必不可少的，不要仅仅把自己局限于所谓的四六级上。我更要对一些普通院校的同学强调一下这一点，因为普通院校学生高考时的英文平均水平就相对来说低一点，然后大学的学习氛围可能远不及那些重点院校的，因此好多同学到大四甚至还没过四级，如果是IT类专业的同学，我也只能表示很无语了。\r\n\r\n大部分最新的资料或者文档等，都是英文的；所有的顶级期刊的论文，也都是英文的；还有其他很多等，都是英文的。别跟我说有翻译软件，首先，翻译软件的能力还远不能精确无误地处理处理所有的语句，这在很多场景下是致命的；其次，这只不过是你不愿意去学习英文的一个借口罢了。我见过一些同学，总是爱拿自己英文底子不好作为借口，不去学习，真是可笑至极。你就是每天学习一点，四年的大学积累也足够你熟练阅读科技类文献了，我们都不是英文母语，谁也不是天生就会的，都是靠后天自己学习的，遇到困难总是爱找这样或者那样的借口，这种人很难成功，做一个熟练的底层码农就可以了，还天天幻想自己能成为顶级架构师和资深技术专家，简直是痴人说梦，呵呵。。哀其不幸。。\r\n\r\n不要受周围环境的影响，尽量寻找一个好的环境\r\n“物以类聚，人以群分”，我很赞成这句话。尤其是到了大学里面，我们会遇到各种各样的人，会加入到不同的圈子里面。我想给各位的意见是，不要被周围那些不好的环境给同化掉了 ，要时刻提醒自己，时刻记着自己的目标。那我自己经历过的一些事情来说，在我还在飞行器专业的时候，每当背着书包去看书时，有时遇到一些很“奇怪”的声音，比如：“哟，×××又去学习去啊”，再加上那种东北特有的声调，你可以想象一下那场景，不过好在没有被那些天天混吃等死之类给同化；即使是来到计算机，也很惊讶地发现，好多科班学生的代码量总和都没有我一个学期写的多，好多人连基本的代码都写不了几行。。（上述的一些情况，可能很大程度上与学校有关，这些经历可能更贴近那些普通院校的同学）。\r\n\r\n对于这种情况，我们没必要跟那些人进行理论，最有力的反击是用收入来吊打他们，反正钱赚了是自己的。。。而且，很多时候，不要自己一个人前行，还需要一些志同道合的伙伴一起，大家可以互相激励，取长补短。\r\n\r\n最后一点是最好不要和那些满身都是负能量的人经常接触，否则我们也可能变得那样。记住，前途是光明的，但是发展的道路可能是曲折的。我们要做的是坚信光明的前途，正视道路的曲折并想办法克服！！！\r\n\r\nIT人不仅要有智商，还要有情商\r\n重要的事情说三遍：情商很重要、情商很重要、情商很重要。没有人愿意天天和一个冰冷的“编码机器”打交道，即使这个“机器”很牛×。不要感觉自己能力比别人强一点，就目中无人，处处体现自己的优越感。这在IT人身上非常常见。我承认，我曾经也犯过类似的错误，不过我现在更加清醒地认识到情商地重要性了。\r\n\r\n前面提到过团队的重要性，一个好的团队是成功的基石。团队是否优秀，不仅仅取决于团队成员的平均水平；团队成员的协同能力也非常重要。而协同力需要成员之间的互相配合，这和智商无关，取决于情商。\r\n\r\n如果你和那些成功人士接触过，你会发现和他们交流是一种享受。这很大程度上，是因为他们不仅仅知识渊博、阅历丰富，更是因为他们还有非常高的情商！情商的培养，不是一蹴而就的，需要在平时中逐渐养成，如果你也想成为一个成功人士，那么现在开始就要注重情商。\r\n\r\n保持耐心，懂得分解难题和循序渐进\r\n我犯过一个非常致命的错误：总想一次性解决一个问题，没有考虑对难题进行分解，也不去想着分阶段解决问题，问题过长的时候总是缺乏耐心而放弃。我感觉，可能好多同学都有过类似的错误或者经历。我总结了一下我会犯这种错误的原因：\r\n\r\n缺乏科学合理的指导与训练。这是最主要的一个原因，我们以后需要解决的都是工程应用问题，而之前接受的都是一个个离散的点的知识，如果没有科学的训练和指导，很难把问题分解成为我们学过的知识。因此，我建议如果有机会，大家就要想办法加入一个项目组，感受下实战的氛围。\r\n\r\n内心的自负。我总想一次性解决问题，这样才能显得比较“牛×”。现在想想，真是可笑。那些大型的项目，都是一点点分解成小的可解决的项目，然后分步解决，最终组合起来的。很少有一次性能解决的问题，因此要拜托不正常的心态，积极应对。\r\n\r\n应试教育的后遗症。这也是比较有争议的一点，我感觉我在这方面受到了部分的影响，你可以有自己的看法。\r\n\r\n广泛的阅读\r\n这里的阅读，不仅仅是技术类的。当然，如果作为技术人，技术类的书籍肯定是最多的。但是，在技术类之外的，还要广泛阅读其他类型的：政治、历史、经济、人文、军事、心理和职场类等，都要有所涉猎。个人认为，对IT人来说，未来的竞争是以技术作为突破点，比拼综合实力的过程。\r\n\r\n补充一点，那些毫无营养的书籍就不要看了，这里主要是指那些给屌丝们用于YY的书籍，毫无营养价值不说，还会让你沉迷于那种纯粹是痴想的境界，具体书籍我就不举例子了，主要是那些个 ruo zhi 的小说类的。。。。有这功夫，还是想想怎么赚钱吧，23333333333。想要放松式的阅读，就多看下那些名著之类的，比那些la ji xiao shuo不知强了多少倍。。\r\n\r\n养成批判性的思维方式\r\n前边提到的那一个“有自己的判断力”是这个的子集，大学学的不仅仅是知识，更重要的是思维方式。知识我们会忘记，但是养成的批判性思维方式会是最宝贵的财富之一。这里，强烈推荐一本书《学会提问》，这部书可以作为批判性思维方式的入门书籍，多读几遍！！！！！！！等你读完这本书之后，剩下的不用我说，你也知道怎么办了。\r\n\r\n技术人要有自己的博客\r\n我是今年年初开始写博客的，博客里面有各种配置过程，学习的一些知识，各种坑之类的。博客是最好的笔记，如果你没有自己的博客，那么现在就开始写。\r\n\r\nPS：博客园里的主要是我的软工作业。。。我实际的博客在CSDN，但是我不会告诉你我的地址的，23333333\r\n\r\n还有其他的，留作后续补充\r\n其他的还有，时间原因，后续不断补充。', '4', '1', '1', '1', '123', '12', '2018-07-25 15:47:34', '2018-11-25 15:47:49', '2018-12-25 09:57:34');
INSERT INTO `f_forum` VALUES ('50', '【发帖人必看】牛客网帖规范说明及要求||附加精申请通道', '有自己的判断力\r\n这和我自己踩的坑有关，我在这里不想指责谁，也不想埋怨有些事情，只能说当初选择“Leader”和“Team”的时候，确实是经验不足，不过这正好是一个很宝贵的经历，至少让我有了比其他同学更多的阅历！“悟已往之不谏，知来者之可追”，这些都过去了，重要的现在和未来。在这里，我只想说一句：选对方向、做对事、跟对人。\r\n\r\n英文能力\r\n这一点不用多说，对于准备从事IT行业的大学生来说，更进一步说，对于想要成为未来某一个领域的精英来说，熟练的英文都是必不可少的，不要仅仅把自己局限于所谓的四六级上。我更要对一些普通院校的同学强调一下这一点，因为普通院校学生高考时的英文平均水平就相对来说低一点，然后大学的学习氛围可能远不及那些重点院校的，因此好多同学到大四甚至还没过四级，如果是IT类专业的同学，我也只能表示很无语了。\r\n\r\n大部分最新的资料或者文档等，都是英文的；所有的顶级期刊的论文，也都是英文的；还有其他很多等，都是英文的。别跟我说有翻译软件，首先，翻译软件的能力还远不能精确无误地处理处理所有的语句，这在很多场景下是致命的；其次，这只不过是你不愿意去学习英文的一个借口罢了。我见过一些同学，总是爱拿自己英文底子不好作为借口，不去学习，真是可笑至极。你就是每天学习一点，四年的大学积累也足够你熟练阅读科技类文献了，我们都不是英文母语，谁也不是天生就会的，都是靠后天自己学习的，遇到困难总是爱找这样或者那样的借口，这种人很难成功，做一个熟练的底层码农就可以了，还天天幻想自己能成为顶级架构师和资深技术专家，简直是痴人说梦，呵呵。。哀其不幸。。\r\n\r\n不要受周围环境的影响，尽量寻找一个好的环境\r\n“物以类聚，人以群分”，我很赞成这句话。尤其是到了大学里面，我们会遇到各种各样的人，会加入到不同的圈子里面。我想给各位的意见是，不要被周围那些不好的环境给同化掉了 ，要时刻提醒自己，时刻记着自己的目标。那我自己经历过的一些事情来说，在我还在飞行器专业的时候，每当背着书包去看书时，有时遇到一些很“奇怪”的声音，比如：“哟，×××又去学习去啊”，再加上那种东北特有的声调，你可以想象一下那场景，不过好在没有被那些天天混吃等死之类给同化；即使是来到计算机，也很惊讶地发现，好多科班学生的代码量总和都没有我一个学期写的多，好多人连基本的代码都写不了几行。。（上述的一些情况，可能很大程度上与学校有关，这些经历可能更贴近那些普通院校的同学）。\r\n\r\n对于这种情况，我们没必要跟那些人进行理论，最有力的反击是用收入来吊打他们，反正钱赚了是自己的。。。而且，很多时候，不要自己一个人前行，还需要一些志同道合的伙伴一起，大家可以互相激励，取长补短。\r\n\r\n最后一点是最好不要和那些满身都是负能量的人经常接触，否则我们也可能变得那样。记住，前途是光明的，但是发展的道路可能是曲折的。我们要做的是坚信光明的前途，正视道路的曲折并想办法克服！！！\r\n\r\nIT人不仅要有智商，还要有情商\r\n重要的事情说三遍：情商很重要、情商很重要、情商很重要。没有人愿意天天和一个冰冷的“编码机器”打交道，即使这个“机器”很牛×。不要感觉自己能力比别人强一点，就目中无人，处处体现自己的优越感。这在IT人身上非常常见。我承认，我曾经也犯过类似的错误，不过我现在更加清醒地认识到情商地重要性了。\r\n\r\n前面提到过团队的重要性，一个好的团队是成功的基石。团队是否优秀，不仅仅取决于团队成员的平均水平；团队成员的协同能力也非常重要。而协同力需要成员之间的互相配合，这和智商无关，取决于情商。\r\n\r\n如果你和那些成功人士接触过，你会发现和他们交流是一种享受。这很大程度上，是因为他们不仅仅知识渊博、阅历丰富，更是因为他们还有非常高的情商！情商的培养，不是一蹴而就的，需要在平时中逐渐养成，如果你也想成为一个成功人士，那么现在开始就要注重情商。\r\n\r\n保持耐心，懂得分解难题和循序渐进\r\n我犯过一个非常致命的错误：总想一次性解决一个问题，没有考虑对难题进行分解，也不去想着分阶段解决问题，问题过长的时候总是缺乏耐心而放弃。我感觉，可能好多同学都有过类似的错误或者经历。我总结了一下我会犯这种错误的原因：\r\n\r\n缺乏科学合理的指导与训练。这是最主要的一个原因，我们以后需要解决的都是工程应用问题，而之前接受的都是一个个离散的点的知识，如果没有科学的训练和指导，很难把问题分解成为我们学过的知识。因此，我建议如果有机会，大家就要想办法加入一个项目组，感受下实战的氛围。\r\n\r\n内心的自负。我总想一次性解决问题，这样才能显得比较“牛×”。现在想想，真是可笑。那些大型的项目，都是一点点分解成小的可解决的项目，然后分步解决，最终组合起来的。很少有一次性能解决的问题，因此要拜托不正常的心态，积极应对。\r\n\r\n应试教育的后遗症。这也是比较有争议的一点，我感觉我在这方面受到了部分的影响，你可以有自己的看法。\r\n\r\n广泛的阅读\r\n这里的阅读，不仅仅是技术类的。当然，如果作为技术人，技术类的书籍肯定是最多的。但是，在技术类之外的，还要广泛阅读其他类型的：政治、历史、经济、人文、军事、心理和职场类等，都要有所涉猎。个人认为，对IT人来说，未来的竞争是以技术作为突破点，比拼综合实力的过程。\r\n\r\n补充一点，那些毫无营养的书籍就不要看了，这里主要是指那些给屌丝们用于YY的书籍，毫无营养价值不说，还会让你沉迷于那种纯粹是痴想的境界，具体书籍我就不举例子了，主要是那些个 ruo zhi 的小说类的。。。。有这功夫，还是想想怎么赚钱吧，23333333333。想要放松式的阅读，就多看下那些名著之类的，比那些la ji xiao shuo不知强了多少倍。。\r\n\r\n养成批判性的思维方式\r\n前边提到的那一个“有自己的判断力”是这个的子集，大学学的不仅仅是知识，更重要的是思维方式。知识我们会忘记，但是养成的批判性思维方式会是最宝贵的财富之一。这里，强烈推荐一本书《学会提问》，这部书可以作为批判性思维方式的入门书籍，多读几遍！！！！！！！等你读完这本书之后，剩下的不用我说，你也知道怎么办了。\r\n\r\n技术人要有自己的博客\r\n我是今年年初开始写博客的，博客里面有各种配置过程，学习的一些知识，各种坑之类的。博客是最好的笔记，如果你没有自己的博客，那么现在就开始写。\r\n\r\nPS：博客园里的主要是我的软工作业。。。我实际的博客在CSDN，但是我不会告诉你我的地址的，23333333\r\n\r\n还有其他的，留作后续补充\r\n其他的还有，时间原因，后续不断补充。', '7', '2', '1', '1', '123', '12', '2018-07-25 15:47:34', '2018-11-25 15:47:49', '2018-12-25 09:57:34');
INSERT INTO `f_forum` VALUES ('51', '【发帖人必看】牛客网发帖规范说明及要求||附加精申请通道', '有自己的判断力\r\n这和我自己踩的坑有关，我在这里不想指责谁，也不想埋怨有些事情，只能说当初选择“Leader”和“Team”的时候，确实是经验不足，不过这正好是一个很宝贵的经历，至少让我有了比其他同学更多的阅历！“悟已往之不谏，知来者之可追”，这些都过去了，重要的现在和未来。在这里，我只想说一句：选对方向、做对事、跟对人。\r\n\r\n英文能力\r\n这一点不用多说，对于准备从事IT行业的大学生来说，更进一步说，对于想要成为未来某一个领域的精英来说，熟练的英文都是必不可少的，不要仅仅把自己局限于所谓的四六级上。我更要对一些普通院校的同学强调一下这一点，因为普通院校学生高考时的英文平均水平就相对来说低一点，然后大学的学习氛围可能远不及那些重点院校的，因此好多同学到大四甚至还没过四级，如果是IT类专业的同学，我也只能表示很无语了。\r\n\r\n大部分最新的资料或者文档等，都是英文的；所有的顶级期刊的论文，也都是英文的；还有其他很多等，都是英文的。别跟我说有翻译软件，首先，翻译软件的能力还远不能精确无误地处理处理所有的语句，这在很多场景下是致命的；其次，这只不过是你不愿意去学习英文的一个借口罢了。我见过一些同学，总是爱拿自己英文底子不好作为借口，不去学习，真是可笑至极。你就是每天学习一点，四年的大学积累也足够你熟练阅读科技类文献了，我们都不是英文母语，谁也不是天生就会的，都是靠后天自己学习的，遇到困难总是爱找这样或者那样的借口，这种人很难成功，做一个熟练的底层码农就可以了，还天天幻想自己能成为顶级架构师和资深技术专家，简直是痴人说梦，呵呵。。哀其不幸。。\r\n\r\n不要受周围环境的影响，尽量寻找一个好的环境\r\n“物以类聚，人以群分”，我很赞成这句话。尤其是到了大学里面，我们会遇到各种各样的人，会加入到不同的圈子里面。我想给各位的意见是，不要被周围那些不好的环境给同化掉了 ，要时刻提醒自己，时刻记着自己的目标。那我自己经历过的一些事情来说，在我还在飞行器专业的时候，每当背着书包去看书时，有时遇到一些很“奇怪”的声音，比如：“哟，×××又去学习去啊”，再加上那种东北特有的声调，你可以想象一下那场景，不过好在没有被那些天天混吃等死之类给同化；即使是来到计算机，也很惊讶地发现，好多科班学生的代码量总和都没有我一个学期写的多，好多人连基本的代码都写不了几行。。（上述的一些情况，可能很大程度上与学校有关，这些经历可能更贴近那些普通院校的同学）。\r\n\r\n对于这种情况，我们没必要跟那些人进行理论，最有力的反击是用收入来吊打他们，反正钱赚了是自己的。。。而且，很多时候，不要自己一个人前行，还需要一些志同道合的伙伴一起，大家可以互相激励，取长补短。\r\n\r\n最后一点是最好不要和那些满身都是负能量的人经常接触，否则我们也可能变得那样。记住，前途是光明的，但是发展的道路可能是曲折的。我们要做的是坚信光明的前途，正视道路的曲折并想办法克服！！！\r\n\r\nIT人不仅要有智商，还要有情商\r\n重要的事情说三遍：情商很重要、情商很重要、情商很重要。没有人愿意天天和一个冰冷的“编码机器”打交道，即使这个“机器”很牛×。不要感觉自己能力比别人强一点，就目中无人，处处体现自己的优越感。这在IT人身上非常常见。我承认，我曾经也犯过类似的错误，不过我现在更加清醒地认识到情商地重要性了。\r\n\r\n前面提到过团队的重要性，一个好的团队是成功的基石。团队是否优秀，不仅仅取决于团队成员的平均水平；团队成员的协同能力也非常重要。而协同力需要成员之间的互相配合，这和智商无关，取决于情商。\r\n\r\n如果你和那些成功人士接触过，你会发现和他们交流是一种享受。这很大程度上，是因为他们不仅仅知识渊博、阅历丰富，更是因为他们还有非常高的情商！情商的培养，不是一蹴而就的，需要在平时中逐渐养成，如果你也想成为一个成功人士，那么现在开始就要注重情商。\r\n\r\n保持耐心，懂得分解难题和循序渐进\r\n我犯过一个非常致命的错误：总想一次性解决一个问题，没有考虑对难题进行分解，也不去想着分阶段解决问题，问题过长的时候总是缺乏耐心而放弃。我感觉，可能好多同学都有过类似的错误或者经历。我总结了一下我会犯这种错误的原因：\r\n\r\n缺乏科学合理的指导与训练。这是最主要的一个原因，我们以后需要解决的都是工程应用问题，而之前接受的都是一个个离散的点的知识，如果没有科学的训练和指导，很难把问题分解成为我们学过的知识。因此，我建议如果有机会，大家就要想办法加入一个项目组，感受下实战的氛围。\r\n\r\n内心的自负。我总想一次性解决问题，这样才能显得比较“牛×”。现在想想，真是可笑。那些大型的项目，都是一点点分解成小的可解决的项目，然后分步解决，最终组合起来的。很少有一次性能解决的问题，因此要拜托不正常的心态，积极应对。\r\n\r\n应试教育的后遗症。这也是比较有争议的一点，我感觉我在这方面受到了部分的影响，你可以有自己的看法。\r\n\r\n广泛的阅读\r\n这里的阅读，不仅仅是技术类的。当然，如果作为技术人，技术类的书籍肯定是最多的。但是，在技术类之外的，还要广泛阅读其他类型的：政治、历史、经济、人文、军事、心理和职场类等，都要有所涉猎。个人认为，对IT人来说，未来的竞争是以技术作为突破点，比拼综合实力的过程。\r\n\r\n补充一点，那些毫无营养的书籍就不要看了，这里主要是指那些给屌丝们用于YY的书籍，毫无营养价值不说，还会让你沉迷于那种纯粹是痴想的境界，具体书籍我就不举例子了，主要是那些个 ruo zhi 的小说类的。。。。有这功夫，还是想想怎么赚钱吧，23333333333。想要放松式的阅读，就多看下那些名著之类的，比那些la ji xiao shuo不知强了多少倍。。\r\n\r\n养成批判性的思维方式\r\n前边提到的那一个“有自己的判断力”是这个的子集，大学学的不仅仅是知识，更重要的是思维方式。知识我们会忘记，但是养成的批判性思维方式会是最宝贵的财富之一。这里，强烈推荐一本书《学会提问》，这部书可以作为批判性思维方式的入门书籍，多读几遍！！！！！！！等你读完这本书之后，剩下的不用我说，你也知道怎么办了。\r\n\r\n技术人要有自己的博客\r\n我是今年年初开始写博客的，博客里面有各种配置过程，学习的一些知识，各种坑之类的。博客是最好的笔记，如果你没有自己的博客，那么现在就开始写。\r\n\r\nPS：博客园里的主要是我的软工作业。。。我实际的博客在CSDN，但是我不会告诉你我的地址的，23333333\r\n\r\n还有其他的，留作后续补充\r\n其他的还有，时间原因，后续不断补充。', '1', '1', '1', '1', '123', '12', '2018-07-25 15:47:34', '2018-11-28 15:47:49', '2018-12-25 09:57:35');
INSERT INTO `f_forum` VALUES ('52', '【发帖人必看】牛客网发帖规范说明及要求||附加精申请通道', '有自己的判断力\r\n这和我自己踩的坑有关，我在这里不想指责谁，也不想埋怨有些事情，只能说当初选择“Leader”和“Team”的时候，确实是经验不足，不过这正好是一个很宝贵的经历，至少让我有了比其他同学更多的阅历！“悟已往之不谏，知来者之可追”，这些都过去了，重要的现在和未来。在这里，我只想说一句：选对方向、做对事、跟对人。\r\n\r\n英文能力\r\n这一点不用多说，对于准备从事IT行业的大学生来说，更进一步说，对于想要成为未来某一个领域的精英来说，熟练的英文都是必不可少的，不要仅仅把自己局限于所谓的四六级上。我更要对一些普通院校的同学强调一下这一点，因为普通院校学生高考时的英文平均水平就相对来说低一点，然后大学的学习氛围可能远不及那些重点院校的，因此好多同学到大四甚至还没过四级，如果是IT类专业的同学，我也只能表示很无语了。\r\n\r\n大部分最新的资料或者文档等，都是英文的；所有的顶级期刊的论文，也都是英文的；还有其他很多等，都是英文的。别跟我说有翻译软件，首先，翻译软件的能力还远不能精确无误地处理处理所有的语句，这在很多场景下是致命的；其次，这只不过是你不愿意去学习英文的一个借口罢了。我见过一些同学，总是爱拿自己英文底子不好作为借口，不去学习，真是可笑至极。你就是每天学习一点，四年的大学积累也足够你熟练阅读科技类文献了，我们都不是英文母语，谁也不是天生就会的，都是靠后天自己学习的，遇到困难总是爱找这样或者那样的借口，这种人很难成功，做一个熟练的底层码农就可以了，还天天幻想自己能成为顶级架构师和资深技术专家，简直是痴人说梦，呵呵。。哀其不幸。。\r\n\r\n不要受周围环境的影响，尽量寻找一个好的环境\r\n“物以类聚，人以群分”，我很赞成这句话。尤其是到了大学里面，我们会遇到各种各样的人，会加入到不同的圈子里面。我想给各位的意见是，不要被周围那些不好的环境给同化掉了 ，要时刻提醒自己，时刻记着自己的目标。那我自己经历过的一些事情来说，在我还在飞行器专业的时候，每当背着书包去看书时，有时遇到一些很“奇怪”的声音，比如：“哟，×××又去学习去啊”，再加上那种东北特有的声调，你可以想象一下那场景，不过好在没有被那些天天混吃等死之类给同化；即使是来到计算机，也很惊讶地发现，好多科班学生的代码量总和都没有我一个学期写的多，好多人连基本的代码都写不了几行。。（上述的一些情况，可能很大程度上与学校有关，这些经历可能更贴近那些普通院校的同学）。\r\n\r\n对于这种情况，我们没必要跟那些人进行理论，最有力的反击是用收入来吊打他们，反正钱赚了是自己的。。。而且，很多时候，不要自己一个人前行，还需要一些志同道合的伙伴一起，大家可以互相激励，取长补短。\r\n\r\n最后一点是最好不要和那些满身都是负能量的人经常接触，否则我们也可能变得那样。记住，前途是光明的，但是发展的道路可能是曲折的。我们要做的是坚信光明的前途，正视道路的曲折并想办法克服！！！\r\n\r\nIT人不仅要有智商，还要有情商\r\n重要的事情说三遍：情商很重要、情商很重要、情商很重要。没有人愿意天天和一个冰冷的“编码机器”打交道，即使这个“机器”很牛×。不要感觉自己能力比别人强一点，就目中无人，处处体现自己的优越感。这在IT人身上非常常见。我承认，我曾经也犯过类似的错误，不过我现在更加清醒地认识到情商地重要性了。\r\n\r\n前面提到过团队的重要性，一个好的团队是成功的基石。团队是否优秀，不仅仅取决于团队成员的平均水平；团队成员的协同能力也非常重要。而协同力需要成员之间的互相配合，这和智商无关，取决于情商。\r\n\r\n如果你和那些成功人士接触过，你会发现和他们交流是一种享受。这很大程度上，是因为他们不仅仅知识渊博、阅历丰富，更是因为他们还有非常高的情商！情商的培养，不是一蹴而就的，需要在平时中逐渐养成，如果你也想成为一个成功人士，那么现在开始就要注重情商。\r\n\r\n保持耐心，懂得分解难题和循序渐进\r\n我犯过一个非常致命的错误：总想一次性解决一个问题，没有考虑对难题进行分解，也不去想着分阶段解决问题，问题过长的时候总是缺乏耐心而放弃。我感觉，可能好多同学都有过类似的错误或者经历。我总结了一下我会犯这种错误的原因：\r\n\r\n缺乏科学合理的指导与训练。这是最主要的一个原因，我们以后需要解决的都是工程应用问题，而之前接受的都是一个个离散的点的知识，如果没有科学的训练和指导，很难把问题分解成为我们学过的知识。因此，我建议如果有机会，大家就要想办法加入一个项目组，感受下实战的氛围。\r\n\r\n内心的自负。我总想一次性解决问题，这样才能显得比较“牛×”。现在想想，真是可笑。那些大型的项目，都是一点点分解成小的可解决的项目，然后分步解决，最终组合起来的。很少有一次性能解决的问题，因此要拜托不正常的心态，积极应对。\r\n\r\n应试教育的后遗症。这也是比较有争议的一点，我感觉我在这方面受到了部分的影响，你可以有自己的看法。\r\n\r\n广泛的阅读\r\n这里的阅读，不仅仅是技术类的。当然，如果作为技术人，技术类的书籍肯定是最多的。但是，在技术类之外的，还要广泛阅读其他类型的：政治、历史、经济、人文、军事、心理和职场类等，都要有所涉猎。个人认为，对IT人来说，未来的竞争是以技术作为突破点，比拼综合实力的过程。\r\n\r\n补充一点，那些毫无营养的书籍就不要看了，这里主要是指那些给屌丝们用于YY的书籍，毫无营养价值不说，还会让你沉迷于那种纯粹是痴想的境界，具体书籍我就不举例子了，主要是那些个 ruo zhi 的小说类的。。。。有这功夫，还是想想怎么赚钱吧，23333333333。想要放松式的阅读，就多看下那些名著之类的，比那些la ji xiao shuo不知强了多少倍。。\r\n\r\n养成批判性的思维方式\r\n前边提到的那一个“有自己的判断力”是这个的子集，大学学的不仅仅是知识，更重要的是思维方式。知识我们会忘记，但是养成的批判性思维方式会是最宝贵的财富之一。这里，强烈推荐一本书《学会提问》，这部书可以作为批判性思维方式的入门书籍，多读几遍！！！！！！！等你读完这本书之后，剩下的不用我说，你也知道怎么办了。\r\n\r\n技术人要有自己的博客\r\n我是今年年初开始写博客的，博客里面有各种配置过程，学习的一些知识，各种坑之类的。博客是最好的笔记，如果你没有自己的博客，那么现在就开始写。\r\n\r\nPS：博客园里的主要是我的软工作业。。。我实际的博客在CSDN，但是我不会告诉你我的地址的，23333333\r\n\r\n还有其他的，留作后续补充\r\n其他的还有，时间原因，后续不断补充。', '2', '1', '1', '1', '123', '12', '2018-07-25 15:47:34', '2018-11-25 15:47:49', '2018-12-25 09:57:35');
INSERT INTO `f_forum` VALUES ('53', '【发帖人必看】牛客网发帖规范说明及要求||附加精申请通道', '有自己的判断力\r\n这和我自己踩的坑有关，我在这里不想指责谁，也不想埋怨有些事情，只能说当初选择“Leader”和“Team”的时候，确实是经验不足，不过这正好是一个很宝贵的经历，至少让我有了比其他同学更多的阅历！“悟已往之不谏，知来者之可追”，这些都过去了，重要的现在和未来。在这里，我只想说一句：选对方向、做对事、跟对人。\r\n\r\n英文能力\r\n这一点不用多说，对于准备从事IT行业的大学生来说，更进一步说，对于想要成为未来某一个领域的精英来说，熟练的英文都是必不可少的，不要仅仅把自己局限于所谓的四六级上。我更要对一些普通院校的同学强调一下这一点，因为普通院校学生高考时的英文平均水平就相对来说低一点，然后大学的学习氛围可能远不及那些重点院校的，因此好多同学到大四甚至还没过四级，如果是IT类专业的同学，我也只能表示很无语了。\r\n\r\n大部分最新的资料或者文档等，都是英文的；所有的顶级期刊的论文，也都是英文的；还有其他很多等，都是英文的。别跟我说有翻译软件，首先，翻译软件的能力还远不能精确无误地处理处理所有的语句，这在很多场景下是致命的；其次，这只不过是你不愿意去学习英文的一个借口罢了。我见过一些同学，总是爱拿自己英文底子不好作为借口，不去学习，真是可笑至极。你就是每天学习一点，四年的大学积累也足够你熟练阅读科技类文献了，我们都不是英文母语，谁也不是天生就会的，都是靠后天自己学习的，遇到困难总是爱找这样或者那样的借口，这种人很难成功，做一个熟练的底层码农就可以了，还天天幻想自己能成为顶级架构师和资深技术专家，简直是痴人说梦，呵呵。。哀其不幸。。\r\n\r\n不要受周围环境的影响，尽量寻找一个好的环境\r\n“物以类聚，人以群分”，我很赞成这句话。尤其是到了大学里面，我们会遇到各种各样的人，会加入到不同的圈子里面。我想给各位的意见是，不要被周围那些不好的环境给同化掉了 ，要时刻提醒自己，时刻记着自己的目标。那我自己经历过的一些事情来说，在我还在飞行器专业的时候，每当背着书包去看书时，有时遇到一些很“奇怪”的声音，比如：“哟，×××又去学习去啊”，再加上那种东北特有的声调，你可以想象一下那场景，不过好在没有被那些天天混吃等死之类给同化；即使是来到计算机，也很惊讶地发现，好多科班学生的代码量总和都没有我一个学期写的多，好多人连基本的代码都写不了几行。。（上述的一些情况，可能很大程度上与学校有关，这些经历可能更贴近那些普通院校的同学）。\r\n\r\n对于这种情况，我们没必要跟那些人进行理论，最有力的反击是用收入来吊打他们，反正钱赚了是自己的。。。而且，很多时候，不要自己一个人前行，还需要一些志同道合的伙伴一起，大家可以互相激励，取长补短。\r\n\r\n最后一点是最好不要和那些满身都是负能量的人经常接触，否则我们也可能变得那样。记住，前途是光明的，但是发展的道路可能是曲折的。我们要做的是坚信光明的前途，正视道路的曲折并想办法克服！！！\r\n\r\nIT人不仅要有智商，还要有情商\r\n重要的事情说三遍：情商很重要、情商很重要、情商很重要。没有人愿意天天和一个冰冷的“编码机器”打交道，即使这个“机器”很牛×。不要感觉自己能力比别人强一点，就目中无人，处处体现自己的优越感。这在IT人身上非常常见。我承认，我曾经也犯过类似的错误，不过我现在更加清醒地认识到情商地重要性了。\r\n\r\n前面提到过团队的重要性，一个好的团队是成功的基石。团队是否优秀，不仅仅取决于团队成员的平均水平；团队成员的协同能力也非常重要。而协同力需要成员之间的互相配合，这和智商无关，取决于情商。\r\n\r\n如果你和那些成功人士接触过，你会发现和他们交流是一种享受。这很大程度上，是因为他们不仅仅知识渊博、阅历丰富，更是因为他们还有非常高的情商！情商的培养，不是一蹴而就的，需要在平时中逐渐养成，如果你也想成为一个成功人士，那么现在开始就要注重情商。\r\n\r\n保持耐心，懂得分解难题和循序渐进\r\n我犯过一个非常致命的错误：总想一次性解决一个问题，没有考虑对难题进行分解，也不去想着分阶段解决问题，问题过长的时候总是缺乏耐心而放弃。我感觉，可能好多同学都有过类似的错误或者经历。我总结了一下我会犯这种错误的原因：\r\n\r\n缺乏科学合理的指导与训练。这是最主要的一个原因，我们以后需要解决的都是工程应用问题，而之前接受的都是一个个离散的点的知识，如果没有科学的训练和指导，很难把问题分解成为我们学过的知识。因此，我建议如果有机会，大家就要想办法加入一个项目组，感受下实战的氛围。\r\n\r\n内心的自负。我总想一次性解决问题，这样才能显得比较“牛×”。现在想想，真是可笑。那些大型的项目，都是一点点分解成小的可解决的项目，然后分步解决，最终组合起来的。很少有一次性能解决的问题，因此要拜托不正常的心态，积极应对。\r\n\r\n应试教育的后遗症。这也是比较有争议的一点，我感觉我在这方面受到了部分的影响，你可以有自己的看法。\r\n\r\n广泛的阅读\r\n这里的阅读，不仅仅是技术类的。当然，如果作为技术人，技术类的书籍肯定是最多的。但是，在技术类之外的，还要广泛阅读其他类型的：政治、历史、经济、人文、军事、心理和职场类等，都要有所涉猎。个人认为，对IT人来说，未来的竞争是以技术作为突破点，比拼综合实力的过程。\r\n\r\n补充一点，那些毫无营养的书籍就不要看了，这里主要是指那些给屌丝们用于YY的书籍，毫无营养价值不说，还会让你沉迷于那种纯粹是痴想的境界，具体书籍我就不举例子了，主要是那些个 ruo zhi 的小说类的。。。。有这功夫，还是想想怎么赚钱吧，23333333333。想要放松式的阅读，就多看下那些名著之类的，比那些la ji xiao shuo不知强了多少倍。。\r\n\r\n养成批判性的思维方式\r\n前边提到的那一个“有自己的判断力”是这个的子集，大学学的不仅仅是知识，更重要的是思维方式。知识我们会忘记，但是养成的批判性思维方式会是最宝贵的财富之一。这里，强烈推荐一本书《学会提问》，这部书可以作为批判性思维方式的入门书籍，多读几遍！！！！！！！等你读完这本书之后，剩下的不用我说，你也知道怎么办了。\r\n\r\n技术人要有自己的博客\r\n我是今年年初开始写博客的，博客里面有各种配置过程，学习的一些知识，各种坑之类的。博客是最好的笔记，如果你没有自己的博客，那么现在就开始写。\r\n\r\nPS：博客园里的主要是我的软工作业。。。我实际的博客在CSDN，但是我不会告诉你我的地址的，23333333\r\n\r\n还有其他的，留作后续补充\r\n其他的还有，时间原因，后续不断补充。', '3', '1', '1', '1', '123', '12', '2018-07-25 15:47:34', '2018-11-25 15:47:49', '2018-12-25 09:57:35');
INSERT INTO `f_forum` VALUES ('54', '【发帖人必看】牛客网发帖规范说明及要求||附加精申请通道', ' 在HTML 4中 noshade 属性已废弃,HTML 4.01 Strict DTD 或 XHTML 1.0 Strict DTD 已不支持该属性，可以使用 CSS 替代。', '2', '1', '1', '1', '123', '22', '2018-07-25 15:47:34', '2018-11-25 15:47:49', '2018-12-25 09:57:35');
INSERT INTO `f_forum` VALUES ('55', '【发帖人必看】牛客网规范说明及要求||附加精申请通道', '有自己的判断力\r\n这和我自己踩的坑有关，我在这里不想指责谁，也不想埋怨有些事情，只能说当初选择“Leader”和“Team”的时候，确实是经验不足，不过这正好是一个很宝贵的经历，至少让我有了比其他同学更多的阅历！“悟已往之不谏，知来者之可追”，这些都过去了，重要的现在和未来。在这里，我只想说一句：选对方向、做对事、跟对人。\r\n\r\n英文能力\r\n这一点不用多说，对于准备从事IT行业的大学生来说，更进一步说，对于想要成为未来某一个领域的精英来说，熟练的英文都是必不可少的，不要仅仅把自己局限于所谓的四六级上。我更要对一些普通院校的同学强调一下这一点，因为普通院校学生高考时的英文平均水平就相对来说低一点，然后大学的学习氛围可能远不及那些重点院校的，因此好多同学到大四甚至还没过四级，如果是IT类专业的同学，我也只能表示很无语了。\r\n\r\n大部分最新的资料或者文档等，都是英文的；所有的顶级期刊的论文，也都是英文的；还有其他很多等，都是英文的。别跟我说有翻译软件，首先，翻译软件的能力还远不能精确无误地处理处理所有的语句，这在很多场景下是致命的；其次，这只不过是你不愿意去学习英文的一个借口罢了。我见过一些同学，总是爱拿自己英文底子不好作为借口，不去学习，真是可笑至极。你就是每天学习一点，四年的大学积累也足够你熟练阅读科技类文献了，我们都不是英文母语，谁也不是天生就会的，都是靠后天自己学习的，遇到困难总是爱找这样或者那样的借口，这种人很难成功，做一个熟练的底层码农就可以了，还天天幻想自己能成为顶级架构师和资深技术专家，简直是痴人说梦，呵呵。。哀其不幸。。\r\n\r\n不要受周围环境的影响，尽量寻找一个好的环境\r\n“物以类聚，人以群分”，我很赞成这句话。尤其是到了大学里面，我们会遇到各种各样的人，会加入到不同的圈子里面。我想给各位的意见是，不要被周围那些不好的环境给同化掉了 ，要时刻提醒自己，时刻记着自己的目标。那我自己经历过的一些事情来说，在我还在飞行器专业的时候，每当背着书包去看书时，有时遇到一些很“奇怪”的声音，比如：“哟，×××又去学习去啊”，再加上那种东北特有的声调，你可以想象一下那场景，不过好在没有被那些天天混吃等死之类给同化；即使是来到计算机，也很惊讶地发现，好多科班学生的代码量总和都没有我一个学期写的多，好多人连基本的代码都写不了几行。。（上述的一些情况，可能很大程度上与学校有关，这些经历可能更贴近那些普通院校的同学）。\r\n\r\n对于这种情况，我们没必要跟那些人进行理论，最有力的反击是用收入来吊打他们，反正钱赚了是自己的。。。而且，很多时候，不要自己一个人前行，还需要一些志同道合的伙伴一起，大家可以互相激励，取长补短。\r\n\r\n最后一点是最好不要和那些满身都是负能量的人经常接触，否则我们也可能变得那样。记住，前途是光明的，但是发展的道路可能是曲折的。我们要做的是坚信光明的前途，正视道路的曲折并想办法克服！！！\r\n\r\nIT人不仅要有智商，还要有情商\r\n重要的事情说三遍：情商很重要、情商很重要、情商很重要。没有人愿意天天和一个冰冷的“编码机器”打交道，即使这个“机器”很牛×。不要感觉自己能力比别人强一点，就目中无人，处处体现自己的优越感。这在IT人身上非常常见。我承认，我曾经也犯过类似的错误，不过我现在更加清醒地认识到情商地重要性了。\r\n\r\n前面提到过团队的重要性，一个好的团队是成功的基石。团队是否优秀，不仅仅取决于团队成员的平均水平；团队成员的协同能力也非常重要。而协同力需要成员之间的互相配合，这和智商无关，取决于情商。\r\n\r\n如果你和那些成功人士接触过，你会发现和他们交流是一种享受。这很大程度上，是因为他们不仅仅知识渊博、阅历丰富，更是因为他们还有非常高的情商！情商的培养，不是一蹴而就的，需要在平时中逐渐养成，如果你也想成为一个成功人士，那么现在开始就要注重情商。\r\n\r\n保持耐心，懂得分解难题和循序渐进\r\n我犯过一个非常致命的错误：总想一次性解决一个问题，没有考虑对难题进行分解，也不去想着分阶段解决问题，问题过长的时候总是缺乏耐心而放弃。我感觉，可能好多同学都有过类似的错误或者经历。我总结了一下我会犯这种错误的原因：\r\n\r\n缺乏科学合理的指导与训练。这是最主要的一个原因，我们以后需要解决的都是工程应用问题，而之前接受的都是一个个离散的点的知识，如果没有科学的训练和指导，很难把问题分解成为我们学过的知识。因此，我建议如果有机会，大家就要想办法加入一个项目组，感受下实战的氛围。\r\n\r\n内心的自负。我总想一次性解决问题，这样才能显得比较“牛×”。现在想想，真是可笑。那些大型的项目，都是一点点分解成小的可解决的项目，然后分步解决，最终组合起来的。很少有一次性能解决的问题，因此要拜托不正常的心态，积极应对。\r\n\r\n应试教育的后遗症。这也是比较有争议的一点，我感觉我在这方面受到了部分的影响，你可以有自己的看法。\r\n\r\n广泛的阅读\r\n这里的阅读，不仅仅是技术类的。当然，如果作为技术人，技术类的书籍肯定是最多的。但是，在技术类之外的，还要广泛阅读其他类型的：政治、历史、经济、人文、军事、心理和职场类等，都要有所涉猎。个人认为，对IT人来说，未来的竞争是以技术作为突破点，比拼综合实力的过程。\r\n\r\n补充一点，那些毫无营养的书籍就不要看了，这里主要是指那些给屌丝们用于YY的书籍，毫无营养价值不说，还会让你沉迷于那种纯粹是痴想的境界，具体书籍我就不举例子了，主要是那些个 ruo zhi 的小说类的。。。。有这功夫，还是想想怎么赚钱吧，23333333333。想要放松式的阅读，就多看下那些名著之类的，比那些la ji xiao shuo不知强了多少倍。。\r\n\r\n养成批判性的思维方式\r\n前边提到的那一个“有自己的判断力”是这个的子集，大学学的不仅仅是知识，更重要的是思维方式。知识我们会忘记，但是养成的批判性思维方式会是最宝贵的财富之一。这里，强烈推荐一本书《学会提问》，这部书可以作为批判性思维方式的入门书籍，多读几遍！！！！！！！等你读完这本书之后，剩下的不用我说，你也知道怎么办了。\r\n\r\n技术人要有自己的博客\r\n我是今年年初开始写博客的，博客里面有各种配置过程，学习的一些知识，各种坑之类的。博客是最好的笔记，如果你没有自己的博客，那么现在就开始写。\r\n\r\nPS：博客园里的主要是我的软工作业。。。我实际的博客在CSDN，但是我不会告诉你我的地址的，23333333\r\n\r\n还有其他的，留作后续补充\r\n其他的还有，时间原因，后续不断补充。', '1', '2', '1', '1', '123', '11', '2018-07-25 15:47:34', '2018-11-25 15:47:49', '2018-12-25 09:57:35');
INSERT INTO `f_forum` VALUES ('56', '【发人必看】牛客网发帖规范说明及要求||附加精申请通道', '有自己的判断力\r\n这和我自己踩的坑有关，我在这里不想指责谁，也不想埋怨有些事情，只能说当初选择“Leader”和“Team”的时候，确实是经验不足，不过这正好是一个很宝贵的经历，至少让我有了比其他同学更多的阅历！“悟已往之不谏，知来者之可追”，这些都过去了，重要的现在和未来。在这里，我只想说一句：选对方向、做对事、跟对人。\r\n\r\n英文能力\r\n这一点不用多说，对于准备从事IT行业的大学生来说，更进一步说，对于想要成为未来某一个领域的精英来说，熟练的英文都是必不可少的，不要仅仅把自己局限于所谓的四六级上。我更要对一些普通院校的同学强调一下这一点，因为普通院校学生高考时的英文平均水平就相对来说低一点，然后大学的学习氛围可能远不及那些重点院校的，因此好多同学到大四甚至还没过四级，如果是IT类专业的同学，我也只能表示很无语了。\r\n\r\n大部分最新的资料或者文档等，都是英文的；所有的顶级期刊的论文，也都是英文的；还有其他很多等，都是英文的。别跟我说有翻译软件，首先，翻译软件的能力还远不能精确无误地处理处理所有的语句，这在很多场景下是致命的；其次，这只不过是你不愿意去学习英文的一个借口罢了。我见过一些同学，总是爱拿自己英文底子不好作为借口，不去学习，真是可笑至极。你就是每天学习一点，四年的大学积累也足够你熟练阅读科技类文献了，我们都不是英文母语，谁也不是天生就会的，都是靠后天自己学习的，遇到困难总是爱找这样或者那样的借口，这种人很难成功，做一个熟练的底层码农就可以了，还天天幻想自己能成为顶级架构师和资深技术专家，简直是痴人说梦，呵呵。。哀其不幸。。\r\n\r\n不要受周围环境的影响，尽量寻找一个好的环境\r\n“物以类聚，人以群分”，我很赞成这句话。尤其是到了大学里面，我们会遇到各种各样的人，会加入到不同的圈子里面。我想给各位的意见是，不要被周围那些不好的环境给同化掉了 ，要时刻提醒自己，时刻记着自己的目标。那我自己经历过的一些事情来说，在我还在飞行器专业的时候，每当背着书包去看书时，有时遇到一些很“奇怪”的声音，比如：“哟，×××又去学习去啊”，再加上那种东北特有的声调，你可以想象一下那场景，不过好在没有被那些天天混吃等死之类给同化；即使是来到计算机，也很惊讶地发现，好多科班学生的代码量总和都没有我一个学期写的多，好多人连基本的代码都写不了几行。。（上述的一些情况，可能很大程度上与学校有关，这些经历可能更贴近那些普通院校的同学）。\r\n\r\n对于这种情况，我们没必要跟那些人进行理论，最有力的反击是用收入来吊打他们，反正钱赚了是自己的。。。而且，很多时候，不要自己一个人前行，还需要一些志同道合的伙伴一起，大家可以互相激励，取长补短。\r\n\r\n最后一点是最好不要和那些满身都是负能量的人经常接触，否则我们也可能变得那样。记住，前途是光明的，但是发展的道路可能是曲折的。我们要做的是坚信光明的前途，正视道路的曲折并想办法克服！！！\r\n\r\nIT人不仅要有智商，还要有情商\r\n重要的事情说三遍：情商很重要、情商很重要、情商很重要。没有人愿意天天和一个冰冷的“编码机器”打交道，即使这个“机器”很牛×。不要感觉自己能力比别人强一点，就目中无人，处处体现自己的优越感。这在IT人身上非常常见。我承认，我曾经也犯过类似的错误，不过我现在更加清醒地认识到情商地重要性了。\r\n\r\n前面提到过团队的重要性，一个好的团队是成功的基石。团队是否优秀，不仅仅取决于团队成员的平均水平；团队成员的协同能力也非常重要。而协同力需要成员之间的互相配合，这和智商无关，取决于情商。\r\n\r\n如果你和那些成功人士接触过，你会发现和他们交流是一种享受。这很大程度上，是因为他们不仅仅知识渊博、阅历丰富，更是因为他们还有非常高的情商！情商的培养，不是一蹴而就的，需要在平时中逐渐养成，如果你也想成为一个成功人士，那么现在开始就要注重情商。\r\n\r\n保持耐心，懂得分解难题和循序渐进\r\n我犯过一个非常致命的错误：总想一次性解决一个问题，没有考虑对难题进行分解，也不去想着分阶段解决问题，问题过长的时候总是缺乏耐心而放弃。我感觉，可能好多同学都有过类似的错误或者经历。我总结了一下我会犯这种错误的原因：\r\n\r\n缺乏科学合理的指导与训练。这是最主要的一个原因，我们以后需要解决的都是工程应用问题，而之前接受的都是一个个离散的点的知识，如果没有科学的训练和指导，很难把问题分解成为我们学过的知识。因此，我建议如果有机会，大家就要想办法加入一个项目组，感受下实战的氛围。\r\n\r\n内心的自负。我总想一次性解决问题，这样才能显得比较“牛×”。现在想想，真是可笑。那些大型的项目，都是一点点分解成小的可解决的项目，然后分步解决，最终组合起来的。很少有一次性能解决的问题，因此要拜托不正常的心态，积极应对。\r\n\r\n应试教育的后遗症。这也是比较有争议的一点，我感觉我在这方面受到了部分的影响，你可以有自己的看法。\r\n\r\n广泛的阅读\r\n这里的阅读，不仅仅是技术类的。当然，如果作为技术人，技术类的书籍肯定是最多的。但是，在技术类之外的，还要广泛阅读其他类型的：政治、历史、经济、人文、军事、心理和职场类等，都要有所涉猎。个人认为，对IT人来说，未来的竞争是以技术作为突破点，比拼综合实力的过程。\r\n\r\n补充一点，那些毫无营养的书籍就不要看了，这里主要是指那些给屌丝们用于YY的书籍，毫无营养价值不说，还会让你沉迷于那种纯粹是痴想的境界，具体书籍我就不举例子了，主要是那些个 ruo zhi 的小说类的。。。。有这功夫，还是想想怎么赚钱吧，23333333333。想要放松式的阅读，就多看下那些名著之类的，比那些la ji xiao shuo不知强了多少倍。。\r\n\r\n养成批判性的思维方式\r\n前边提到的那一个“有自己的判断力”是这个的子集，大学学的不仅仅是知识，更重要的是思维方式。知识我们会忘记，但是养成的批判性思维方式会是最宝贵的财富之一。这里，强烈推荐一本书《学会提问》，这部书可以作为批判性思维方式的入门书籍，多读几遍！！！！！！！等你读完这本书之后，剩下的不用我说，你也知道怎么办了。\r\n\r\n技术人要有自己的博客\r\n我是今年年初开始写博客的，博客里面有各种配置过程，学习的一些知识，各种坑之类的。博客是最好的笔记，如果你没有自己的博客，那么现在就开始写。\r\n\r\nPS：博客园里的主要是我的软工作业。。。我实际的博客在CSDN，但是我不会告诉你我的地址的，23333333\r\n\r\n还有其他的，留作后续补充\r\n其他的还有，时间原因，后续不断补充。', '2', '1', '1', '1', '121', '12', '2018-07-25 15:47:34', '2018-11-25 15:47:49', '2018-12-25 09:57:35');
INSERT INTO `f_forum` VALUES ('57', '【发帖必看】牛客网发范说明及要求||附加精申请通道', '有自己的判断力\r\n这和我自己踩的坑有关，我在这里不想指责谁，也不想埋怨有些事情，只能说当初选择“Leader”和“Team”的时候，确实是经验不足，不过这正好是一个很宝贵的经历，至少让我有了比其他同学更多的阅历！“悟已往之不谏，知来者之可追”，这些都过去了，重要的现在和未来。在这里，我只想说一句：选对方向、做对事、跟对人。\r\n\r\n英文能力\r\n这一点不用多说，对于准备从事IT行业的大学生来说，更进一步说，对于想要成为未来某一个领域的精英来说，熟练的英文都是必不可少的，不要仅仅把自己局限于所谓的四六级上。我更要对一些普通院校的同学强调一下这一点，因为普通院校学生高考时的英文平均水平就相对来说低一点，然后大学的学习氛围可能远不及那些重点院校的，因此好多同学到大四甚至还没过四级，如果是IT类专业的同学，我也只能表示很无语了。\r\n\r\n大部分最新的资料或者文档等，都是英文的；所有的顶级期刊的论文，也都是英文的；还有其他很多等，都是英文的。别跟我说有翻译软件，首先，翻译软件的能力还远不能精确无误地处理处理所有的语句，这在很多场景下是致命的；其次，这只不过是你不愿意去学习英文的一个借口罢了。我见过一些同学，总是爱拿自己英文底子不好作为借口，不去学习，真是可笑至极。你就是每天学习一点，四年的大学积累也足够你熟练阅读科技类文献了，我们都不是英文母语，谁也不是天生就会的，都是靠后天自己学习的，遇到困难总是爱找这样或者那样的借口，这种人很难成功，做一个熟练的底层码农就可以了，还天天幻想自己能成为顶级架构师和资深技术专家，简直是痴人说梦，呵呵。。哀其不幸。。\r\n\r\n不要受周围环境的影响，尽量寻找一个好的环境\r\n“物以类聚，人以群分”，我很赞成这句话。尤其是到了大学里面，我们会遇到各种各样的人，会加入到不同的圈子里面。我想给各位的意见是，不要被周围那些不好的环境给同化掉了 ，要时刻提醒自己，时刻记着自己的目标。那我自己经历过的一些事情来说，在我还在飞行器专业的时候，每当背着书包去看书时，有时遇到一些很“奇怪”的声音，比如：“哟，×××又去学习去啊”，再加上那种东北特有的声调，你可以想象一下那场景，不过好在没有被那些天天混吃等死之类给同化；即使是来到计算机，也很惊讶地发现，好多科班学生的代码量总和都没有我一个学期写的多，好多人连基本的代码都写不了几行。。（上述的一些情况，可能很大程度上与学校有关，这些经历可能更贴近那些普通院校的同学）。\r\n\r\n对于这种情况，我们没必要跟那些人进行理论，最有力的反击是用收入来吊打他们，反正钱赚了是自己的。。。而且，很多时候，不要自己一个人前行，还需要一些志同道合的伙伴一起，大家可以互相激励，取长补短。\r\n\r\n最后一点是最好不要和那些满身都是负能量的人经常接触，否则我们也可能变得那样。记住，前途是光明的，但是发展的道路可能是曲折的。我们要做的是坚信光明的前途，正视道路的曲折并想办法克服！！！\r\n\r\nIT人不仅要有智商，还要有情商\r\n重要的事情说三遍：情商很重要、情商很重要、情商很重要。没有人愿意天天和一个冰冷的“编码机器”打交道，即使这个“机器”很牛×。不要感觉自己能力比别人强一点，就目中无人，处处体现自己的优越感。这在IT人身上非常常见。我承认，我曾经也犯过类似的错误，不过我现在更加清醒地认识到情商地重要性了。\r\n\r\n前面提到过团队的重要性，一个好的团队是成功的基石。团队是否优秀，不仅仅取决于团队成员的平均水平；团队成员的协同能力也非常重要。而协同力需要成员之间的互相配合，这和智商无关，取决于情商。\r\n\r\n如果你和那些成功人士接触过，你会发现和他们交流是一种享受。这很大程度上，是因为他们不仅仅知识渊博、阅历丰富，更是因为他们还有非常高的情商！情商的培养，不是一蹴而就的，需要在平时中逐渐养成，如果你也想成为一个成功人士，那么现在开始就要注重情商。\r\n\r\n保持耐心，懂得分解难题和循序渐进\r\n我犯过一个非常致命的错误：总想一次性解决一个问题，没有考虑对难题进行分解，也不去想着分阶段解决问题，问题过长的时候总是缺乏耐心而放弃。我感觉，可能好多同学都有过类似的错误或者经历。我总结了一下我会犯这种错误的原因：\r\n\r\n缺乏科学合理的指导与训练。这是最主要的一个原因，我们以后需要解决的都是工程应用问题，而之前接受的都是一个个离散的点的知识，如果没有科学的训练和指导，很难把问题分解成为我们学过的知识。因此，我建议如果有机会，大家就要想办法加入一个项目组，感受下实战的氛围。\r\n\r\n内心的自负。我总想一次性解决问题，这样才能显得比较“牛×”。现在想想，真是可笑。那些大型的项目，都是一点点分解成小的可解决的项目，然后分步解决，最终组合起来的。很少有一次性能解决的问题，因此要拜托不正常的心态，积极应对。\r\n\r\n应试教育的后遗症。这也是比较有争议的一点，我感觉我在这方面受到了部分的影响，你可以有自己的看法。\r\n\r\n广泛的阅读\r\n这里的阅读，不仅仅是技术类的。当然，如果作为技术人，技术类的书籍肯定是最多的。但是，在技术类之外的，还要广泛阅读其他类型的：政治、历史、经济、人文、军事、心理和职场类等，都要有所涉猎。个人认为，对IT人来说，未来的竞争是以技术作为突破点，比拼综合实力的过程。\r\n\r\n补充一点，那些毫无营养的书籍就不要看了，这里主要是指那些给屌丝们用于YY的书籍，毫无营养价值不说，还会让你沉迷于那种纯粹是痴想的境界，具体书籍我就不举例子了，主要是那些个 ruo zhi 的小说类的。。。。有这功夫，还是想想怎么赚钱吧，23333333333。想要放松式的阅读，就多看下那些名著之类的，比那些la ji xiao shuo不知强了多少倍。。\r\n\r\n养成批判性的思维方式\r\n前边提到的那一个“有自己的判断力”是这个的子集，大学学的不仅仅是知识，更重要的是思维方式。知识我们会忘记，但是养成的批判性思维方式会是最宝贵的财富之一。这里，强烈推荐一本书《学会提问》，这部书可以作为批判性思维方式的入门书籍，多读几遍！！！！！！！等你读完这本书之后，剩下的不用我说，你也知道怎么办了。\r\n\r\n技术人要有自己的博客\r\n我是今年年初开始写博客的，博客里面有各种配置过程，学习的一些知识，各种坑之类的。博客是最好的笔记，如果你没有自己的博客，那么现在就开始写。\r\n\r\nPS：博客园里的主要是我的软工作业。。。我实际的博客在CSDN，但是我不会告诉你我的地址的，23333333\r\n\r\n还有其他的，留作后续补充\r\n其他的还有，时间原因，后续不断补充。', '4', '1', '1', '1', '123', '12', '2018-07-25 15:47:34', '2018-11-25 15:47:49', '2018-12-25 09:57:35');
INSERT INTO `f_forum` VALUES ('58', '【发帖人必看】牛客网发帖规求||附加精申请通道', '有自己的判断力\r\n这和我自己踩的坑有关，我在这里不想指责谁，也不想埋怨有些事情，只能说当初选择“Leader”和“Team”的时候，确实是经验不足，不过这正好是一个很宝贵的经历，至少让我有了比其他同学更多的阅历！“悟已往之不谏，知来者之可追”，这些都过去了，重要的现在和未来。在这里，我只想说一句：选对方向、做对事、跟对人。\r\n\r\n英文能力\r\n这一点不用多说，对于准备从事IT行业的大学生来说，更进一步说，对于想要成为未来某一个领域的精英来说，熟练的英文都是必不可少的，不要仅仅把自己局限于所谓的四六级上。我更要对一些普通院校的同学强调一下这一点，因为普通院校学生高考时的英文平均水平就相对来说低一点，然后大学的学习氛围可能远不及那些重点院校的，因此好多同学到大四甚至还没过四级，如果是IT类专业的同学，我也只能表示很无语了。\r\n\r\n大部分最新的资料或者文档等，都是英文的；所有的顶级期刊的论文，也都是英文的；还有其他很多等，都是英文的。别跟我说有翻译软件，首先，翻译软件的能力还远不能精确无误地处理处理所有的语句，这在很多场景下是致命的；其次，这只不过是你不愿意去学习英文的一个借口罢了。我见过一些同学，总是爱拿自己英文底子不好作为借口，不去学习，真是可笑至极。你就是每天学习一点，四年的大学积累也足够你熟练阅读科技类文献了，我们都不是英文母语，谁也不是天生就会的，都是靠后天自己学习的，遇到困难总是爱找这样或者那样的借口，这种人很难成功，做一个熟练的底层码农就可以了，还天天幻想自己能成为顶级架构师和资深技术专家，简直是痴人说梦，呵呵。。哀其不幸。。\r\n\r\n不要受周围环境的影响，尽量寻找一个好的环境\r\n“物以类聚，人以群分”，我很赞成这句话。尤其是到了大学里面，我们会遇到各种各样的人，会加入到不同的圈子里面。我想给各位的意见是，不要被周围那些不好的环境给同化掉了 ，要时刻提醒自己，时刻记着自己的目标。那我自己经历过的一些事情来说，在我还在飞行器专业的时候，每当背着书包去看书时，有时遇到一些很“奇怪”的声音，比如：“哟，×××又去学习去啊”，再加上那种东北特有的声调，你可以想象一下那场景，不过好在没有被那些天天混吃等死之类给同化；即使是来到计算机，也很惊讶地发现，好多科班学生的代码量总和都没有我一个学期写的多，好多人连基本的代码都写不了几行。。（上述的一些情况，可能很大程度上与学校有关，这些经历可能更贴近那些普通院校的同学）。\r\n\r\n对于这种情况，我们没必要跟那些人进行理论，最有力的反击是用收入来吊打他们，反正钱赚了是自己的。。。而且，很多时候，不要自己一个人前行，还需要一些志同道合的伙伴一起，大家可以互相激励，取长补短。\r\n\r\n最后一点是最好不要和那些满身都是负能量的人经常接触，否则我们也可能变得那样。记住，前途是光明的，但是发展的道路可能是曲折的。我们要做的是坚信光明的前途，正视道路的曲折并想办法克服！！！\r\n\r\nIT人不仅要有智商，还要有情商\r\n重要的事情说三遍：情商很重要、情商很重要、情商很重要。没有人愿意天天和一个冰冷的“编码机器”打交道，即使这个“机器”很牛×。不要感觉自己能力比别人强一点，就目中无人，处处体现自己的优越感。这在IT人身上非常常见。我承认，我曾经也犯过类似的错误，不过我现在更加清醒地认识到情商地重要性了。\r\n\r\n前面提到过团队的重要性，一个好的团队是成功的基石。团队是否优秀，不仅仅取决于团队成员的平均水平；团队成员的协同能力也非常重要。而协同力需要成员之间的互相配合，这和智商无关，取决于情商。\r\n\r\n如果你和那些成功人士接触过，你会发现和他们交流是一种享受。这很大程度上，是因为他们不仅仅知识渊博、阅历丰富，更是因为他们还有非常高的情商！情商的培养，不是一蹴而就的，需要在平时中逐渐养成，如果你也想成为一个成功人士，那么现在开始就要注重情商。\r\n\r\n保持耐心，懂得分解难题和循序渐进\r\n我犯过一个非常致命的错误：总想一次性解决一个问题，没有考虑对难题进行分解，也不去想着分阶段解决问题，问题过长的时候总是缺乏耐心而放弃。我感觉，可能好多同学都有过类似的错误或者经历。我总结了一下我会犯这种错误的原因：\r\n\r\n缺乏科学合理的指导与训练。这是最主要的一个原因，我们以后需要解决的都是工程应用问题，而之前接受的都是一个个离散的点的知识，如果没有科学的训练和指导，很难把问题分解成为我们学过的知识。因此，我建议如果有机会，大家就要想办法加入一个项目组，感受下实战的氛围。\r\n\r\n内心的自负。我总想一次性解决问题，这样才能显得比较“牛×”。现在想想，真是可笑。那些大型的项目，都是一点点分解成小的可解决的项目，然后分步解决，最终组合起来的。很少有一次性能解决的问题，因此要拜托不正常的心态，积极应对。\r\n\r\n应试教育的后遗症。这也是比较有争议的一点，我感觉我在这方面受到了部分的影响，你可以有自己的看法。\r\n\r\n广泛的阅读\r\n这里的阅读，不仅仅是技术类的。当然，如果作为技术人，技术类的书籍肯定是最多的。但是，在技术类之外的，还要广泛阅读其他类型的：政治、历史、经济、人文、军事、心理和职场类等，都要有所涉猎。个人认为，对IT人来说，未来的竞争是以技术作为突破点，比拼综合实力的过程。\r\n\r\n补充一点，那些毫无营养的书籍就不要看了，这里主要是指那些给屌丝们用于YY的书籍，毫无营养价值不说，还会让你沉迷于那种纯粹是痴想的境界，具体书籍我就不举例子了，主要是那些个 ruo zhi 的小说类的。。。。有这功夫，还是想想怎么赚钱吧，23333333333。想要放松式的阅读，就多看下那些名著之类的，比那些la ji xiao shuo不知强了多少倍。。\r\n\r\n养成批判性的思维方式\r\n前边提到的那一个“有自己的判断力”是这个的子集，大学学的不仅仅是知识，更重要的是思维方式。知识我们会忘记，但是养成的批判性思维方式会是最宝贵的财富之一。这里，强烈推荐一本书《学会提问》，这部书可以作为批判性思维方式的入门书籍，多读几遍！！！！！！！等你读完这本书之后，剩下的不用我说，你也知道怎么办了。\r\n\r\n技术人要有自己的博客\r\n我是今年年初开始写博客的，博客里面有各种配置过程，学习的一些知识，各种坑之类的。博客是最好的笔记，如果你没有自己的博客，那么现在就开始写。\r\n\r\nPS：博客园里的主要是我的软工作业。。。我实际的博客在CSDN，但是我不会告诉你我的地址的，23333333\r\n\r\n还有其他的，留作后续补充\r\n其他的还有，时间原因，后续不断补充。', '7', '1', '1', '1', '123', '12', '2018-07-25 15:47:34', '2018-11-25 15:47:49', '2018-12-25 09:57:35');
INSERT INTO `f_forum` VALUES ('59', '【发帖必看】牛客网发范说明及要求||附加精申请通道', '有自己的判断力\r\n这和我自己踩的坑有关，我在这里不想指责谁，也不想埋怨有些事情，只能说当初选择“Leader”和“Team”的时候，确实是经验不足，不过这正好是一个很宝贵的经历，至少让我有了比其他同学更多的阅历！“悟已往之不谏，知来者之可追”，这些都过去了，重要的现在和未来。在这里，我只想说一句：选对方向、做对事、跟对人。\r\n\r\n英文能力\r\n这一点不用多说，对于准备从事IT行业的大学生来说，更进一步说，对于想要成为未来某一个领域的精英来说，熟练的英文都是必不可少的，不要仅仅把自己局限于所谓的四六级上。我更要对一些普通院校的同学强调一下这一点，因为普通院校学生高考时的英文平均水平就相对来说低一点，然后大学的学习氛围可能远不及那些重点院校的，因此好多同学到大四甚至还没过四级，如果是IT类专业的同学，我也只能表示很无语了。\r\n\r\n大部分最新的资料或者文档等，都是英文的；所有的顶级期刊的论文，也都是英文的；还有其他很多等，都是英文的。别跟我说有翻译软件，首先，翻译软件的能力还远不能精确无误地处理处理所有的语句，这在很多场景下是致命的；其次，这只不过是你不愿意去学习英文的一个借口罢了。我见过一些同学，总是爱拿自己英文底子不好作为借口，不去学习，真是可笑至极。你就是每天学习一点，四年的大学积累也足够你熟练阅读科技类文献了，我们都不是英文母语，谁也不是天生就会的，都是靠后天自己学习的，遇到困难总是爱找这样或者那样的借口，这种人很难成功，做一个熟练的底层码农就可以了，还天天幻想自己能成为顶级架构师和资深技术专家，简直是痴人说梦，呵呵。。哀其不幸。。\r\n\r\n不要受周围环境的影响，尽量寻找一个好的环境\r\n“物以类聚，人以群分”，我很赞成这句话。尤其是到了大学里面，我们会遇到各种各样的人，会加入到不同的圈子里面。我想给各位的意见是，不要被周围那些不好的环境给同化掉了 ，要时刻提醒自己，时刻记着自己的目标。那我自己经历过的一些事情来说，在我还在飞行器专业的时候，每当背着书包去看书时，有时遇到一些很“奇怪”的声音，比如：“哟，×××又去学习去啊”，再加上那种东北特有的声调，你可以想象一下那场景，不过好在没有被那些天天混吃等死之类给同化；即使是来到计算机，也很惊讶地发现，好多科班学生的代码量总和都没有我一个学期写的多，好多人连基本的代码都写不了几行。。（上述的一些情况，可能很大程度上与学校有关，这些经历可能更贴近那些普通院校的同学）。\r\n\r\n对于这种情况，我们没必要跟那些人进行理论，最有力的反击是用收入来吊打他们，反正钱赚了是自己的。。。而且，很多时候，不要自己一个人前行，还需要一些志同道合的伙伴一起，大家可以互相激励，取长补短。\r\n\r\n最后一点是最好不要和那些满身都是负能量的人经常接触，否则我们也可能变得那样。记住，前途是光明的，但是发展的道路可能是曲折的。我们要做的是坚信光明的前途，正视道路的曲折并想办法克服！！！\r\n\r\nIT人不仅要有智商，还要有情商\r\n重要的事情说三遍：情商很重要、情商很重要、情商很重要。没有人愿意天天和一个冰冷的“编码机器”打交道，即使这个“机器”很牛×。不要感觉自己能力比别人强一点，就目中无人，处处体现自己的优越感。这在IT人身上非常常见。我承认，我曾经也犯过类似的错误，不过我现在更加清醒地认识到情商地重要性了。\r\n\r\n前面提到过团队的重要性，一个好的团队是成功的基石。团队是否优秀，不仅仅取决于团队成员的平均水平；团队成员的协同能力也非常重要。而协同力需要成员之间的互相配合，这和智商无关，取决于情商。\r\n\r\n如果你和那些成功人士接触过，你会发现和他们交流是一种享受。这很大程度上，是因为他们不仅仅知识渊博、阅历丰富，更是因为他们还有非常高的情商！情商的培养，不是一蹴而就的，需要在平时中逐渐养成，如果你也想成为一个成功人士，那么现在开始就要注重情商。\r\n\r\n保持耐心，懂得分解难题和循序渐进\r\n我犯过一个非常致命的错误：总想一次性解决一个问题，没有考虑对难题进行分解，也不去想着分阶段解决问题，问题过长的时候总是缺乏耐心而放弃。我感觉，可能好多同学都有过类似的错误或者经历。我总结了一下我会犯这种错误的原因：\r\n\r\n缺乏科学合理的指导与训练。这是最主要的一个原因，我们以后需要解决的都是工程应用问题，而之前接受的都是一个个离散的点的知识，如果没有科学的训练和指导，很难把问题分解成为我们学过的知识。因此，我建议如果有机会，大家就要想办法加入一个项目组，感受下实战的氛围。\r\n\r\n内心的自负。我总想一次性解决问题，这样才能显得比较“牛×”。现在想想，真是可笑。那些大型的项目，都是一点点分解成小的可解决的项目，然后分步解决，最终组合起来的。很少有一次性能解决的问题，因此要拜托不正常的心态，积极应对。\r\n\r\n应试教育的后遗症。这也是比较有争议的一点，我感觉我在这方面受到了部分的影响，你可以有自己的看法。\r\n\r\n广泛的阅读\r\n这里的阅读，不仅仅是技术类的。当然，如果作为技术人，技术类的书籍肯定是最多的。但是，在技术类之外的，还要广泛阅读其他类型的：政治、历史、经济、人文、军事、心理和职场类等，都要有所涉猎。个人认为，对IT人来说，未来的竞争是以技术作为突破点，比拼综合实力的过程。\r\n\r\n补充一点，那些毫无营养的书籍就不要看了，这里主要是指那些给屌丝们用于YY的书籍，毫无营养价值不说，还会让你沉迷于那种纯粹是痴想的境界，具体书籍我就不举例子了，主要是那些个 ruo zhi 的小说类的。。。。有这功夫，还是想想怎么赚钱吧，23333333333。想要放松式的阅读，就多看下那些名著之类的，比那些la ji xiao shuo不知强了多少倍。。\r\n\r\n养成批判性的思维方式\r\n前边提到的那一个“有自己的判断力”是这个的子集，大学学的不仅仅是知识，更重要的是思维方式。知识我们会忘记，但是养成的批判性思维方式会是最宝贵的财富之一。这里，强烈推荐一本书《学会提问》，这部书可以作为批判性思维方式的入门书籍，多读几遍！！！！！！！等你读完这本书之后，剩下的不用我说，你也知道怎么办了。\r\n\r\n技术人要有自己的博客\r\n我是今年年初开始写博客的，博客里面有各种配置过程，学习的一些知识，各种坑之类的。博客是最好的笔记，如果你没有自己的博客，那么现在就开始写。\r\n\r\nPS：博客园里的主要是我的软工作业。。。我实际的博客在CSDN，但是我不会告诉你我的地址的，23333333\r\n\r\n还有其他的，留作后续补充\r\n其他的还有，时间原因，后续不断补充。', '1', '1', '1', '1', '121', '23', '2018-07-25 15:47:34', '2018-11-25 15:47:49', '2018-12-25 09:57:35');
INSERT INTO `f_forum` VALUES ('60', '【发帖人必看】牛客网发帖规范说明及要求||附加精申请通道', ' 在HTML 4中 noshade 属性已废弃,HTML 4.01 Strict DTD 或 XHTML 1.0 Strict DTD 已不支持该属性，可以使用 CSS 替代。', '2', '2', '1', '1', '123', '34', '2018-07-25 15:47:34', '2018-11-25 15:47:49', '2018-12-25 09:57:35');
INSERT INTO `f_forum` VALUES ('61', '【发帖必看】牛客网发帖规范说明及要求||附加精申请通道', '有自己的判断力\r\n这和我自己踩的坑有关，我在这里不想指责谁，也不想埋怨有些事情，只能说当初选择“Leader”和“Team”的时候，确实是经验不足，不过这正好是一个很宝贵的经历，至少让我有了比其他同学更多的阅历！“悟已往之不谏，知来者之可追”，这些都过去了，重要的现在和未来。在这里，我只想说一句：选对方向、做对事、跟对人。\r\n\r\n英文能力\r\n这一点不用多说，对于准备从事IT行业的大学生来说，更进一步说，对于想要成为未来某一个领域的精英来说，熟练的英文都是必不可少的，不要仅仅把自己局限于所谓的四六级上。我更要对一些普通院校的同学强调一下这一点，因为普通院校学生高考时的英文平均水平就相对来说低一点，然后大学的学习氛围可能远不及那些重点院校的，因此好多同学到大四甚至还没过四级，如果是IT类专业的同学，我也只能表示很无语了。\r\n\r\n大部分最新的资料或者文档等，都是英文的；所有的顶级期刊的论文，也都是英文的；还有其他很多等，都是英文的。别跟我说有翻译软件，首先，翻译软件的能力还远不能精确无误地处理处理所有的语句，这在很多场景下是致命的；其次，这只不过是你不愿意去学习英文的一个借口罢了。我见过一些同学，总是爱拿自己英文底子不好作为借口，不去学习，真是可笑至极。你就是每天学习一点，四年的大学积累也足够你熟练阅读科技类文献了，我们都不是英文母语，谁也不是天生就会的，都是靠后天自己学习的，遇到困难总是爱找这样或者那样的借口，这种人很难成功，做一个熟练的底层码农就可以了，还天天幻想自己能成为顶级架构师和资深技术专家，简直是痴人说梦，呵呵。。哀其不幸。。\r\n\r\n不要受周围环境的影响，尽量寻找一个好的环境\r\n“物以类聚，人以群分”，我很赞成这句话。尤其是到了大学里面，我们会遇到各种各样的人，会加入到不同的圈子里面。我想给各位的意见是，不要被周围那些不好的环境给同化掉了 ，要时刻提醒自己，时刻记着自己的目标。那我自己经历过的一些事情来说，在我还在飞行器专业的时候，每当背着书包去看书时，有时遇到一些很“奇怪”的声音，比如：“哟，×××又去学习去啊”，再加上那种东北特有的声调，你可以想象一下那场景，不过好在没有被那些天天混吃等死之类给同化；即使是来到计算机，也很惊讶地发现，好多科班学生的代码量总和都没有我一个学期写的多，好多人连基本的代码都写不了几行。。（上述的一些情况，可能很大程度上与学校有关，这些经历可能更贴近那些普通院校的同学）。\r\n\r\n对于这种情况，我们没必要跟那些人进行理论，最有力的反击是用收入来吊打他们，反正钱赚了是自己的。。。而且，很多时候，不要自己一个人前行，还需要一些志同道合的伙伴一起，大家可以互相激励，取长补短。\r\n\r\n最后一点是最好不要和那些满身都是负能量的人经常接触，否则我们也可能变得那样。记住，前途是光明的，但是发展的道路可能是曲折的。我们要做的是坚信光明的前途，正视道路的曲折并想办法克服！！！\r\n\r\nIT人不仅要有智商，还要有情商\r\n重要的事情说三遍：情商很重要、情商很重要、情商很重要。没有人愿意天天和一个冰冷的“编码机器”打交道，即使这个“机器”很牛×。不要感觉自己能力比别人强一点，就目中无人，处处体现自己的优越感。这在IT人身上非常常见。我承认，我曾经也犯过类似的错误，不过我现在更加清醒地认识到情商地重要性了。\r\n\r\n前面提到过团队的重要性，一个好的团队是成功的基石。团队是否优秀，不仅仅取决于团队成员的平均水平；团队成员的协同能力也非常重要。而协同力需要成员之间的互相配合，这和智商无关，取决于情商。\r\n\r\n如果你和那些成功人士接触过，你会发现和他们交流是一种享受。这很大程度上，是因为他们不仅仅知识渊博、阅历丰富，更是因为他们还有非常高的情商！情商的培养，不是一蹴而就的，需要在平时中逐渐养成，如果你也想成为一个成功人士，那么现在开始就要注重情商。\r\n\r\n保持耐心，懂得分解难题和循序渐进\r\n我犯过一个非常致命的错误：总想一次性解决一个问题，没有考虑对难题进行分解，也不去想着分阶段解决问题，问题过长的时候总是缺乏耐心而放弃。我感觉，可能好多同学都有过类似的错误或者经历。我总结了一下我会犯这种错误的原因：\r\n\r\n缺乏科学合理的指导与训练。这是最主要的一个原因，我们以后需要解决的都是工程应用问题，而之前接受的都是一个个离散的点的知识，如果没有科学的训练和指导，很难把问题分解成为我们学过的知识。因此，我建议如果有机会，大家就要想办法加入一个项目组，感受下实战的氛围。\r\n\r\n内心的自负。我总想一次性解决问题，这样才能显得比较“牛×”。现在想想，真是可笑。那些大型的项目，都是一点点分解成小的可解决的项目，然后分步解决，最终组合起来的。很少有一次性能解决的问题，因此要拜托不正常的心态，积极应对。\r\n\r\n应试教育的后遗症。这也是比较有争议的一点，我感觉我在这方面受到了部分的影响，你可以有自己的看法。\r\n\r\n广泛的阅读\r\n这里的阅读，不仅仅是技术类的。当然，如果作为技术人，技术类的书籍肯定是最多的。但是，在技术类之外的，还要广泛阅读其他类型的：政治、历史、经济、人文、军事、心理和职场类等，都要有所涉猎。个人认为，对IT人来说，未来的竞争是以技术作为突破点，比拼综合实力的过程。\r\n\r\n补充一点，那些毫无营养的书籍就不要看了，这里主要是指那些给屌丝们用于YY的书籍，毫无营养价值不说，还会让你沉迷于那种纯粹是痴想的境界，具体书籍我就不举例子了，主要是那些个 ruo zhi 的小说类的。。。。有这功夫，还是想想怎么赚钱吧，23333333333。想要放松式的阅读，就多看下那些名著之类的，比那些la ji xiao shuo不知强了多少倍。。\r\n\r\n养成批判性的思维方式\r\n前边提到的那一个“有自己的判断力”是这个的子集，大学学的不仅仅是知识，更重要的是思维方式。知识我们会忘记，但是养成的批判性思维方式会是最宝贵的财富之一。这里，强烈推荐一本书《学会提问》，这部书可以作为批判性思维方式的入门书籍，多读几遍！！！！！！！等你读完这本书之后，剩下的不用我说，你也知道怎么办了。\r\n\r\n技术人要有自己的博客\r\n我是今年年初开始写博客的，博客里面有各种配置过程，学习的一些知识，各种坑之类的。博客是最好的笔记，如果你没有自己的博客，那么现在就开始写。\r\n\r\nPS：博客园里的主要是我的软工作业。。。我实际的博客在CSDN，但是我不会告诉你我的地址的，23333333\r\n\r\n还有其他的，留作后续补充\r\n其他的还有，时间原因，后续不断补充。', '3', '1', '1', '1', '123', '12', '2018-07-25 15:47:34', '2018-11-25 15:47:49', '2018-12-25 09:57:35');
INSERT INTO `f_forum` VALUES ('62', '【发帖人必看】牛客规范明及要求||附加精申请通道', '有自己的判断力\r\n这和我自己踩的坑有关，我在这里不想指责谁，也不想埋怨有些事情，只能说当初选择“Leader”和“Team”的时候，确实是经验不足，不过这正好是一个很宝贵的经历，至少让我有了比其他同学更多的阅历！“悟已往之不谏，知来者之可追”，这些都过去了，重要的现在和未来。在这里，我只想说一句：选对方向、做对事、跟对人。\r\n\r\n英文能力\r\n这一点不用多说，对于准备从事IT行业的大学生来说，更进一步说，对于想要成为未来某一个领域的精英来说，熟练的英文都是必不可少的，不要仅仅把自己局限于所谓的四六级上。我更要对一些普通院校的同学强调一下这一点，因为普通院校学生高考时的英文平均水平就相对来说低一点，然后大学的学习氛围可能远不及那些重点院校的，因此好多同学到大四甚至还没过四级，如果是IT类专业的同学，我也只能表示很无语了。\r\n\r\n大部分最新的资料或者文档等，都是英文的；所有的顶级期刊的论文，也都是英文的；还有其他很多等，都是英文的。别跟我说有翻译软件，首先，翻译软件的能力还远不能精确无误地处理处理所有的语句，这在很多场景下是致命的；其次，这只不过是你不愿意去学习英文的一个借口罢了。我见过一些同学，总是爱拿自己英文底子不好作为借口，不去学习，真是可笑至极。你就是每天学习一点，四年的大学积累也足够你熟练阅读科技类文献了，我们都不是英文母语，谁也不是天生就会的，都是靠后天自己学习的，遇到困难总是爱找这样或者那样的借口，这种人很难成功，做一个熟练的底层码农就可以了，还天天幻想自己能成为顶级架构师和资深技术专家，简直是痴人说梦，呵呵。。哀其不幸。。\r\n\r\n不要受周围环境的影响，尽量寻找一个好的环境\r\n“物以类聚，人以群分”，我很赞成这句话。尤其是到了大学里面，我们会遇到各种各样的人，会加入到不同的圈子里面。我想给各位的意见是，不要被周围那些不好的环境给同化掉了 ，要时刻提醒自己，时刻记着自己的目标。那我自己经历过的一些事情来说，在我还在飞行器专业的时候，每当背着书包去看书时，有时遇到一些很“奇怪”的声音，比如：“哟，×××又去学习去啊”，再加上那种东北特有的声调，你可以想象一下那场景，不过好在没有被那些天天混吃等死之类给同化；即使是来到计算机，也很惊讶地发现，好多科班学生的代码量总和都没有我一个学期写的多，好多人连基本的代码都写不了几行。。（上述的一些情况，可能很大程度上与学校有关，这些经历可能更贴近那些普通院校的同学）。\r\n\r\n对于这种情况，我们没必要跟那些人进行理论，最有力的反击是用收入来吊打他们，反正钱赚了是自己的。。。而且，很多时候，不要自己一个人前行，还需要一些志同道合的伙伴一起，大家可以互相激励，取长补短。\r\n\r\n最后一点是最好不要和那些满身都是负能量的人经常接触，否则我们也可能变得那样。记住，前途是光明的，但是发展的道路可能是曲折的。我们要做的是坚信光明的前途，正视道路的曲折并想办法克服！！！\r\n\r\nIT人不仅要有智商，还要有情商\r\n重要的事情说三遍：情商很重要、情商很重要、情商很重要。没有人愿意天天和一个冰冷的“编码机器”打交道，即使这个“机器”很牛×。不要感觉自己能力比别人强一点，就目中无人，处处体现自己的优越感。这在IT人身上非常常见。我承认，我曾经也犯过类似的错误，不过我现在更加清醒地认识到情商地重要性了。\r\n\r\n前面提到过团队的重要性，一个好的团队是成功的基石。团队是否优秀，不仅仅取决于团队成员的平均水平；团队成员的协同能力也非常重要。而协同力需要成员之间的互相配合，这和智商无关，取决于情商。\r\n\r\n如果你和那些成功人士接触过，你会发现和他们交流是一种享受。这很大程度上，是因为他们不仅仅知识渊博、阅历丰富，更是因为他们还有非常高的情商！情商的培养，不是一蹴而就的，需要在平时中逐渐养成，如果你也想成为一个成功人士，那么现在开始就要注重情商。\r\n\r\n保持耐心，懂得分解难题和循序渐进\r\n我犯过一个非常致命的错误：总想一次性解决一个问题，没有考虑对难题进行分解，也不去想着分阶段解决问题，问题过长的时候总是缺乏耐心而放弃。我感觉，可能好多同学都有过类似的错误或者经历。我总结了一下我会犯这种错误的原因：\r\n\r\n缺乏科学合理的指导与训练。这是最主要的一个原因，我们以后需要解决的都是工程应用问题，而之前接受的都是一个个离散的点的知识，如果没有科学的训练和指导，很难把问题分解成为我们学过的知识。因此，我建议如果有机会，大家就要想办法加入一个项目组，感受下实战的氛围。\r\n\r\n内心的自负。我总想一次性解决问题，这样才能显得比较“牛×”。现在想想，真是可笑。那些大型的项目，都是一点点分解成小的可解决的项目，然后分步解决，最终组合起来的。很少有一次性能解决的问题，因此要拜托不正常的心态，积极应对。\r\n\r\n应试教育的后遗症。这也是比较有争议的一点，我感觉我在这方面受到了部分的影响，你可以有自己的看法。\r\n\r\n广泛的阅读\r\n这里的阅读，不仅仅是技术类的。当然，如果作为技术人，技术类的书籍肯定是最多的。但是，在技术类之外的，还要广泛阅读其他类型的：政治、历史、经济、人文、军事、心理和职场类等，都要有所涉猎。个人认为，对IT人来说，未来的竞争是以技术作为突破点，比拼综合实力的过程。\r\n\r\n补充一点，那些毫无营养的书籍就不要看了，这里主要是指那些给屌丝们用于YY的书籍，毫无营养价值不说，还会让你沉迷于那种纯粹是痴想的境界，具体书籍我就不举例子了，主要是那些个 ruo zhi 的小说类的。。。。有这功夫，还是想想怎么赚钱吧，23333333333。想要放松式的阅读，就多看下那些名著之类的，比那些la ji xiao shuo不知强了多少倍。。\r\n\r\n养成批判性的思维方式\r\n前边提到的那一个“有自己的判断力”是这个的子集，大学学的不仅仅是知识，更重要的是思维方式。知识我们会忘记，但是养成的批判性思维方式会是最宝贵的财富之一。这里，强烈推荐一本书《学会提问》，这部书可以作为批判性思维方式的入门书籍，多读几遍！！！！！！！等你读完这本书之后，剩下的不用我说，你也知道怎么办了。\r\n\r\n技术人要有自己的博客\r\n我是今年年初开始写博客的，博客里面有各种配置过程，学习的一些知识，各种坑之类的。博客是最好的笔记，如果你没有自己的博客，那么现在就开始写。\r\n\r\nPS：博客园里的主要是我的软工作业。。。我实际的博客在CSDN，但是我不会告诉你我的地址的，23333333\r\n\r\n还有其他的，留作后续补充\r\n其他的还有，时间原因，后续不断补充。', '2', '1', '1', '1', '123', '45', '2018-07-25 15:47:34', '2018-11-25 15:47:49', '2018-12-25 09:57:35');
INSERT INTO `f_forum` VALUES ('63', '【发帖人必看】牛客网发帖规范说明及要求||附加精申请通道', '有自己的判断力\r\n这和我自己踩的坑有关，我在这里不想指责谁，也不想埋怨有些事情，只能说当初选择“Leader”和“Team”的时候，确实是经验不足，不过这正好是一个很宝贵的经历，至少让我有了比其他同学更多的阅历！“悟已往之不谏，知来者之可追”，这些都过去了，重要的现在和未来。在这里，我只想说一句：选对方向、做对事、跟对人。\r\n\r\n英文能力\r\n这一点不用多说，对于准备从事IT行业的大学生来说，更进一步说，对于想要成为未来某一个领域的精英来说，熟练的英文都是必不可少的，不要仅仅把自己局限于所谓的四六级上。我更要对一些普通院校的同学强调一下这一点，因为普通院校学生高考时的英文平均水平就相对来说低一点，然后大学的学习氛围可能远不及那些重点院校的，因此好多同学到大四甚至还没过四级，如果是IT类专业的同学，我也只能表示很无语了。\r\n\r\n大部分最新的资料或者文档等，都是英文的；所有的顶级期刊的论文，也都是英文的；还有其他很多等，都是英文的。别跟我说有翻译软件，首先，翻译软件的能力还远不能精确无误地处理处理所有的语句，这在很多场景下是致命的；其次，这只不过是你不愿意去学习英文的一个借口罢了。我见过一些同学，总是爱拿自己英文底子不好作为借口，不去学习，真是可笑至极。你就是每天学习一点，四年的大学积累也足够你熟练阅读科技类文献了，我们都不是英文母语，谁也不是天生就会的，都是靠后天自己学习的，遇到困难总是爱找这样或者那样的借口，这种人很难成功，做一个熟练的底层码农就可以了，还天天幻想自己能成为顶级架构师和资深技术专家，简直是痴人说梦，呵呵。。哀其不幸。。\r\n\r\n不要受周围环境的影响，尽量寻找一个好的环境\r\n“物以类聚，人以群分”，我很赞成这句话。尤其是到了大学里面，我们会遇到各种各样的人，会加入到不同的圈子里面。我想给各位的意见是，不要被周围那些不好的环境给同化掉了 ，要时刻提醒自己，时刻记着自己的目标。那我自己经历过的一些事情来说，在我还在飞行器专业的时候，每当背着书包去看书时，有时遇到一些很“奇怪”的声音，比如：“哟，×××又去学习去啊”，再加上那种东北特有的声调，你可以想象一下那场景，不过好在没有被那些天天混吃等死之类给同化；即使是来到计算机，也很惊讶地发现，好多科班学生的代码量总和都没有我一个学期写的多，好多人连基本的代码都写不了几行。。（上述的一些情况，可能很大程度上与学校有关，这些经历可能更贴近那些普通院校的同学）。\r\n\r\n对于这种情况，我们没必要跟那些人进行理论，最有力的反击是用收入来吊打他们，反正钱赚了是自己的。。。而且，很多时候，不要自己一个人前行，还需要一些志同道合的伙伴一起，大家可以互相激励，取长补短。\r\n\r\n最后一点是最好不要和那些满身都是负能量的人经常接触，否则我们也可能变得那样。记住，前途是光明的，但是发展的道路可能是曲折的。我们要做的是坚信光明的前途，正视道路的曲折并想办法克服！！！\r\n\r\nIT人不仅要有智商，还要有情商\r\n重要的事情说三遍：情商很重要、情商很重要、情商很重要。没有人愿意天天和一个冰冷的“编码机器”打交道，即使这个“机器”很牛×。不要感觉自己能力比别人强一点，就目中无人，处处体现自己的优越感。这在IT人身上非常常见。我承认，我曾经也犯过类似的错误，不过我现在更加清醒地认识到情商地重要性了。\r\n\r\n前面提到过团队的重要性，一个好的团队是成功的基石。团队是否优秀，不仅仅取决于团队成员的平均水平；团队成员的协同能力也非常重要。而协同力需要成员之间的互相配合，这和智商无关，取决于情商。\r\n\r\n如果你和那些成功人士接触过，你会发现和他们交流是一种享受。这很大程度上，是因为他们不仅仅知识渊博、阅历丰富，更是因为他们还有非常高的情商！情商的培养，不是一蹴而就的，需要在平时中逐渐养成，如果你也想成为一个成功人士，那么现在开始就要注重情商。\r\n\r\n保持耐心，懂得分解难题和循序渐进\r\n我犯过一个非常致命的错误：总想一次性解决一个问题，没有考虑对难题进行分解，也不去想着分阶段解决问题，问题过长的时候总是缺乏耐心而放弃。我感觉，可能好多同学都有过类似的错误或者经历。我总结了一下我会犯这种错误的原因：\r\n\r\n缺乏科学合理的指导与训练。这是最主要的一个原因，我们以后需要解决的都是工程应用问题，而之前接受的都是一个个离散的点的知识，如果没有科学的训练和指导，很难把问题分解成为我们学过的知识。因此，我建议如果有机会，大家就要想办法加入一个项目组，感受下实战的氛围。\r\n\r\n内心的自负。我总想一次性解决问题，这样才能显得比较“牛×”。现在想想，真是可笑。那些大型的项目，都是一点点分解成小的可解决的项目，然后分步解决，最终组合起来的。很少有一次性能解决的问题，因此要拜托不正常的心态，积极应对。\r\n\r\n应试教育的后遗症。这也是比较有争议的一点，我感觉我在这方面受到了部分的影响，你可以有自己的看法。\r\n\r\n广泛的阅读\r\n这里的阅读，不仅仅是技术类的。当然，如果作为技术人，技术类的书籍肯定是最多的。但是，在技术类之外的，还要广泛阅读其他类型的：政治、历史、经济、人文、军事、心理和职场类等，都要有所涉猎。个人认为，对IT人来说，未来的竞争是以技术作为突破点，比拼综合实力的过程。\r\n\r\n补充一点，那些毫无营养的书籍就不要看了，这里主要是指那些给屌丝们用于YY的书籍，毫无营养价值不说，还会让你沉迷于那种纯粹是痴想的境界，具体书籍我就不举例子了，主要是那些个 ruo zhi 的小说类的。。。。有这功夫，还是想想怎么赚钱吧，23333333333。想要放松式的阅读，就多看下那些名著之类的，比那些la ji xiao shuo不知强了多少倍。。\r\n\r\n养成批判性的思维方式\r\n前边提到的那一个“有自己的判断力”是这个的子集，大学学的不仅仅是知识，更重要的是思维方式。知识我们会忘记，但是养成的批判性思维方式会是最宝贵的财富之一。这里，强烈推荐一本书《学会提问》，这部书可以作为批判性思维方式的入门书籍，多读几遍！！！！！！！等你读完这本书之后，剩下的不用我说，你也知道怎么办了。\r\n\r\n技术人要有自己的博客\r\n我是今年年初开始写博客的，博客里面有各种配置过程，学习的一些知识，各种坑之类的。博客是最好的笔记，如果你没有自己的博客，那么现在就开始写。\r\n\r\nPS：博客园里的主要是我的软工作业。。。我实际的博客在CSDN，但是我不会告诉你我的地址的，23333333\r\n\r\n还有其他的，留作后续补充\r\n其他的还有，时间原因，后续不断补充。', '1', '2', '1', '1', '123', '12', '2018-07-25 15:47:34', '2018-11-25 15:47:49', '2018-12-25 09:57:35');
INSERT INTO `f_forum` VALUES ('64', '【发帖必看】牛客网发帖规范说明及要求||附加精申请通道', ' 在HTML 4中 noshade 属性已废弃,HTML 4.01 Strict DTD 或 XHTML 1.0 Strict DTD 已不支持该属性，可以使用 CSS 替代。', '2', '1', '1', '1', '123', '12', '2018-07-25 15:47:34', '2018-11-25 15:47:49', '2018-12-25 09:57:35');
INSERT INTO `f_forum` VALUES ('65', '【发帖人必看】牛客网发帖规范说明及要求||附加精申请通道', ' 在HTML 4中 noshade 属性已废弃,HTML 4.01 Strict DTD 或 XHTML 1.0 Strict DTD 已不支持该属性，可以使用 CSS 替代。', '4', '1', '1', '1', '123', '12', '2018-07-25 15:47:34', '2018-11-25 15:47:49', '2018-12-25 09:57:36');
INSERT INTO `f_forum` VALUES ('66', '【发帖人必看】牛客网发帖规明及要求||附加精申请通道', '有自己的判断力\r\n这和我自己踩的坑有关，我在这里不想指责谁，也不想埋怨有些事情，只能说当初选择“Leader”和“Team”的时候，确实是经验不足，不过这正好是一个很宝贵的经历，至少让我有了比其他同学更多的阅历！“悟已往之不谏，知来者之可追”，这些都过去了，重要的现在和未来。在这里，我只想说一句：选对方向、做对事、跟对人。\r\n\r\n英文能力\r\n这一点不用多说，对于准备从事IT行业的大学生来说，更进一步说，对于想要成为未来某一个领域的精英来说，熟练的英文都是必不可少的，不要仅仅把自己局限于所谓的四六级上。我更要对一些普通院校的同学强调一下这一点，因为普通院校学生高考时的英文平均水平就相对来说低一点，然后大学的学习氛围可能远不及那些重点院校的，因此好多同学到大四甚至还没过四级，如果是IT类专业的同学，我也只能表示很无语了。\r\n\r\n大部分最新的资料或者文档等，都是英文的；所有的顶级期刊的论文，也都是英文的；还有其他很多等，都是英文的。别跟我说有翻译软件，首先，翻译软件的能力还远不能精确无误地处理处理所有的语句，这在很多场景下是致命的；其次，这只不过是你不愿意去学习英文的一个借口罢了。我见过一些同学，总是爱拿自己英文底子不好作为借口，不去学习，真是可笑至极。你就是每天学习一点，四年的大学积累也足够你熟练阅读科技类文献了，我们都不是英文母语，谁也不是天生就会的，都是靠后天自己学习的，遇到困难总是爱找这样或者那样的借口，这种人很难成功，做一个熟练的底层码农就可以了，还天天幻想自己能成为顶级架构师和资深技术专家，简直是痴人说梦，呵呵。。哀其不幸。。\r\n\r\n不要受周围环境的影响，尽量寻找一个好的环境\r\n“物以类聚，人以群分”，我很赞成这句话。尤其是到了大学里面，我们会遇到各种各样的人，会加入到不同的圈子里面。我想给各位的意见是，不要被周围那些不好的环境给同化掉了 ，要时刻提醒自己，时刻记着自己的目标。那我自己经历过的一些事情来说，在我还在飞行器专业的时候，每当背着书包去看书时，有时遇到一些很“奇怪”的声音，比如：“哟，×××又去学习去啊”，再加上那种东北特有的声调，你可以想象一下那场景，不过好在没有被那些天天混吃等死之类给同化；即使是来到计算机，也很惊讶地发现，好多科班学生的代码量总和都没有我一个学期写的多，好多人连基本的代码都写不了几行。。（上述的一些情况，可能很大程度上与学校有关，这些经历可能更贴近那些普通院校的同学）。\r\n\r\n对于这种情况，我们没必要跟那些人进行理论，最有力的反击是用收入来吊打他们，反正钱赚了是自己的。。。而且，很多时候，不要自己一个人前行，还需要一些志同道合的伙伴一起，大家可以互相激励，取长补短。\r\n\r\n最后一点是最好不要和那些满身都是负能量的人经常接触，否则我们也可能变得那样。记住，前途是光明的，但是发展的道路可能是曲折的。我们要做的是坚信光明的前途，正视道路的曲折并想办法克服！！！\r\n\r\nIT人不仅要有智商，还要有情商\r\n重要的事情说三遍：情商很重要、情商很重要、情商很重要。没有人愿意天天和一个冰冷的“编码机器”打交道，即使这个“机器”很牛×。不要感觉自己能力比别人强一点，就目中无人，处处体现自己的优越感。这在IT人身上非常常见。我承认，我曾经也犯过类似的错误，不过我现在更加清醒地认识到情商地重要性了。\r\n\r\n前面提到过团队的重要性，一个好的团队是成功的基石。团队是否优秀，不仅仅取决于团队成员的平均水平；团队成员的协同能力也非常重要。而协同力需要成员之间的互相配合，这和智商无关，取决于情商。\r\n\r\n如果你和那些成功人士接触过，你会发现和他们交流是一种享受。这很大程度上，是因为他们不仅仅知识渊博、阅历丰富，更是因为他们还有非常高的情商！情商的培养，不是一蹴而就的，需要在平时中逐渐养成，如果你也想成为一个成功人士，那么现在开始就要注重情商。\r\n\r\n保持耐心，懂得分解难题和循序渐进\r\n我犯过一个非常致命的错误：总想一次性解决一个问题，没有考虑对难题进行分解，也不去想着分阶段解决问题，问题过长的时候总是缺乏耐心而放弃。我感觉，可能好多同学都有过类似的错误或者经历。我总结了一下我会犯这种错误的原因：\r\n\r\n缺乏科学合理的指导与训练。这是最主要的一个原因，我们以后需要解决的都是工程应用问题，而之前接受的都是一个个离散的点的知识，如果没有科学的训练和指导，很难把问题分解成为我们学过的知识。因此，我建议如果有机会，大家就要想办法加入一个项目组，感受下实战的氛围。\r\n\r\n内心的自负。我总想一次性解决问题，这样才能显得比较“牛×”。现在想想，真是可笑。那些大型的项目，都是一点点分解成小的可解决的项目，然后分步解决，最终组合起来的。很少有一次性能解决的问题，因此要拜托不正常的心态，积极应对。\r\n\r\n应试教育的后遗症。这也是比较有争议的一点，我感觉我在这方面受到了部分的影响，你可以有自己的看法。\r\n\r\n广泛的阅读\r\n这里的阅读，不仅仅是技术类的。当然，如果作为技术人，技术类的书籍肯定是最多的。但是，在技术类之外的，还要广泛阅读其他类型的：政治、历史、经济、人文、军事、心理和职场类等，都要有所涉猎。个人认为，对IT人来说，未来的竞争是以技术作为突破点，比拼综合实力的过程。\r\n\r\n补充一点，那些毫无营养的书籍就不要看了，这里主要是指那些给屌丝们用于YY的书籍，毫无营养价值不说，还会让你沉迷于那种纯粹是痴想的境界，具体书籍我就不举例子了，主要是那些个 ruo zhi 的小说类的。。。。有这功夫，还是想想怎么赚钱吧，23333333333。想要放松式的阅读，就多看下那些名著之类的，比那些la ji xiao shuo不知强了多少倍。。\r\n\r\n养成批判性的思维方式\r\n前边提到的那一个“有自己的判断力”是这个的子集，大学学的不仅仅是知识，更重要的是思维方式。知识我们会忘记，但是养成的批判性思维方式会是最宝贵的财富之一。这里，强烈推荐一本书《学会提问》，这部书可以作为批判性思维方式的入门书籍，多读几遍！！！！！！！等你读完这本书之后，剩下的不用我说，你也知道怎么办了。\r\n\r\n技术人要有自己的博客\r\n我是今年年初开始写博客的，博客里面有各种配置过程，学习的一些知识，各种坑之类的。博客是最好的笔记，如果你没有自己的博客，那么现在就开始写。\r\n\r\nPS：博客园里的主要是我的软工作业。。。我实际的博客在CSDN，但是我不会告诉你我的地址的，23333333\r\n\r\n还有其他的，留作后续补充\r\n其他的还有，时间原因，后续不断补充。', '7', '1', '1', '1', '123', '12', '2018-07-25 15:47:34', '2018-11-25 15:47:49', '2018-12-25 09:57:39');
INSERT INTO `f_forum` VALUES ('67', '【发帖必看】牛客网发帖规范说明及要求||附加精申请通道', '有自己的判断力\r\n这和我自己踩的坑有关，我在这里不想指责谁，也不想埋怨有些事情，只能说当初选择“Leader”和“Team”的时候，确实是经验不足，不过这正好是一个很宝贵的经历，至少让我有了比其他同学更多的阅历！“悟已往之不谏，知来者之可追”，这些都过去了，重要的现在和未来。在这里，我只想说一句：选对方向、做对事、跟对人。\r\n\r\n英文能力\r\n这一点不用多说，对于准备从事IT行业的大学生来说，更进一步说，对于想要成为未来某一个领域的精英来说，熟练的英文都是必不可少的，不要仅仅把自己局限于所谓的四六级上。我更要对一些普通院校的同学强调一下这一点，因为普通院校学生高考时的英文平均水平就相对来说低一点，然后大学的学习氛围可能远不及那些重点院校的，因此好多同学到大四甚至还没过四级，如果是IT类专业的同学，我也只能表示很无语了。\r\n\r\n大部分最新的资料或者文档等，都是英文的；所有的顶级期刊的论文，也都是英文的；还有其他很多等，都是英文的。别跟我说有翻译软件，首先，翻译软件的能力还远不能精确无误地处理处理所有的语句，这在很多场景下是致命的；其次，这只不过是你不愿意去学习英文的一个借口罢了。我见过一些同学，总是爱拿自己英文底子不好作为借口，不去学习，真是可笑至极。你就是每天学习一点，四年的大学积累也足够你熟练阅读科技类文献了，我们都不是英文母语，谁也不是天生就会的，都是靠后天自己学习的，遇到困难总是爱找这样或者那样的借口，这种人很难成功，做一个熟练的底层码农就可以了，还天天幻想自己能成为顶级架构师和资深技术专家，简直是痴人说梦，呵呵。。哀其不幸。。\r\n\r\n不要受周围环境的影响，尽量寻找一个好的环境\r\n“物以类聚，人以群分”，我很赞成这句话。尤其是到了大学里面，我们会遇到各种各样的人，会加入到不同的圈子里面。我想给各位的意见是，不要被周围那些不好的环境给同化掉了 ，要时刻提醒自己，时刻记着自己的目标。那我自己经历过的一些事情来说，在我还在飞行器专业的时候，每当背着书包去看书时，有时遇到一些很“奇怪”的声音，比如：“哟，×××又去学习去啊”，再加上那种东北特有的声调，你可以想象一下那场景，不过好在没有被那些天天混吃等死之类给同化；即使是来到计算机，也很惊讶地发现，好多科班学生的代码量总和都没有我一个学期写的多，好多人连基本的代码都写不了几行。。（上述的一些情况，可能很大程度上与学校有关，这些经历可能更贴近那些普通院校的同学）。\r\n\r\n对于这种情况，我们没必要跟那些人进行理论，最有力的反击是用收入来吊打他们，反正钱赚了是自己的。。。而且，很多时候，不要自己一个人前行，还需要一些志同道合的伙伴一起，大家可以互相激励，取长补短。\r\n\r\n最后一点是最好不要和那些满身都是负能量的人经常接触，否则我们也可能变得那样。记住，前途是光明的，但是发展的道路可能是曲折的。我们要做的是坚信光明的前途，正视道路的曲折并想办法克服！！！\r\n\r\nIT人不仅要有智商，还要有情商\r\n重要的事情说三遍：情商很重要、情商很重要、情商很重要。没有人愿意天天和一个冰冷的“编码机器”打交道，即使这个“机器”很牛×。不要感觉自己能力比别人强一点，就目中无人，处处体现自己的优越感。这在IT人身上非常常见。我承认，我曾经也犯过类似的错误，不过我现在更加清醒地认识到情商地重要性了。\r\n\r\n前面提到过团队的重要性，一个好的团队是成功的基石。团队是否优秀，不仅仅取决于团队成员的平均水平；团队成员的协同能力也非常重要。而协同力需要成员之间的互相配合，这和智商无关，取决于情商。\r\n\r\n如果你和那些成功人士接触过，你会发现和他们交流是一种享受。这很大程度上，是因为他们不仅仅知识渊博、阅历丰富，更是因为他们还有非常高的情商！情商的培养，不是一蹴而就的，需要在平时中逐渐养成，如果你也想成为一个成功人士，那么现在开始就要注重情商。\r\n\r\n保持耐心，懂得分解难题和循序渐进\r\n我犯过一个非常致命的错误：总想一次性解决一个问题，没有考虑对难题进行分解，也不去想着分阶段解决问题，问题过长的时候总是缺乏耐心而放弃。我感觉，可能好多同学都有过类似的错误或者经历。我总结了一下我会犯这种错误的原因：\r\n\r\n缺乏科学合理的指导与训练。这是最主要的一个原因，我们以后需要解决的都是工程应用问题，而之前接受的都是一个个离散的点的知识，如果没有科学的训练和指导，很难把问题分解成为我们学过的知识。因此，我建议如果有机会，大家就要想办法加入一个项目组，感受下实战的氛围。\r\n\r\n内心的自负。我总想一次性解决问题，这样才能显得比较“牛×”。现在想想，真是可笑。那些大型的项目，都是一点点分解成小的可解决的项目，然后分步解决，最终组合起来的。很少有一次性能解决的问题，因此要拜托不正常的心态，积极应对。\r\n\r\n应试教育的后遗症。这也是比较有争议的一点，我感觉我在这方面受到了部分的影响，你可以有自己的看法。\r\n\r\n广泛的阅读\r\n这里的阅读，不仅仅是技术类的。当然，如果作为技术人，技术类的书籍肯定是最多的。但是，在技术类之外的，还要广泛阅读其他类型的：政治、历史、经济、人文、军事、心理和职场类等，都要有所涉猎。个人认为，对IT人来说，未来的竞争是以技术作为突破点，比拼综合实力的过程。\r\n\r\n补充一点，那些毫无营养的书籍就不要看了，这里主要是指那些给屌丝们用于YY的书籍，毫无营养价值不说，还会让你沉迷于那种纯粹是痴想的境界，具体书籍我就不举例子了，主要是那些个 ruo zhi 的小说类的。。。。有这功夫，还是想想怎么赚钱吧，23333333333。想要放松式的阅读，就多看下那些名著之类的，比那些la ji xiao shuo不知强了多少倍。。\r\n\r\n养成批判性的思维方式\r\n前边提到的那一个“有自己的判断力”是这个的子集，大学学的不仅仅是知识，更重要的是思维方式。知识我们会忘记，但是养成的批判性思维方式会是最宝贵的财富之一。这里，强烈推荐一本书《学会提问》，这部书可以作为批判性思维方式的入门书籍，多读几遍！！！！！！！等你读完这本书之后，剩下的不用我说，你也知道怎么办了。\r\n\r\n技术人要有自己的博客\r\n我是今年年初开始写博客的，博客里面有各种配置过程，学习的一些知识，各种坑之类的。博客是最好的笔记，如果你没有自己的博客，那么现在就开始写。\r\n\r\nPS：博客园里的主要是我的软工作业。。。我实际的博客在CSDN，但是我不会告诉你我的地址的，23333333\r\n\r\n还有其他的，留作后续补充\r\n其他的还有，时间原因，后续不断补充。', '1', '1', '1', '1', '123', '12', '2018-07-25 15:47:34', '2018-11-25 15:47:49', '2018-12-25 09:57:39');
INSERT INTO `f_forum` VALUES ('68', '【发帖人必看】牛客网帖规范说明及要求||附加精申请通道', ' 在HTML 4中 noshade 属性已废弃,HTML 4.01 Strict DTD 或 XHTML 1.0 Strict DTD 已不支持该属性，可以使用 CSS 替代。', '2', '2', '1', '1', '123', '12', '2018-07-25 15:47:34', '2018-11-25 15:47:49', '2018-12-25 09:57:39');
INSERT INTO `f_forum` VALUES ('69', '【发帖必看】牛客网发帖范说明及要求||附加精申请通道', '有自己的判断力\r\n这和我自己踩的坑有关，我在这里不想指责谁，也不想埋怨有些事情，只能说当初选择“Leader”和“Team”的时候，确实是经验不足，不过这正好是一个很宝贵的经历，至少让我有了比其他同学更多的阅历！“悟已往之不谏，知来者之可追”，这些都过去了，重要的现在和未来。在这里，我只想说一句：选对方向、做对事、跟对人。\r\n\r\n英文能力\r\n这一点不用多说，对于准备从事IT行业的大学生来说，更进一步说，对于想要成为未来某一个领域的精英来说，熟练的英文都是必不可少的，不要仅仅把自己局限于所谓的四六级上。我更要对一些普通院校的同学强调一下这一点，因为普通院校学生高考时的英文平均水平就相对来说低一点，然后大学的学习氛围可能远不及那些重点院校的，因此好多同学到大四甚至还没过四级，如果是IT类专业的同学，我也只能表示很无语了。\r\n\r\n大部分最新的资料或者文档等，都是英文的；所有的顶级期刊的论文，也都是英文的；还有其他很多等，都是英文的。别跟我说有翻译软件，首先，翻译软件的能力还远不能精确无误地处理处理所有的语句，这在很多场景下是致命的；其次，这只不过是你不愿意去学习英文的一个借口罢了。我见过一些同学，总是爱拿自己英文底子不好作为借口，不去学习，真是可笑至极。你就是每天学习一点，四年的大学积累也足够你熟练阅读科技类文献了，我们都不是英文母语，谁也不是天生就会的，都是靠后天自己学习的，遇到困难总是爱找这样或者那样的借口，这种人很难成功，做一个熟练的底层码农就可以了，还天天幻想自己能成为顶级架构师和资深技术专家，简直是痴人说梦，呵呵。。哀其不幸。。\r\n\r\n不要受周围环境的影响，尽量寻找一个好的环境\r\n“物以类聚，人以群分”，我很赞成这句话。尤其是到了大学里面，我们会遇到各种各样的人，会加入到不同的圈子里面。我想给各位的意见是，不要被周围那些不好的环境给同化掉了 ，要时刻提醒自己，时刻记着自己的目标。那我自己经历过的一些事情来说，在我还在飞行器专业的时候，每当背着书包去看书时，有时遇到一些很“奇怪”的声音，比如：“哟，×××又去学习去啊”，再加上那种东北特有的声调，你可以想象一下那场景，不过好在没有被那些天天混吃等死之类给同化；即使是来到计算机，也很惊讶地发现，好多科班学生的代码量总和都没有我一个学期写的多，好多人连基本的代码都写不了几行。。（上述的一些情况，可能很大程度上与学校有关，这些经历可能更贴近那些普通院校的同学）。\r\n\r\n对于这种情况，我们没必要跟那些人进行理论，最有力的反击是用收入来吊打他们，反正钱赚了是自己的。。。而且，很多时候，不要自己一个人前行，还需要一些志同道合的伙伴一起，大家可以互相激励，取长补短。\r\n\r\n最后一点是最好不要和那些满身都是负能量的人经常接触，否则我们也可能变得那样。记住，前途是光明的，但是发展的道路可能是曲折的。我们要做的是坚信光明的前途，正视道路的曲折并想办法克服！！！\r\n\r\nIT人不仅要有智商，还要有情商\r\n重要的事情说三遍：情商很重要、情商很重要、情商很重要。没有人愿意天天和一个冰冷的“编码机器”打交道，即使这个“机器”很牛×。不要感觉自己能力比别人强一点，就目中无人，处处体现自己的优越感。这在IT人身上非常常见。我承认，我曾经也犯过类似的错误，不过我现在更加清醒地认识到情商地重要性了。\r\n\r\n前面提到过团队的重要性，一个好的团队是成功的基石。团队是否优秀，不仅仅取决于团队成员的平均水平；团队成员的协同能力也非常重要。而协同力需要成员之间的互相配合，这和智商无关，取决于情商。\r\n\r\n如果你和那些成功人士接触过，你会发现和他们交流是一种享受。这很大程度上，是因为他们不仅仅知识渊博、阅历丰富，更是因为他们还有非常高的情商！情商的培养，不是一蹴而就的，需要在平时中逐渐养成，如果你也想成为一个成功人士，那么现在开始就要注重情商。\r\n\r\n保持耐心，懂得分解难题和循序渐进\r\n我犯过一个非常致命的错误：总想一次性解决一个问题，没有考虑对难题进行分解，也不去想着分阶段解决问题，问题过长的时候总是缺乏耐心而放弃。我感觉，可能好多同学都有过类似的错误或者经历。我总结了一下我会犯这种错误的原因：\r\n\r\n缺乏科学合理的指导与训练。这是最主要的一个原因，我们以后需要解决的都是工程应用问题，而之前接受的都是一个个离散的点的知识，如果没有科学的训练和指导，很难把问题分解成为我们学过的知识。因此，我建议如果有机会，大家就要想办法加入一个项目组，感受下实战的氛围。\r\n\r\n内心的自负。我总想一次性解决问题，这样才能显得比较“牛×”。现在想想，真是可笑。那些大型的项目，都是一点点分解成小的可解决的项目，然后分步解决，最终组合起来的。很少有一次性能解决的问题，因此要拜托不正常的心态，积极应对。\r\n\r\n应试教育的后遗症。这也是比较有争议的一点，我感觉我在这方面受到了部分的影响，你可以有自己的看法。\r\n\r\n广泛的阅读\r\n这里的阅读，不仅仅是技术类的。当然，如果作为技术人，技术类的书籍肯定是最多的。但是，在技术类之外的，还要广泛阅读其他类型的：政治、历史、经济、人文、军事、心理和职场类等，都要有所涉猎。个人认为，对IT人来说，未来的竞争是以技术作为突破点，比拼综合实力的过程。\r\n\r\n补充一点，那些毫无营养的书籍就不要看了，这里主要是指那些给屌丝们用于YY的书籍，毫无营养价值不说，还会让你沉迷于那种纯粹是痴想的境界，具体书籍我就不举例子了，主要是那些个 ruo zhi 的小说类的。。。。有这功夫，还是想想怎么赚钱吧，23333333333。想要放松式的阅读，就多看下那些名著之类的，比那些la ji xiao shuo不知强了多少倍。。\r\n\r\n养成批判性的思维方式\r\n前边提到的那一个“有自己的判断力”是这个的子集，大学学的不仅仅是知识，更重要的是思维方式。知识我们会忘记，但是养成的批判性思维方式会是最宝贵的财富之一。这里，强烈推荐一本书《学会提问》，这部书可以作为批判性思维方式的入门书籍，多读几遍！！！！！！！等你读完这本书之后，剩下的不用我说，你也知道怎么办了。\r\n\r\n技术人要有自己的博客\r\n我是今年年初开始写博客的，博客里面有各种配置过程，学习的一些知识，各种坑之类的。博客是最好的笔记，如果你没有自己的博客，那么现在就开始写。\r\n\r\nPS：博客园里的主要是我的软工作业。。。我实际的博客在CSDN，但是我不会告诉你我的地址的，23333333\r\n\r\n还有其他的，留作后续补充\r\n其他的还有，时间原因，后续不断补充。', '3', '1', '1', '1', '123', '12', '2018-07-25 15:47:34', '2018-11-25 15:47:49', '2018-12-25 09:57:39');
INSERT INTO `f_forum` VALUES ('70', '【发帖人必看】牛客网发帖规范说明及要求||附加精申请通道', '有自己的判断力\r\n这和我自己踩的坑有关，我在这里不想指责谁，也不想埋怨有些事情，只能说当初选择“Leader”和“Team”的时候，确实是经验不足，不过这正好是一个很宝贵的经历，至少让我有了比其他同学更多的阅历！“悟已往之不谏，知来者之可追”，这些都过去了，重要的现在和未来。在这里，我只想说一句：选对方向、做对事、跟对人。\r\n\r\n英文能力\r\n这一点不用多说，对于准备从事IT行业的大学生来说，更进一步说，对于想要成为未来某一个领域的精英来说，熟练的英文都是必不可少的，不要仅仅把自己局限于所谓的四六级上。我更要对一些普通院校的同学强调一下这一点，因为普通院校学生高考时的英文平均水平就相对来说低一点，然后大学的学习氛围可能远不及那些重点院校的，因此好多同学到大四甚至还没过四级，如果是IT类专业的同学，我也只能表示很无语了。\r\n\r\n大部分最新的资料或者文档等，都是英文的；所有的顶级期刊的论文，也都是英文的；还有其他很多等，都是英文的。别跟我说有翻译软件，首先，翻译软件的能力还远不能精确无误地处理处理所有的语句，这在很多场景下是致命的；其次，这只不过是你不愿意去学习英文的一个借口罢了。我见过一些同学，总是爱拿自己英文底子不好作为借口，不去学习，真是可笑至极。你就是每天学习一点，四年的大学积累也足够你熟练阅读科技类文献了，我们都不是英文母语，谁也不是天生就会的，都是靠后天自己学习的，遇到困难总是爱找这样或者那样的借口，这种人很难成功，做一个熟练的底层码农就可以了，还天天幻想自己能成为顶级架构师和资深技术专家，简直是痴人说梦，呵呵。。哀其不幸。。\r\n\r\n不要受周围环境的影响，尽量寻找一个好的环境\r\n“物以类聚，人以群分”，我很赞成这句话。尤其是到了大学里面，我们会遇到各种各样的人，会加入到不同的圈子里面。我想给各位的意见是，不要被周围那些不好的环境给同化掉了 ，要时刻提醒自己，时刻记着自己的目标。那我自己经历过的一些事情来说，在我还在飞行器专业的时候，每当背着书包去看书时，有时遇到一些很“奇怪”的声音，比如：“哟，×××又去学习去啊”，再加上那种东北特有的声调，你可以想象一下那场景，不过好在没有被那些天天混吃等死之类给同化；即使是来到计算机，也很惊讶地发现，好多科班学生的代码量总和都没有我一个学期写的多，好多人连基本的代码都写不了几行。。（上述的一些情况，可能很大程度上与学校有关，这些经历可能更贴近那些普通院校的同学）。\r\n\r\n对于这种情况，我们没必要跟那些人进行理论，最有力的反击是用收入来吊打他们，反正钱赚了是自己的。。。而且，很多时候，不要自己一个人前行，还需要一些志同道合的伙伴一起，大家可以互相激励，取长补短。\r\n\r\n最后一点是最好不要和那些满身都是负能量的人经常接触，否则我们也可能变得那样。记住，前途是光明的，但是发展的道路可能是曲折的。我们要做的是坚信光明的前途，正视道路的曲折并想办法克服！！！\r\n\r\nIT人不仅要有智商，还要有情商\r\n重要的事情说三遍：情商很重要、情商很重要、情商很重要。没有人愿意天天和一个冰冷的“编码机器”打交道，即使这个“机器”很牛×。不要感觉自己能力比别人强一点，就目中无人，处处体现自己的优越感。这在IT人身上非常常见。我承认，我曾经也犯过类似的错误，不过我现在更加清醒地认识到情商地重要性了。\r\n\r\n前面提到过团队的重要性，一个好的团队是成功的基石。团队是否优秀，不仅仅取决于团队成员的平均水平；团队成员的协同能力也非常重要。而协同力需要成员之间的互相配合，这和智商无关，取决于情商。\r\n\r\n如果你和那些成功人士接触过，你会发现和他们交流是一种享受。这很大程度上，是因为他们不仅仅知识渊博、阅历丰富，更是因为他们还有非常高的情商！情商的培养，不是一蹴而就的，需要在平时中逐渐养成，如果你也想成为一个成功人士，那么现在开始就要注重情商。\r\n\r\n保持耐心，懂得分解难题和循序渐进\r\n我犯过一个非常致命的错误：总想一次性解决一个问题，没有考虑对难题进行分解，也不去想着分阶段解决问题，问题过长的时候总是缺乏耐心而放弃。我感觉，可能好多同学都有过类似的错误或者经历。我总结了一下我会犯这种错误的原因：\r\n\r\n缺乏科学合理的指导与训练。这是最主要的一个原因，我们以后需要解决的都是工程应用问题，而之前接受的都是一个个离散的点的知识，如果没有科学的训练和指导，很难把问题分解成为我们学过的知识。因此，我建议如果有机会，大家就要想办法加入一个项目组，感受下实战的氛围。\r\n\r\n内心的自负。我总想一次性解决问题，这样才能显得比较“牛×”。现在想想，真是可笑。那些大型的项目，都是一点点分解成小的可解决的项目，然后分步解决，最终组合起来的。很少有一次性能解决的问题，因此要拜托不正常的心态，积极应对。\r\n\r\n应试教育的后遗症。这也是比较有争议的一点，我感觉我在这方面受到了部分的影响，你可以有自己的看法。\r\n\r\n广泛的阅读\r\n这里的阅读，不仅仅是技术类的。当然，如果作为技术人，技术类的书籍肯定是最多的。但是，在技术类之外的，还要广泛阅读其他类型的：政治、历史、经济、人文、军事、心理和职场类等，都要有所涉猎。个人认为，对IT人来说，未来的竞争是以技术作为突破点，比拼综合实力的过程。\r\n\r\n补充一点，那些毫无营养的书籍就不要看了，这里主要是指那些给屌丝们用于YY的书籍，毫无营养价值不说，还会让你沉迷于那种纯粹是痴想的境界，具体书籍我就不举例子了，主要是那些个 ruo zhi 的小说类的。。。。有这功夫，还是想想怎么赚钱吧，23333333333。想要放松式的阅读，就多看下那些名著之类的，比那些la ji xiao shuo不知强了多少倍。。\r\n\r\n养成批判性的思维方式\r\n前边提到的那一个“有自己的判断力”是这个的子集，大学学的不仅仅是知识，更重要的是思维方式。知识我们会忘记，但是养成的批判性思维方式会是最宝贵的财富之一。这里，强烈推荐一本书《学会提问》，这部书可以作为批判性思维方式的入门书籍，多读几遍！！！！！！！等你读完这本书之后，剩下的不用我说，你也知道怎么办了。\r\n\r\n技术人要有自己的博客\r\n我是今年年初开始写博客的，博客里面有各种配置过程，学习的一些知识，各种坑之类的。博客是最好的笔记，如果你没有自己的博客，那么现在就开始写。\r\n\r\nPS：博客园里的主要是我的软工作业。。。我实际的博客在CSDN，但是我不会告诉你我的地址的，23333333\r\n\r\n还有其他的，留作后续补充\r\n其他的还有，时间原因，后续不断补充。', '2', '1', '1', '1', '231', '23', '2018-07-25 15:47:34', '2018-11-25 15:47:49', '2018-12-25 09:57:39');
INSERT INTO `f_forum` VALUES ('71', '【发帖人必看】牛客网发帖规范说明及要求||附加精申请通道', '有自己的判断力\r\n这和我自己踩的坑有关，我在这里不想指责谁，也不想埋怨有些事情，只能说当初选择“Leader”和“Team”的时候，确实是经验不足，不过这正好是一个很宝贵的经历，至少让我有了比其他同学更多的阅历！“悟已往之不谏，知来者之可追”，这些都过去了，重要的现在和未来。在这里，我只想说一句：选对方向、做对事、跟对人。\r\n\r\n英文能力\r\n这一点不用多说，对于准备从事IT行业的大学生来说，更进一步说，对于想要成为未来某一个领域的精英来说，熟练的英文都是必不可少的，不要仅仅把自己局限于所谓的四六级上。我更要对一些普通院校的同学强调一下这一点，因为普通院校学生高考时的英文平均水平就相对来说低一点，然后大学的学习氛围可能远不及那些重点院校的，因此好多同学到大四甚至还没过四级，如果是IT类专业的同学，我也只能表示很无语了。\r\n\r\n大部分最新的资料或者文档等，都是英文的；所有的顶级期刊的论文，也都是英文的；还有其他很多等，都是英文的。别跟我说有翻译软件，首先，翻译软件的能力还远不能精确无误地处理处理所有的语句，这在很多场景下是致命的；其次，这只不过是你不愿意去学习英文的一个借口罢了。我见过一些同学，总是爱拿自己英文底子不好作为借口，不去学习，真是可笑至极。你就是每天学习一点，四年的大学积累也足够你熟练阅读科技类文献了，我们都不是英文母语，谁也不是天生就会的，都是靠后天自己学习的，遇到困难总是爱找这样或者那样的借口，这种人很难成功，做一个熟练的底层码农就可以了，还天天幻想自己能成为顶级架构师和资深技术专家，简直是痴人说梦，呵呵。。哀其不幸。。\r\n\r\n不要受周围环境的影响，尽量寻找一个好的环境\r\n“物以类聚，人以群分”，我很赞成这句话。尤其是到了大学里面，我们会遇到各种各样的人，会加入到不同的圈子里面。我想给各位的意见是，不要被周围那些不好的环境给同化掉了 ，要时刻提醒自己，时刻记着自己的目标。那我自己经历过的一些事情来说，在我还在飞行器专业的时候，每当背着书包去看书时，有时遇到一些很“奇怪”的声音，比如：“哟，×××又去学习去啊”，再加上那种东北特有的声调，你可以想象一下那场景，不过好在没有被那些天天混吃等死之类给同化；即使是来到计算机，也很惊讶地发现，好多科班学生的代码量总和都没有我一个学期写的多，好多人连基本的代码都写不了几行。。（上述的一些情况，可能很大程度上与学校有关，这些经历可能更贴近那些普通院校的同学）。\r\n\r\n对于这种情况，我们没必要跟那些人进行理论，最有力的反击是用收入来吊打他们，反正钱赚了是自己的。。。而且，很多时候，不要自己一个人前行，还需要一些志同道合的伙伴一起，大家可以互相激励，取长补短。\r\n\r\n最后一点是最好不要和那些满身都是负能量的人经常接触，否则我们也可能变得那样。记住，前途是光明的，但是发展的道路可能是曲折的。我们要做的是坚信光明的前途，正视道路的曲折并想办法克服！！！\r\n\r\nIT人不仅要有智商，还要有情商\r\n重要的事情说三遍：情商很重要、情商很重要、情商很重要。没有人愿意天天和一个冰冷的“编码机器”打交道，即使这个“机器”很牛×。不要感觉自己能力比别人强一点，就目中无人，处处体现自己的优越感。这在IT人身上非常常见。我承认，我曾经也犯过类似的错误，不过我现在更加清醒地认识到情商地重要性了。\r\n\r\n前面提到过团队的重要性，一个好的团队是成功的基石。团队是否优秀，不仅仅取决于团队成员的平均水平；团队成员的协同能力也非常重要。而协同力需要成员之间的互相配合，这和智商无关，取决于情商。\r\n\r\n如果你和那些成功人士接触过，你会发现和他们交流是一种享受。这很大程度上，是因为他们不仅仅知识渊博、阅历丰富，更是因为他们还有非常高的情商！情商的培养，不是一蹴而就的，需要在平时中逐渐养成，如果你也想成为一个成功人士，那么现在开始就要注重情商。\r\n\r\n保持耐心，懂得分解难题和循序渐进\r\n我犯过一个非常致命的错误：总想一次性解决一个问题，没有考虑对难题进行分解，也不去想着分阶段解决问题，问题过长的时候总是缺乏耐心而放弃。我感觉，可能好多同学都有过类似的错误或者经历。我总结了一下我会犯这种错误的原因：\r\n\r\n缺乏科学合理的指导与训练。这是最主要的一个原因，我们以后需要解决的都是工程应用问题，而之前接受的都是一个个离散的点的知识，如果没有科学的训练和指导，很难把问题分解成为我们学过的知识。因此，我建议如果有机会，大家就要想办法加入一个项目组，感受下实战的氛围。\r\n\r\n内心的自负。我总想一次性解决问题，这样才能显得比较“牛×”。现在想想，真是可笑。那些大型的项目，都是一点点分解成小的可解决的项目，然后分步解决，最终组合起来的。很少有一次性能解决的问题，因此要拜托不正常的心态，积极应对。\r\n\r\n应试教育的后遗症。这也是比较有争议的一点，我感觉我在这方面受到了部分的影响，你可以有自己的看法。\r\n\r\n广泛的阅读\r\n这里的阅读，不仅仅是技术类的。当然，如果作为技术人，技术类的书籍肯定是最多的。但是，在技术类之外的，还要广泛阅读其他类型的：政治、历史、经济、人文、军事、心理和职场类等，都要有所涉猎。个人认为，对IT人来说，未来的竞争是以技术作为突破点，比拼综合实力的过程。\r\n\r\n补充一点，那些毫无营养的书籍就不要看了，这里主要是指那些给屌丝们用于YY的书籍，毫无营养价值不说，还会让你沉迷于那种纯粹是痴想的境界，具体书籍我就不举例子了，主要是那些个 ruo zhi 的小说类的。。。。有这功夫，还是想想怎么赚钱吧，23333333333。想要放松式的阅读，就多看下那些名著之类的，比那些la ji xiao shuo不知强了多少倍。。\r\n\r\n养成批判性的思维方式\r\n前边提到的那一个“有自己的判断力”是这个的子集，大学学的不仅仅是知识，更重要的是思维方式。知识我们会忘记，但是养成的批判性思维方式会是最宝贵的财富之一。这里，强烈推荐一本书《学会提问》，这部书可以作为批判性思维方式的入门书籍，多读几遍！！！！！！！等你读完这本书之后，剩下的不用我说，你也知道怎么办了。\r\n\r\n技术人要有自己的博客\r\n我是今年年初开始写博客的，博客里面有各种配置过程，学习的一些知识，各种坑之类的。博客是最好的笔记，如果你没有自己的博客，那么现在就开始写。\r\n\r\nPS：博客园里的主要是我的软工作业。。。我实际的博客在CSDN，但是我不会告诉你我的地址的，23333333\r\n\r\n还有其他的，留作后续补充\r\n其他的还有，时间原因，后续不断补充。', '1', '1', '1', '1', '123', '12', '2018-07-25 15:47:34', '2018-11-25 15:47:49', '2018-12-25 09:57:39');
INSERT INTO `f_forum` VALUES ('72', '【发帖必看】牛客网发帖规范说明及要求||附加精申请通道', ' 在HTML 4中 noshade 属性已废弃,HTML 4.01 Strict DTD 或 XHTML 1.0 Strict DTD 已不支持该属性，可以使用 CSS 替代。', '2', '2', '1', '1', '123', '21', '2018-07-25 15:47:34', '2018-11-25 15:47:49', '2018-12-25 09:57:40');
INSERT INTO `f_forum` VALUES ('73', '【发帖必看】牛客网发范说明及要求||附加精申请通道', '有自己的判断力\r\n这和我自己踩的坑有关，我在这里不想指责谁，也不想埋怨有些事情，只能说当初选择“Leader”和“Team”的时候，确实是经验不足，不过这正好是一个很宝贵的经历，至少让我有了比其他同学更多的阅历！“悟已往之不谏，知来者之可追”，这些都过去了，重要的现在和未来。在这里，我只想说一句：选对方向、做对事、跟对人。\r\n\r\n英文能力\r\n这一点不用多说，对于准备从事IT行业的大学生来说，更进一步说，对于想要成为未来某一个领域的精英来说，熟练的英文都是必不可少的，不要仅仅把自己局限于所谓的四六级上。我更要对一些普通院校的同学强调一下这一点，因为普通院校学生高考时的英文平均水平就相对来说低一点，然后大学的学习氛围可能远不及那些重点院校的，因此好多同学到大四甚至还没过四级，如果是IT类专业的同学，我也只能表示很无语了。\r\n\r\n大部分最新的资料或者文档等，都是英文的；所有的顶级期刊的论文，也都是英文的；还有其他很多等，都是英文的。别跟我说有翻译软件，首先，翻译软件的能力还远不能精确无误地处理处理所有的语句，这在很多场景下是致命的；其次，这只不过是你不愿意去学习英文的一个借口罢了。我见过一些同学，总是爱拿自己英文底子不好作为借口，不去学习，真是可笑至极。你就是每天学习一点，四年的大学积累也足够你熟练阅读科技类文献了，我们都不是英文母语，谁也不是天生就会的，都是靠后天自己学习的，遇到困难总是爱找这样或者那样的借口，这种人很难成功，做一个熟练的底层码农就可以了，还天天幻想自己能成为顶级架构师和资深技术专家，简直是痴人说梦，呵呵。。哀其不幸。。\r\n\r\n不要受周围环境的影响，尽量寻找一个好的环境\r\n“物以类聚，人以群分”，我很赞成这句话。尤其是到了大学里面，我们会遇到各种各样的人，会加入到不同的圈子里面。我想给各位的意见是，不要被周围那些不好的环境给同化掉了 ，要时刻提醒自己，时刻记着自己的目标。那我自己经历过的一些事情来说，在我还在飞行器专业的时候，每当背着书包去看书时，有时遇到一些很“奇怪”的声音，比如：“哟，×××又去学习去啊”，再加上那种东北特有的声调，你可以想象一下那场景，不过好在没有被那些天天混吃等死之类给同化；即使是来到计算机，也很惊讶地发现，好多科班学生的代码量总和都没有我一个学期写的多，好多人连基本的代码都写不了几行。。（上述的一些情况，可能很大程度上与学校有关，这些经历可能更贴近那些普通院校的同学）。\r\n\r\n对于这种情况，我们没必要跟那些人进行理论，最有力的反击是用收入来吊打他们，反正钱赚了是自己的。。。而且，很多时候，不要自己一个人前行，还需要一些志同道合的伙伴一起，大家可以互相激励，取长补短。\r\n\r\n最后一点是最好不要和那些满身都是负能量的人经常接触，否则我们也可能变得那样。记住，前途是光明的，但是发展的道路可能是曲折的。我们要做的是坚信光明的前途，正视道路的曲折并想办法克服！！！\r\n\r\nIT人不仅要有智商，还要有情商\r\n重要的事情说三遍：情商很重要、情商很重要、情商很重要。没有人愿意天天和一个冰冷的“编码机器”打交道，即使这个“机器”很牛×。不要感觉自己能力比别人强一点，就目中无人，处处体现自己的优越感。这在IT人身上非常常见。我承认，我曾经也犯过类似的错误，不过我现在更加清醒地认识到情商地重要性了。\r\n\r\n前面提到过团队的重要性，一个好的团队是成功的基石。团队是否优秀，不仅仅取决于团队成员的平均水平；团队成员的协同能力也非常重要。而协同力需要成员之间的互相配合，这和智商无关，取决于情商。\r\n\r\n如果你和那些成功人士接触过，你会发现和他们交流是一种享受。这很大程度上，是因为他们不仅仅知识渊博、阅历丰富，更是因为他们还有非常高的情商！情商的培养，不是一蹴而就的，需要在平时中逐渐养成，如果你也想成为一个成功人士，那么现在开始就要注重情商。\r\n\r\n保持耐心，懂得分解难题和循序渐进\r\n我犯过一个非常致命的错误：总想一次性解决一个问题，没有考虑对难题进行分解，也不去想着分阶段解决问题，问题过长的时候总是缺乏耐心而放弃。我感觉，可能好多同学都有过类似的错误或者经历。我总结了一下我会犯这种错误的原因：\r\n\r\n缺乏科学合理的指导与训练。这是最主要的一个原因，我们以后需要解决的都是工程应用问题，而之前接受的都是一个个离散的点的知识，如果没有科学的训练和指导，很难把问题分解成为我们学过的知识。因此，我建议如果有机会，大家就要想办法加入一个项目组，感受下实战的氛围。\r\n\r\n内心的自负。我总想一次性解决问题，这样才能显得比较“牛×”。现在想想，真是可笑。那些大型的项目，都是一点点分解成小的可解决的项目，然后分步解决，最终组合起来的。很少有一次性能解决的问题，因此要拜托不正常的心态，积极应对。\r\n\r\n应试教育的后遗症。这也是比较有争议的一点，我感觉我在这方面受到了部分的影响，你可以有自己的看法。\r\n\r\n广泛的阅读\r\n这里的阅读，不仅仅是技术类的。当然，如果作为技术人，技术类的书籍肯定是最多的。但是，在技术类之外的，还要广泛阅读其他类型的：政治、历史、经济、人文、军事、心理和职场类等，都要有所涉猎。个人认为，对IT人来说，未来的竞争是以技术作为突破点，比拼综合实力的过程。\r\n\r\n补充一点，那些毫无营养的书籍就不要看了，这里主要是指那些给屌丝们用于YY的书籍，毫无营养价值不说，还会让你沉迷于那种纯粹是痴想的境界，具体书籍我就不举例子了，主要是那些个 ruo zhi 的小说类的。。。。有这功夫，还是想想怎么赚钱吧，23333333333。想要放松式的阅读，就多看下那些名著之类的，比那些la ji xiao shuo不知强了多少倍。。\r\n\r\n养成批判性的思维方式\r\n前边提到的那一个“有自己的判断力”是这个的子集，大学学的不仅仅是知识，更重要的是思维方式。知识我们会忘记，但是养成的批判性思维方式会是最宝贵的财富之一。这里，强烈推荐一本书《学会提问》，这部书可以作为批判性思维方式的入门书籍，多读几遍！！！！！！！等你读完这本书之后，剩下的不用我说，你也知道怎么办了。\r\n\r\n技术人要有自己的博客\r\n我是今年年初开始写博客的，博客里面有各种配置过程，学习的一些知识，各种坑之类的。博客是最好的笔记，如果你没有自己的博客，那么现在就开始写。\r\n\r\nPS：博客园里的主要是我的软工作业。。。我实际的博客在CSDN，但是我不会告诉你我的地址的，23333333\r\n\r\n还有其他的，留作后续补充\r\n其他的还有，时间原因，后续不断补充。', '4', '1', '1', '1', '123', '12', '2018-07-25 15:47:34', '2018-11-25 15:47:49', '2018-12-25 09:57:40');
INSERT INTO `f_forum` VALUES ('74', '【发帖人必看】牛客网发帖规范说明及要求||附加精申请通道', '有自己的判断力\r\n这和我自己踩的坑有关，我在这里不想指责谁，也不想埋怨有些事情，只能说当初选择“Leader”和“Team”的时候，确实是经验不足，不过这正好是一个很宝贵的经历，至少让我有了比其他同学更多的阅历！“悟已往之不谏，知来者之可追”，这些都过去了，重要的现在和未来。在这里，我只想说一句：选对方向、做对事、跟对人。\r\n\r\n英文能力\r\n这一点不用多说，对于准备从事IT行业的大学生来说，更进一步说，对于想要成为未来某一个领域的精英来说，熟练的英文都是必不可少的，不要仅仅把自己局限于所谓的四六级上。我更要对一些普通院校的同学强调一下这一点，因为普通院校学生高考时的英文平均水平就相对来说低一点，然后大学的学习氛围可能远不及那些重点院校的，因此好多同学到大四甚至还没过四级，如果是IT类专业的同学，我也只能表示很无语了。\r\n\r\n大部分最新的资料或者文档等，都是英文的；所有的顶级期刊的论文，也都是英文的；还有其他很多等，都是英文的。别跟我说有翻译软件，首先，翻译软件的能力还远不能精确无误地处理处理所有的语句，这在很多场景下是致命的；其次，这只不过是你不愿意去学习英文的一个借口罢了。我见过一些同学，总是爱拿自己英文底子不好作为借口，不去学习，真是可笑至极。你就是每天学习一点，四年的大学积累也足够你熟练阅读科技类文献了，我们都不是英文母语，谁也不是天生就会的，都是靠后天自己学习的，遇到困难总是爱找这样或者那样的借口，这种人很难成功，做一个熟练的底层码农就可以了，还天天幻想自己能成为顶级架构师和资深技术专家，简直是痴人说梦，呵呵。。哀其不幸。。\r\n\r\n不要受周围环境的影响，尽量寻找一个好的环境\r\n“物以类聚，人以群分”，我很赞成这句话。尤其是到了大学里面，我们会遇到各种各样的人，会加入到不同的圈子里面。我想给各位的意见是，不要被周围那些不好的环境给同化掉了 ，要时刻提醒自己，时刻记着自己的目标。那我自己经历过的一些事情来说，在我还在飞行器专业的时候，每当背着书包去看书时，有时遇到一些很“奇怪”的声音，比如：“哟，×××又去学习去啊”，再加上那种东北特有的声调，你可以想象一下那场景，不过好在没有被那些天天混吃等死之类给同化；即使是来到计算机，也很惊讶地发现，好多科班学生的代码量总和都没有我一个学期写的多，好多人连基本的代码都写不了几行。。（上述的一些情况，可能很大程度上与学校有关，这些经历可能更贴近那些普通院校的同学）。\r\n\r\n对于这种情况，我们没必要跟那些人进行理论，最有力的反击是用收入来吊打他们，反正钱赚了是自己的。。。而且，很多时候，不要自己一个人前行，还需要一些志同道合的伙伴一起，大家可以互相激励，取长补短。\r\n\r\n最后一点是最好不要和那些满身都是负能量的人经常接触，否则我们也可能变得那样。记住，前途是光明的，但是发展的道路可能是曲折的。我们要做的是坚信光明的前途，正视道路的曲折并想办法克服！！！\r\n\r\nIT人不仅要有智商，还要有情商\r\n重要的事情说三遍：情商很重要、情商很重要、情商很重要。没有人愿意天天和一个冰冷的“编码机器”打交道，即使这个“机器”很牛×。不要感觉自己能力比别人强一点，就目中无人，处处体现自己的优越感。这在IT人身上非常常见。我承认，我曾经也犯过类似的错误，不过我现在更加清醒地认识到情商地重要性了。\r\n\r\n前面提到过团队的重要性，一个好的团队是成功的基石。团队是否优秀，不仅仅取决于团队成员的平均水平；团队成员的协同能力也非常重要。而协同力需要成员之间的互相配合，这和智商无关，取决于情商。\r\n\r\n如果你和那些成功人士接触过，你会发现和他们交流是一种享受。这很大程度上，是因为他们不仅仅知识渊博、阅历丰富，更是因为他们还有非常高的情商！情商的培养，不是一蹴而就的，需要在平时中逐渐养成，如果你也想成为一个成功人士，那么现在开始就要注重情商。\r\n\r\n保持耐心，懂得分解难题和循序渐进\r\n我犯过一个非常致命的错误：总想一次性解决一个问题，没有考虑对难题进行分解，也不去想着分阶段解决问题，问题过长的时候总是缺乏耐心而放弃。我感觉，可能好多同学都有过类似的错误或者经历。我总结了一下我会犯这种错误的原因：\r\n\r\n缺乏科学合理的指导与训练。这是最主要的一个原因，我们以后需要解决的都是工程应用问题，而之前接受的都是一个个离散的点的知识，如果没有科学的训练和指导，很难把问题分解成为我们学过的知识。因此，我建议如果有机会，大家就要想办法加入一个项目组，感受下实战的氛围。\r\n\r\n内心的自负。我总想一次性解决问题，这样才能显得比较“牛×”。现在想想，真是可笑。那些大型的项目，都是一点点分解成小的可解决的项目，然后分步解决，最终组合起来的。很少有一次性能解决的问题，因此要拜托不正常的心态，积极应对。\r\n\r\n应试教育的后遗症。这也是比较有争议的一点，我感觉我在这方面受到了部分的影响，你可以有自己的看法。\r\n\r\n广泛的阅读\r\n这里的阅读，不仅仅是技术类的。当然，如果作为技术人，技术类的书籍肯定是最多的。但是，在技术类之外的，还要广泛阅读其他类型的：政治、历史、经济、人文、军事、心理和职场类等，都要有所涉猎。个人认为，对IT人来说，未来的竞争是以技术作为突破点，比拼综合实力的过程。\r\n\r\n补充一点，那些毫无营养的书籍就不要看了，这里主要是指那些给屌丝们用于YY的书籍，毫无营养价值不说，还会让你沉迷于那种纯粹是痴想的境界，具体书籍我就不举例子了，主要是那些个 ruo zhi 的小说类的。。。。有这功夫，还是想想怎么赚钱吧，23333333333。想要放松式的阅读，就多看下那些名著之类的，比那些la ji xiao shuo不知强了多少倍。。\r\n\r\n养成批判性的思维方式\r\n前边提到的那一个“有自己的判断力”是这个的子集，大学学的不仅仅是知识，更重要的是思维方式。知识我们会忘记，但是养成的批判性思维方式会是最宝贵的财富之一。这里，强烈推荐一本书《学会提问》，这部书可以作为批判性思维方式的入门书籍，多读几遍！！！！！！！等你读完这本书之后，剩下的不用我说，你也知道怎么办了。\r\n\r\n技术人要有自己的博客\r\n我是今年年初开始写博客的，博客里面有各种配置过程，学习的一些知识，各种坑之类的。博客是最好的笔记，如果你没有自己的博客，那么现在就开始写。\r\n\r\nPS：博客园里的主要是我的软工作业。。。我实际的博客在CSDN，但是我不会告诉你我的地址的，23333333\r\n\r\n还有其他的，留作后续补充\r\n其他的还有，时间原因，后续不断补充。', '7', '1', '1', '1', '123', '12', '2018-07-25 15:47:34', '2018-11-25 15:47:49', '2018-12-25 09:57:40');
INSERT INTO `f_forum` VALUES ('75', '【发帖人必看】牛客网帖规范说明及要求||附加精申请通道', '有自己的判断力\r\n这和我自己踩的坑有关，我在这里不想指责谁，也不想埋怨有些事情，只能说当初选择“Leader”和“Team”的时候，确实是经验不足，不过这正好是一个很宝贵的经历，至少让我有了比其他同学更多的阅历！“悟已往之不谏，知来者之可追”，这些都过去了，重要的现在和未来。在这里，我只想说一句：选对方向、做对事、跟对人。\r\n\r\n英文能力\r\n这一点不用多说，对于准备从事IT行业的大学生来说，更进一步说，对于想要成为未来某一个领域的精英来说，熟练的英文都是必不可少的，不要仅仅把自己局限于所谓的四六级上。我更要对一些普通院校的同学强调一下这一点，因为普通院校学生高考时的英文平均水平就相对来说低一点，然后大学的学习氛围可能远不及那些重点院校的，因此好多同学到大四甚至还没过四级，如果是IT类专业的同学，我也只能表示很无语了。\r\n\r\n大部分最新的资料或者文档等，都是英文的；所有的顶级期刊的论文，也都是英文的；还有其他很多等，都是英文的。别跟我说有翻译软件，首先，翻译软件的能力还远不能精确无误地处理处理所有的语句，这在很多场景下是致命的；其次，这只不过是你不愿意去学习英文的一个借口罢了。我见过一些同学，总是爱拿自己英文底子不好作为借口，不去学习，真是可笑至极。你就是每天学习一点，四年的大学积累也足够你熟练阅读科技类文献了，我们都不是英文母语，谁也不是天生就会的，都是靠后天自己学习的，遇到困难总是爱找这样或者那样的借口，这种人很难成功，做一个熟练的底层码农就可以了，还天天幻想自己能成为顶级架构师和资深技术专家，简直是痴人说梦，呵呵。。哀其不幸。。\r\n\r\n不要受周围环境的影响，尽量寻找一个好的环境\r\n“物以类聚，人以群分”，我很赞成这句话。尤其是到了大学里面，我们会遇到各种各样的人，会加入到不同的圈子里面。我想给各位的意见是，不要被周围那些不好的环境给同化掉了 ，要时刻提醒自己，时刻记着自己的目标。那我自己经历过的一些事情来说，在我还在飞行器专业的时候，每当背着书包去看书时，有时遇到一些很“奇怪”的声音，比如：“哟，×××又去学习去啊”，再加上那种东北特有的声调，你可以想象一下那场景，不过好在没有被那些天天混吃等死之类给同化；即使是来到计算机，也很惊讶地发现，好多科班学生的代码量总和都没有我一个学期写的多，好多人连基本的代码都写不了几行。。（上述的一些情况，可能很大程度上与学校有关，这些经历可能更贴近那些普通院校的同学）。\r\n\r\n对于这种情况，我们没必要跟那些人进行理论，最有力的反击是用收入来吊打他们，反正钱赚了是自己的。。。而且，很多时候，不要自己一个人前行，还需要一些志同道合的伙伴一起，大家可以互相激励，取长补短。\r\n\r\n最后一点是最好不要和那些满身都是负能量的人经常接触，否则我们也可能变得那样。记住，前途是光明的，但是发展的道路可能是曲折的。我们要做的是坚信光明的前途，正视道路的曲折并想办法克服！！！\r\n\r\nIT人不仅要有智商，还要有情商\r\n重要的事情说三遍：情商很重要、情商很重要、情商很重要。没有人愿意天天和一个冰冷的“编码机器”打交道，即使这个“机器”很牛×。不要感觉自己能力比别人强一点，就目中无人，处处体现自己的优越感。这在IT人身上非常常见。我承认，我曾经也犯过类似的错误，不过我现在更加清醒地认识到情商地重要性了。\r\n\r\n前面提到过团队的重要性，一个好的团队是成功的基石。团队是否优秀，不仅仅取决于团队成员的平均水平；团队成员的协同能力也非常重要。而协同力需要成员之间的互相配合，这和智商无关，取决于情商。\r\n\r\n如果你和那些成功人士接触过，你会发现和他们交流是一种享受。这很大程度上，是因为他们不仅仅知识渊博、阅历丰富，更是因为他们还有非常高的情商！情商的培养，不是一蹴而就的，需要在平时中逐渐养成，如果你也想成为一个成功人士，那么现在开始就要注重情商。\r\n\r\n保持耐心，懂得分解难题和循序渐进\r\n我犯过一个非常致命的错误：总想一次性解决一个问题，没有考虑对难题进行分解，也不去想着分阶段解决问题，问题过长的时候总是缺乏耐心而放弃。我感觉，可能好多同学都有过类似的错误或者经历。我总结了一下我会犯这种错误的原因：\r\n\r\n缺乏科学合理的指导与训练。这是最主要的一个原因，我们以后需要解决的都是工程应用问题，而之前接受的都是一个个离散的点的知识，如果没有科学的训练和指导，很难把问题分解成为我们学过的知识。因此，我建议如果有机会，大家就要想办法加入一个项目组，感受下实战的氛围。\r\n\r\n内心的自负。我总想一次性解决问题，这样才能显得比较“牛×”。现在想想，真是可笑。那些大型的项目，都是一点点分解成小的可解决的项目，然后分步解决，最终组合起来的。很少有一次性能解决的问题，因此要拜托不正常的心态，积极应对。\r\n\r\n应试教育的后遗症。这也是比较有争议的一点，我感觉我在这方面受到了部分的影响，你可以有自己的看法。\r\n\r\n广泛的阅读\r\n这里的阅读，不仅仅是技术类的。当然，如果作为技术人，技术类的书籍肯定是最多的。但是，在技术类之外的，还要广泛阅读其他类型的：政治、历史、经济、人文、军事、心理和职场类等，都要有所涉猎。个人认为，对IT人来说，未来的竞争是以技术作为突破点，比拼综合实力的过程。\r\n\r\n补充一点，那些毫无营养的书籍就不要看了，这里主要是指那些给屌丝们用于YY的书籍，毫无营养价值不说，还会让你沉迷于那种纯粹是痴想的境界，具体书籍我就不举例子了，主要是那些个 ruo zhi 的小说类的。。。。有这功夫，还是想想怎么赚钱吧，23333333333。想要放松式的阅读，就多看下那些名著之类的，比那些la ji xiao shuo不知强了多少倍。。\r\n\r\n养成批判性的思维方式\r\n前边提到的那一个“有自己的判断力”是这个的子集，大学学的不仅仅是知识，更重要的是思维方式。知识我们会忘记，但是养成的批判性思维方式会是最宝贵的财富之一。这里，强烈推荐一本书《学会提问》，这部书可以作为批判性思维方式的入门书籍，多读几遍！！！！！！！等你读完这本书之后，剩下的不用我说，你也知道怎么办了。\r\n\r\n技术人要有自己的博客\r\n我是今年年初开始写博客的，博客里面有各种配置过程，学习的一些知识，各种坑之类的。博客是最好的笔记，如果你没有自己的博客，那么现在就开始写。\r\n\r\nPS：博客园里的主要是我的软工作业。。。我实际的博客在CSDN，但是我不会告诉你我的地址的，23333333\r\n\r\n还有其他的，留作后续补充\r\n其他的还有，时间原因，后续不断补充。', '1', '2', '1', '1', '123', '12', '2018-07-25 15:47:34', '2018-11-25 15:47:49', '2018-12-25 09:57:40');
INSERT INTO `f_forum` VALUES ('76', '【发帖人必看】牛客网发帖规范说明及要求||附加精申请通道', '有自己的判断力\r\n这和我自己踩的坑有关，我在这里不想指责谁，也不想埋怨有些事情，只能说当初选择“Leader”和“Team”的时候，确实是经验不足，不过这正好是一个很宝贵的经历，至少让我有了比其他同学更多的阅历！“悟已往之不谏，知来者之可追”，这些都过去了，重要的现在和未来。在这里，我只想说一句：选对方向、做对事、跟对人。\r\n\r\n英文能力\r\n这一点不用多说，对于准备从事IT行业的大学生来说，更进一步说，对于想要成为未来某一个领域的精英来说，熟练的英文都是必不可少的，不要仅仅把自己局限于所谓的四六级上。我更要对一些普通院校的同学强调一下这一点，因为普通院校学生高考时的英文平均水平就相对来说低一点，然后大学的学习氛围可能远不及那些重点院校的，因此好多同学到大四甚至还没过四级，如果是IT类专业的同学，我也只能表示很无语了。\r\n\r\n大部分最新的资料或者文档等，都是英文的；所有的顶级期刊的论文，也都是英文的；还有其他很多等，都是英文的。别跟我说有翻译软件，首先，翻译软件的能力还远不能精确无误地处理处理所有的语句，这在很多场景下是致命的；其次，这只不过是你不愿意去学习英文的一个借口罢了。我见过一些同学，总是爱拿自己英文底子不好作为借口，不去学习，真是可笑至极。你就是每天学习一点，四年的大学积累也足够你熟练阅读科技类文献了，我们都不是英文母语，谁也不是天生就会的，都是靠后天自己学习的，遇到困难总是爱找这样或者那样的借口，这种人很难成功，做一个熟练的底层码农就可以了，还天天幻想自己能成为顶级架构师和资深技术专家，简直是痴人说梦，呵呵。。哀其不幸。。\r\n\r\n不要受周围环境的影响，尽量寻找一个好的环境\r\n“物以类聚，人以群分”，我很赞成这句话。尤其是到了大学里面，我们会遇到各种各样的人，会加入到不同的圈子里面。我想给各位的意见是，不要被周围那些不好的环境给同化掉了 ，要时刻提醒自己，时刻记着自己的目标。那我自己经历过的一些事情来说，在我还在飞行器专业的时候，每当背着书包去看书时，有时遇到一些很“奇怪”的声音，比如：“哟，×××又去学习去啊”，再加上那种东北特有的声调，你可以想象一下那场景，不过好在没有被那些天天混吃等死之类给同化；即使是来到计算机，也很惊讶地发现，好多科班学生的代码量总和都没有我一个学期写的多，好多人连基本的代码都写不了几行。。（上述的一些情况，可能很大程度上与学校有关，这些经历可能更贴近那些普通院校的同学）。\r\n\r\n对于这种情况，我们没必要跟那些人进行理论，最有力的反击是用收入来吊打他们，反正钱赚了是自己的。。。而且，很多时候，不要自己一个人前行，还需要一些志同道合的伙伴一起，大家可以互相激励，取长补短。\r\n\r\n最后一点是最好不要和那些满身都是负能量的人经常接触，否则我们也可能变得那样。记住，前途是光明的，但是发展的道路可能是曲折的。我们要做的是坚信光明的前途，正视道路的曲折并想办法克服！！！\r\n\r\nIT人不仅要有智商，还要有情商\r\n重要的事情说三遍：情商很重要、情商很重要、情商很重要。没有人愿意天天和一个冰冷的“编码机器”打交道，即使这个“机器”很牛×。不要感觉自己能力比别人强一点，就目中无人，处处体现自己的优越感。这在IT人身上非常常见。我承认，我曾经也犯过类似的错误，不过我现在更加清醒地认识到情商地重要性了。\r\n\r\n前面提到过团队的重要性，一个好的团队是成功的基石。团队是否优秀，不仅仅取决于团队成员的平均水平；团队成员的协同能力也非常重要。而协同力需要成员之间的互相配合，这和智商无关，取决于情商。\r\n\r\n如果你和那些成功人士接触过，你会发现和他们交流是一种享受。这很大程度上，是因为他们不仅仅知识渊博、阅历丰富，更是因为他们还有非常高的情商！情商的培养，不是一蹴而就的，需要在平时中逐渐养成，如果你也想成为一个成功人士，那么现在开始就要注重情商。\r\n\r\n保持耐心，懂得分解难题和循序渐进\r\n我犯过一个非常致命的错误：总想一次性解决一个问题，没有考虑对难题进行分解，也不去想着分阶段解决问题，问题过长的时候总是缺乏耐心而放弃。我感觉，可能好多同学都有过类似的错误或者经历。我总结了一下我会犯这种错误的原因：\r\n\r\n缺乏科学合理的指导与训练。这是最主要的一个原因，我们以后需要解决的都是工程应用问题，而之前接受的都是一个个离散的点的知识，如果没有科学的训练和指导，很难把问题分解成为我们学过的知识。因此，我建议如果有机会，大家就要想办法加入一个项目组，感受下实战的氛围。\r\n\r\n内心的自负。我总想一次性解决问题，这样才能显得比较“牛×”。现在想想，真是可笑。那些大型的项目，都是一点点分解成小的可解决的项目，然后分步解决，最终组合起来的。很少有一次性能解决的问题，因此要拜托不正常的心态，积极应对。\r\n\r\n应试教育的后遗症。这也是比较有争议的一点，我感觉我在这方面受到了部分的影响，你可以有自己的看法。\r\n\r\n广泛的阅读\r\n这里的阅读，不仅仅是技术类的。当然，如果作为技术人，技术类的书籍肯定是最多的。但是，在技术类之外的，还要广泛阅读其他类型的：政治、历史、经济、人文、军事、心理和职场类等，都要有所涉猎。个人认为，对IT人来说，未来的竞争是以技术作为突破点，比拼综合实力的过程。\r\n\r\n补充一点，那些毫无营养的书籍就不要看了，这里主要是指那些给屌丝们用于YY的书籍，毫无营养价值不说，还会让你沉迷于那种纯粹是痴想的境界，具体书籍我就不举例子了，主要是那些个 ruo zhi 的小说类的。。。。有这功夫，还是想想怎么赚钱吧，23333333333。想要放松式的阅读，就多看下那些名著之类的，比那些la ji xiao shuo不知强了多少倍。。\r\n\r\n养成批判性的思维方式\r\n前边提到的那一个“有自己的判断力”是这个的子集，大学学的不仅仅是知识，更重要的是思维方式。知识我们会忘记，但是养成的批判性思维方式会是最宝贵的财富之一。这里，强烈推荐一本书《学会提问》，这部书可以作为批判性思维方式的入门书籍，多读几遍！！！！！！！等你读完这本书之后，剩下的不用我说，你也知道怎么办了。\r\n\r\n技术人要有自己的博客\r\n我是今年年初开始写博客的，博客里面有各种配置过程，学习的一些知识，各种坑之类的。博客是最好的笔记，如果你没有自己的博客，那么现在就开始写。\r\n\r\nPS：博客园里的主要是我的软工作业。。。我实际的博客在CSDN，但是我不会告诉你我的地址的，23333333\r\n\r\n还有其他的，留作后续补充\r\n其他的还有，时间原因，后续不断补充。', '2', '1', '1', '1', '123', '12', '2018-07-25 15:47:34', '2018-11-25 15:47:49', '2018-12-25 09:57:40');
INSERT INTO `f_forum` VALUES ('77', '发帖测试', 'var tableSelect = layui.tableSelect;\r\ntableSelect.render({\r\n	elem: \'#demo\',	//定义输入框input对象\r\n	checkedKey: \'id\' //表格的唯一建值，非常重要，影响到选中状态 必填\r\n	searchKey: \'keyword\',	//搜索输入框的name值 默认keyword\r\n	searchPlaceholder: \'关键词搜索\',	//搜索输入框的提示文字 默认关键词搜索\r\n	table: {	//定义表格参数，与LAYUI的TABLE模块一致，只是无需再定义表格elem\r\n		url:\'\',\r\n		cols: [[]]\r\n	},\r\n	done: function (elem, data) {\r\n	//选择完后的回调，包含2个返回值 elem:返回之前input对象；data:表格返回的选中的数据 []\r\n	//拿到data[]后 就按照业务需求做想做的事情啦~比如加个隐藏域放ID...\r\n	}\r\n})', '1', '1', '1', '1', '0', '0', '2018-12-04 00:41:12', '2018-12-04 00:41:12', '2018-12-25 09:57:40');
INSERT INTO `f_forum` VALUES ('78', '发帖测试-debuggor', 'mockinterview\r\nIT模拟面试平台（毕业设计）\r\n\r\n技术选用\r\n后台：springboot+springMVC+mybatis+mysql\r\n\r\n前端：HTML+CSS+JavaScript+Bootstrap+jQuery\r\n\r\n问题收集\r\n无法使用本地的bootstrap,使用的在线静态bootstrap\r\n无法直接在前端，提交form表单后，关闭子窗口，刷新父窗口。而是从后台传入<script>到前端进行关闭子页面', '1', '1', '1', '1', '0', '0', '2018-12-04 00:50:24', '2018-12-04 00:50:24', '2018-12-25 09:57:40');
INSERT INTO `f_forum` VALUES ('79', '测试发帖-debuggor', '对于支持主键自增的sql而言，如mysql、sql server 如下方法：\r\n\r\n<insert id=\"addBook\" parameterType=\"Book\" useGeneratedKeys=\"true\" keyProperty=\"book.bookId\">\r\n \r\n添加\r\n\r\nuseGeneratedKeys=\"true\" keyProperty=\"book.bookId\"\r\n其中keyProperty对应实体类属性，如果使用@Parm注解，要采用book.bookId的形式。\r\n\r\n命令执行后返回的仍然是影响的行数，但book对象的id已经被自动set为自增后的id值，可以由id属性的get方法得到。\r\n--------------------- \r\n作者：Mutou_ren \r\n来源：CSDN \r\n原文：https://blog.csdn.net/mutou_ren/article/details/82721113 \r\n版权声明：本文为博主原创文章，转载请附上博文链接！', '1', '1', '1', '1', '0', '0', '2018-12-04 00:51:38', '2018-12-04 00:51:38', '2018-12-25 09:57:40');
INSERT INTO `f_forum` VALUES ('80', '哈哈哈-搞笑', '表达式非V不理发牢骚了东方女孩了  水电费你不舍得放 你  u；of是非官方个里面发过来还没收到吗地方了可能还没看到了<p>阿斯顿发送到阿斯顿发送到爱对方感到阿大声道阿范德萨的爱对方说阿斯顿发大厦爱对方说爱上的反感</p>', '10', '93', '1', '2', '7', '1', '2018-12-04 22:02:22', '2018-12-25 22:33:35', '2018-12-25 22:33:35');
INSERT INTO `f_forum` VALUES ('81', '元说呢干活', '你说的今年圣诞节快乐飞舒服的博士发过誓都快发红包浦发个屁欧IP发红包奖品是搜房帮啥地方那个吧发神经哦你', '10', '93', '1', '1', '5', '0', '2018-12-04 22:04:14', '2019-01-04 23:15:18', '2019-01-04 21:20:10');
INSERT INTO `f_forum` VALUES ('82', '记一辈子的12月，秋招真实地打爆我狗头', '<p>1.背景情况<br></p><p>坐标武汉，某四非树莓狗，大二从某冷门管理专业转到数媒技术，因转专业较晚而且基础很差。大二下开始每次期末都是煎熬，每学期都要忘返跑教务处办补休的手续，转学分报废了10分左右的学分，但是依旧没后悔自己当时转专业的决定。</p><p>大三的时候，其实心里差不多有底了，知道自己找技术的工作没什么优势，然后当时正好参加了一个产品论坛的活动，之后找了一个运营的实习，运营实习完了一个月又继续找了一个产品岗的实习。</p><p>2.关于秋招</p><p>截止到12月4日，共参加了11家公司的面试，其中6个产品岗，5个运营岗，面的公司有大有小，之前也写过一些面经。最后拿到了3个offer，都是运营，两个觉得不合适直接拒了，还有一个觉得很合适决定去了。</p><p>这个offer是在11月初拿到的，当时接到了Hr的offer call，商量了薪资和寒假实习的时间，那边要我等offer的审批，之后会发正式的offer，加了那位跟我交接HR的微信。</p><p>然后我等了有两周，期间听说有人收到了这家公司的offer，然后我就给和我对接的HR联系，问我的offer有没有问题，什么时候可以发，他回我的是应该正在审批，要我再等等；然后第三周依旧没有消息，我又问了一次，他说他去催催；第四周还是没有消息，我觉得有点不正常，然后去问他说是不是有什么变故，当时Hr回我的是他再去催催并且到了个歉。</p><p>昨天他要我问负责校招的HR，然后我加了这位负责校招的HR微信，询问他这么久为什么还没发我offer，然后他给我回复的是：我其实没有通过面试，所以没有发offer，祝我早日找到心仪的工作。</p><p>一瞬间感觉被秋招打爆狗头，以前还觉得毁（口头）offer这种事对我这种渣是遥不可及的事情，虽然等了这么久已经有凉凉的预感，但是真的吊了这么久然后告诉我被刷的行为，让人觉得十分魔幻...如果面试没过为什么面完试就给offer call？等待的四周随便哪周告诉我被刷了都行，硬生生拖了四周然后祝我早日找到心仪的工作？怼那个HR的时候我更多的是无力而不是愤怒，觉得自己今年秋招真的没遇到过好事，努力了那么久等来的是个空响...</p><p>3.未来的打算</p><p>昨天收到这个消息之后我就立马找了还在补录的厂投了产品/运营的岗，但是觉得补录还是挺玄的。</p><p></p><p>这几天一直在生病，从昨天到现在一直在想之后该怎么办...和朋友聊了一下之后，想了想，从现在开始打算继续学技术，因为之前学过前端的内容和课设，而且还挺感兴趣的，所以这几个月打算补一下前端的知识，春招找前端的坑算了，希望能找到小厂的前端开发。</p><p><br></p>', '10', '93', '1', '1', '1', '0', '2018-12-04 23:15:54', '2018-12-28 23:07:03', '2018-12-28 23:07:02');
INSERT INTO `f_forum` VALUES ('83', '给你一个建议，和我在一起~', '<p>盼望着，盼望着，春天的脚步近了！<br></p><p>\r\n	牛客网大型互联网交友栏目——</p><p><a href=\"https://www.nowcoder.com/discuss/135507\" target=\"_blank\">面向对象</a></p><p>来了！\r\n</p><p>\r\n	从“单身狗”到“人生赢家”，你只差一封私信的距离~！\r\n</p><p><br></p><p>\r\n	接下来有请本期嘉宾！！\r\n</p><h2>\r\n		爆照： \r\n	</h2><div>\r\n	</div><div>\r\n		<img src=\"https://uploadfiles.nowcoder.com/images/20181204/63_1543891783647_88B4D9808361A883AE6AA74EB2384D54\" alt=\"\"><br>\r\n	</div><div>\r\n		<b><br>\r\n</b> \r\n	</div><h2>\r\n		基本信息： \r\n	</h2><p>\r\n		昵称：王跃霖 </p><p><b> \r\n	\r\n	\r\n	\r\n</b><a href=\"/profile/3759467\" target=\"_blank\">@菜鸡酱油队</a></p><p>&nbsp;</p><p><br></p><p>\r\n出生年份：1998.11.08</p><p><br></p><p>\r\n星座：天蝎座</p><p><br></p><p>\r\n身高：168</p><p><br></p><p>\r\n体重：67公斤</p><p><br></p><p>\r\n民族：汉</p><p><br></p><p>\r\n学历：本科</p><p><br></p><p>\r\n所在城市：辽宁-沈阳</p><p><br></p><p>\r\n家乡：黑龙江-黑河-嫩江</p><p><br></p><p>\r\n职业：学生</p><p><br></p><p>\r\n是否独生子女：是</p><p><br></p><p>\r\n宗教信仰：无</p><p><br></p><p>\r\n兴趣爱好：阅读，刷题，听歌，健身，跑步，篮球</p><p><br></p><p>\r\n是否接受异地恋：只接受沈阳或者嫩江的小姐姐</p><p><br></p><p><br></p><h2>\r\n		嘉宾访谈： \r\n	</h2><h3>\r\n		part.1 嘉宾介绍： \r\n	</h3><p>\r\n			本人性格活泼开朗，喜欢交友，闲暇时间刷刷题，有固定的时间健身，阅读，喜欢规律的生活，是个满腔热血的好少年。\r\n		</p><p><br></p><p>\r\n			至于闲暇的时间，都会用来读书。\r\n		</p><p>\r\n			比较喜欢慢节奏的生活。\r\n		</p><p><br></p><p>\r\n喜欢的名人：东野圭吾，太宰治</p><p><br></p><p>\r\n喜欢的作品：挪威的森林，人间失格&nbsp;</p><p><br></p><p><br></p><p><b>如果你还想知道关于我的其他什么，欢迎直接来问我 <a href=\"/profile/3759467\" target=\"_blank\">@菜鸡酱油队</a>&nbsp;~</b></p><p><br></p><h3>\r\n		Part.2 对未来另一半的期望： \r\n	</h3><p>\r\n		善良的女孩子，喜欢刷牛客网的。</p><p><br></p><p><br></p><h2>\r\n		联系方式： \r\n	</h2><p>\r\n		有意向的牛油，请直接私信 </p><p><a href=\"/profile/3759467\" target=\"_blank\">@菜鸡酱油队</a></p><p>&nbsp; 展示一下你自己吧~\r\n	</p><p><strong>p.s.在私信中爆照加分哦~~</strong></p><p><br></p><p><strong>温馨提示：</strong></p><p>\r\n	请各位牛友在联系嘉宾时，多备注一些个人信息，表达你的诚意，提高心动成功率~\r\n</p><p>\r\n	例如：你的年龄、身高体重、所在城市、性格特征、兴趣爱好等~\r\n</p><p>\r\n	尤其是可以附上几张照片，爆照加分哦~~\r\n</p><p><br></p><h2>\r\n		嘉宾招募： \r\n	</h2><p>\r\n	面向对象栏目持续招募嘉宾~\r\n</p><p>\r\n	报名&amp;了解详情：</p><p><a href=\"https://www.nowcoder.com/discuss/135507\" target=\"_blank\">https://www.nowcoder.com/discuss/135507</a></p><p><br></p><p></p><blockquote>&nbsp; &nbsp; &nbsp;面向对象 \r\n	\r\n	\r\n		面向对象是牛客网为帮助广大单身牛友脱离“单身狗”，走向“人生赢家”所开设的交友栏目，\r\n	\r\n	\r\n		每期一位嘉宾，每周二&amp;周五更新~</blockquote><p><br></p>', '10', '93', '1', '1', '0', '0', '2018-12-04 23:21:34', '2018-12-04 23:21:34', '2018-12-25 09:57:40');
INSERT INTO `f_forum` VALUES ('84', '说明文档 ', '<p><font size=\"6\">mockinterview</font></p><p><span style=\"background-color: rgb(0, 255, 255);\">IT模拟面试平台（毕业设计）</span></p><h2><font size=\"6\">技术选用</font></h2><p><font color=\"#ff0000\">后台：springboot+springMVC+mybatis+mysql</font></p><p><font color=\"#ff0000\">前端：HTML+CSS+JavaScript+Bootstrap+jQuery</font></p><h1><a href=\"https://github.com/debuggor/mockinterview#%E9%97%AE%E9%A2%98%E6%94%B6%E9%9B%86\"></a></h1><p></p><h1>问题收集<br></h1><p>无法使用本地的bootstrap,使用的在线静态bootstrap</p><p>无法直接在前端，提交form表单后，关闭子窗口，刷新父窗口。而是从后台传入&lt;script&gt;到前端进行关闭子页面</p><iframe class=\"ueditor_baidumap\" src=\"http://ueditor.baidu.com/ueditor/dialogs/map/show.html#center=106.951523,28.499756&zoom=15&amp;width=477&amp;height=258&amp;markers=106.94581,28.506803&amp;markerStyles=l,A\" frameborder=\"0\" width=\"477\" height=\"258\"></iframe><br><p><br></p>', '10', '93', '2', '2', '0', '0', '2018-12-05 20:45:22', '2018-12-25 13:10:07', '2018-12-25 13:10:06');
INSERT INTO `f_forum` VALUES ('85', '腾讯的笔试题', '<p><img src=\"http://pjas61jlq.bkt.clouddn.com/cae38f1e-aff2-4274-9eba-33615d374f25.png\" alt=\"腾讯笔试题目\" style=\"max-width:100%;\"><br></p><p><br></p>', '10', '93', '2', '1', '2', '0', '2018-12-06 21:09:02', '2019-01-04 21:20:27', '2019-01-04 21:20:26');
INSERT INTO `f_forum` VALUES ('86', '腾讯的笔试题', '<p><img src=\"http://pjas61jlq.bkt.clouddn.com/cae38f1e-aff2-4274-9eba-33615d374f25.png\" alt=\"腾讯笔试题目\" style=\"max-width:100%;\"><br></p><p><br></p>', '10', '93', '2', '1', '0', '0', '2018-12-06 21:09:14', '2018-12-06 21:09:14', '2018-12-25 09:57:40');
INSERT INTO `f_forum` VALUES ('87', '腾讯的笔试题', '<p><img src=\"http://pjas61jlq.bkt.clouddn.com/cac4e639-4336-43e3-99fe-84628241f05c.png\" alt=\"腾讯笔试题目\" style=\"max-width:100%;\"><br></p><p><br></p>', '10', '93', '1', '1', '1', '0', '2018-12-06 21:10:12', '2018-12-25 14:22:23', '2018-12-25 14:22:22');
INSERT INTO `f_forum` VALUES ('88', '我朋友考研没考好，我应该怎么安慰她？', '<p>emmmm我又来了<br>如题<br>我不知道怎么说<br>我也不知道她现在需要什么<br>感觉自己真的太不善解人意了<br>或者现在我应该给一些什么样的建议才是有价值的呢？<br></p>', '10', '93', '2', '1', '1', '0', '2018-12-24 21:49:47', '2018-12-28 22:19:59', '2018-12-28 22:19:58');
INSERT INTO `f_forum` VALUES ('89', '测试帖子', '<p>阿道夫GV会计技能爱离开家风格都好看是国防部的的该如何的说法了恐惧感路口见客户号地方了看见过的离开股份及的规范吧递归但如果开机后的若干家客厅和打开就厉害吧</p>', '10', '93', '1', '2', '0', '0', '2018-12-25 10:30:53', '2018-12-25 10:54:31', '2018-12-25 10:54:31');
INSERT INTO `f_forum` VALUES ('90', '风格的保险费不幸福', '<p>充分保持V班从V班从V班从V班从抽不出吃穿不愁V从V班从v抽不出</p>', '10', '93', '1', '1', '4', '0', '2018-12-25 16:41:32', '2019-01-04 19:25:22', '2019-01-04 19:25:22');
INSERT INTO `f_forum` VALUES ('91', '还放假都是', '<p>是对方告诉对方速度快浪费就给你说了几句速度快放假了和v三电路会计法和v你离开就是你谁知道开发过更好了空间水电费hi好地方是ISO人好多遍覅偶露合理&nbsp;莱克斯顿就很方便V领是东方红课后空间里发现后看路况，就不能看见了不能立刻就不能看见了不可理解吧老客户就看见了很快就厉害框架很快就厉害了空间和抗老化就离开后即可厉害看见了很快就厉害框架很快就厉害记录框架很快就厉害了空间和进口量辉煌科技就开会了空间还看见了黑龙江框架很快就厉害了空间和空间框架很快就厉害考虑就回老家快乐就好了客家话快乐就好离开就好了开机后立刻就好看两句话科技联合会离开就好了开机后立刻就含金量和看就好了开机后离开就好了开机后离开就好了客家话空间来衡量框架很快就厉害了空间和空间厉害开机就离开会尽快就老客户了框架很快就厉害框架</p>', '10', '93', '1', '1', '8', '0', '2018-12-25 22:34:39', '2019-01-04 21:20:06', '2019-01-04 21:20:06');

-- ----------------------------
-- Table structure for f_type
-- ----------------------------
DROP TABLE IF EXISTS `f_type`;
CREATE TABLE `f_type` (
  `tid` bigint(20) NOT NULL AUTO_INCREMENT COMMENT '帖子类别ID',
  `type_name` varchar(255) DEFAULT NULL COMMENT '类别名称',
  `order_no` int(20) DEFAULT NULL COMMENT '帖子顺序',
  PRIMARY KEY (`tid`)
) ENGINE=InnoDB AUTO_INCREMENT=11 DEFAULT CHARSET=utf8 COMMENT='帖子类别';

-- ----------------------------
-- Records of f_type
-- ----------------------------
INSERT INTO `f_type` VALUES ('1', '站内公告', '1');
INSERT INTO `f_type` VALUES ('2', '笔经面经', '2');
INSERT INTO `f_type` VALUES ('4', '技术交流', '4');
INSERT INTO `f_type` VALUES ('5', '产品运营', '5');
INSERT INTO `f_type` VALUES ('7', '职业发展', '7');
INSERT INTO `f_type` VALUES ('8', '招聘信息', '8');
INSERT INTO `f_type` VALUES ('9', '资源分享', '9');
INSERT INTO `f_type` VALUES ('10', '猿生活', '3');

-- ----------------------------
-- Table structure for j_chat
-- ----------------------------
DROP TABLE IF EXISTS `j_chat`;
CREATE TABLE `j_chat` (
  `cid` int(11) NOT NULL AUTO_INCREMENT COMMENT '聊天消息ID',
  `message` varchar(255) DEFAULT NULL COMMENT '消息内容',
  `send_uid` int(11) DEFAULT NULL COMMENT '发送人ID',
  `send_type` varchar(255) DEFAULT NULL COMMENT '发送人类别（1求职者，2、面试官）',
  `accept_uid` int(11) DEFAULT NULL COMMENT '接受者ID',
  `accept_type` varchar(255) DEFAULT NULL COMMENT '接受者类别',
  `message_status` varchar(255) DEFAULT NULL COMMENT '消息状态（暂时不用）',
  `send_time` datetime DEFAULT NULL COMMENT '发送时间',
  PRIMARY KEY (`cid`)
) ENGINE=InnoDB AUTO_INCREMENT=270 DEFAULT CHARSET=utf8 COMMENT='聊天记录表';

-- ----------------------------
-- Records of j_chat
-- ----------------------------
INSERT INTO `j_chat` VALUES ('1', '面试官你好', '93', '1', '92', '2', '1', '2019-01-01 10:15:40');
INSERT INTO `j_chat` VALUES ('2', '哈哈哈', '93', '1', '92', '2', '1', '2019-01-01 10:17:33');
INSERT INTO `j_chat` VALUES ('3', '开始面试吧', '92', '2', '93', '1', '1', '2019-01-01 10:17:46');
INSERT INTO `j_chat` VALUES ('9', '已上线！', '93', '1', '92', '2', '1', '2019-01-01 10:51:19');
INSERT INTO `j_chat` VALUES ('10', '哈哈', '93', '1', '92', '2', '1', '2019-01-01 10:51:44');
INSERT INTO `j_chat` VALUES ('11', '已下线！', '93', '1', '92', '2', '1', '2019-01-01 10:51:52');
INSERT INTO `j_chat` VALUES ('12', '已上线！', '92', '2', '93', '1', '1', '2019-01-01 10:55:47');
INSERT INTO `j_chat` VALUES ('13', '已上线！', '93', '1', '92', '2', '1', '2019-01-01 10:55:55');
INSERT INTO `j_chat` VALUES ('14', '开始面试', '92', '2', '93', '1', '1', '2019-01-01 10:56:22');
INSERT INTO `j_chat` VALUES ('15', '面试结束', '93', '1', '92', '2', '1', '2019-01-01 10:57:05');
INSERT INTO `j_chat` VALUES ('16', '已下线！', '93', '1', '92', '2', '1', '2019-01-01 10:57:09');
INSERT INTO `j_chat` VALUES ('17', '已下线！', '92', '2', '93', '1', '1', '2019-01-01 10:57:21');
INSERT INTO `j_chat` VALUES ('26', '已上线！', '93', '2', '93', '1', '1', '2019-01-01 12:50:22');
INSERT INTO `j_chat` VALUES ('27', '你好，请问子在吗', '93', '2', '93', '1', '1', '2019-01-01 12:50:41');
INSERT INTO `j_chat` VALUES ('28', '哈哈哈哈哈', '93', '2', '93', '1', '1', '2019-01-01 12:50:45');
INSERT INTO `j_chat` VALUES ('29', '哈哈哈', '93', '2', '93', '1', '1', '2019-01-01 12:50:48');
INSERT INTO `j_chat` VALUES ('30', 'Java的基本类型', '93', '2', '93', '1', '1', '2019-01-01 12:51:04');
INSERT INTO `j_chat` VALUES ('31', '你知道吗', '93', '2', '93', '1', '1', '2019-01-01 12:51:12');
INSERT INTO `j_chat` VALUES ('251', '你好', '93', '2', '93', '1', '1', '2019-01-01 18:25:09');
INSERT INTO `j_chat` VALUES ('252', '已下线！', '93', '2', '93', '1', '1', '2019-01-01 18:25:14');
INSERT INTO `j_chat` VALUES ('253', '已上线！', '93', '2', '93', '1', '1', '2019-01-01 18:25:14');
INSERT INTO `j_chat` VALUES ('254', '开始面试', '93', '2', '93', '1', '1', '2019-01-01 18:25:28');
INSERT INTO `j_chat` VALUES ('255', '已下线！', '93', '1', '93', '2', '1', '2019-01-01 18:27:01');
INSERT INTO `j_chat` VALUES ('256', '已上线！', '93', '1', '93', '2', '1', '2019-01-01 18:27:02');
INSERT INTO `j_chat` VALUES ('257', '已下线！', '93', '2', '93', '1', '1', '2019-01-01 18:27:07');
INSERT INTO `j_chat` VALUES ('258', '已上线！', '93', '2', '93', '1', '1', '2019-01-01 18:27:07');
INSERT INTO `j_chat` VALUES ('259', '1+1=？', '93', '2', '93', '1', '1', '2019-01-01 18:27:31');
INSERT INTO `j_chat` VALUES ('260', '2', '93', '1', '93', '2', '1', '2019-01-01 18:27:35');
INSERT INTO `j_chat` VALUES ('261', 'websocket的原理', '93', '2', '93', '1', '1', '2019-01-01 18:27:56');
INSERT INTO `j_chat` VALUES ('262', '第一、WebSocket是HTML5中的协议，支持持久连接；而Http协议不支持持久连接。\n第二、首先，Websocket是一个持久化的协议，相对于HTTP这种非持久的协议来说', '93', '1', '93', '2', '1', '2019-01-01 18:28:47');
INSERT INTO `j_chat` VALUES ('263', '还有其他问题吗', '93', '1', '93', '2', '1', '2019-01-01 18:30:40');
INSERT INTO `j_chat` VALUES ('264', '已上线！', '93', '2', '93', '1', '1', '2019-01-01 18:31:16');
INSERT INTO `j_chat` VALUES ('265', '已上线！', '93', '1', '93', '2', '1', '2019-01-03 13:14:26');
INSERT INTO `j_chat` VALUES ('266', '已上线！', '93', '2', '93', '1', '1', '2019-01-03 13:14:32');
INSERT INTO `j_chat` VALUES ('267', '123123', '93', '2', '93', '1', '1', '2019-01-03 13:14:59');
INSERT INTO `j_chat` VALUES ('268', '已下线！', '93', '1', '93', '2', '1', '2019-01-03 13:15:20');
INSERT INTO `j_chat` VALUES ('269', '已下线！', '93', '2', '93', '1', '1', '2019-01-03 13:15:21');

-- ----------------------------
-- Table structure for j_evaluation
-- ----------------------------
DROP TABLE IF EXISTS `j_evaluation`;
CREATE TABLE `j_evaluation` (
  `eid` bigint(20) NOT NULL AUTO_INCREMENT COMMENT '评价ID',
  `comment` text COMMENT '内容',
  `grade` int(20) DEFAULT NULL COMMENT '评星',
  `iid` bigint(20) DEFAULT NULL COMMENT '面试官ID',
  `fid` int(20) DEFAULT NULL COMMENT '评价者ID',
  `oid` int(11) DEFAULT NULL COMMENT '订单ID',
  `create_time` datetime DEFAULT NULL COMMENT '创建时间',
  PRIMARY KEY (`eid`)
) ENGINE=InnoDB AUTO_INCREMENT=33 DEFAULT CHARSET=utf8 COMMENT='求职者对面试官评价';

-- ----------------------------
-- Records of j_evaluation
-- ----------------------------
INSERT INTO `j_evaluation` VALUES ('1', '非常不错的面试官', '8', '93', '93', '22', '2019-01-03 19:15:56');
INSERT INTO `j_evaluation` VALUES ('2', '面试官人很好，非常不错面试官人很好，非常不错面试官人很好，非常不错面试官人很好，非常不错面试官人很好，非常不错面试官人很好，非常不错面试官人很好，非常不错面试官人很好，非常不错面试官人很好，非常不错面试官人很好，非常不错面试官人很好，非常不错', '10', '93', '93', '23', '2018-12-19 22:13:35');
INSERT INTO `j_evaluation` VALUES ('18', '非常不错的面试官，赞', '10', '93', '93', '24', '2018-12-19 22:44:10');
INSERT INTO `j_evaluation` VALUES ('19', '非常棒的面试官，满分', '10', '93', '93', '31', '2018-12-20 17:06:06');
INSERT INTO `j_evaluation` VALUES ('20', '满分几哈V班地方就很卡哈市的放假看的撒个', '10', '93', '93', '31', '2018-12-20 17:10:47');
INSERT INTO `j_evaluation` VALUES ('21', '面试官人非常不错，值得推荐', '10', '93', '93', '32', '2018-12-20 19:40:21');
INSERT INTO `j_evaluation` VALUES ('22', '很不错的面试官，值得推荐', '10', '93', '93', '37', '2018-12-20 22:07:58');
INSERT INTO `j_evaluation` VALUES ('23', 'drthdrth会更好的认同感和规范化的风格的更好地方', '10', '93', '93', '39', '2018-12-25 16:38:54');
INSERT INTO `j_evaluation` VALUES ('24', '非常nice的面试官', '10', '93', '93', '38', '2018-12-25 22:43:40');
INSERT INTO `j_evaluation` VALUES ('25', '专业强，让人心灵得到释放。态度好，亲和力強。\r\n\r\n', '8', '92', '1', '1', '2019-01-03 19:15:56');
INSERT INTO `j_evaluation` VALUES ('26', '非常专业', '8', '92', '1', '2', '2019-01-03 19:15:56');
INSERT INTO `j_evaluation` VALUES ('27', '经营体验丰富', '8', '92', '1', '3', '2019-01-03 19:15:56');
INSERT INTO `j_evaluation` VALUES ('28', '非常不错', '8', '92', '1', '4', '2019-01-03 19:15:56');
INSERT INTO `j_evaluation` VALUES ('29', '海的推荐', '8', '92', '1', '5', '2019-01-03 19:15:56');
INSERT INTO `j_evaluation` VALUES ('30', '问的知识点很全面', '10', '92', '1', '6', '2019-01-03 19:15:56');
INSERT INTO `j_evaluation` VALUES ('31', 'bat大牛', '10', '92', '1', '7', '2019-01-03 19:15:56');
INSERT INTO `j_evaluation` VALUES ('32', '下次还找他', '10', '92', '1', '8', '2019-01-03 19:15:56');

-- ----------------------------
-- Table structure for j_finder
-- ----------------------------
DROP TABLE IF EXISTS `j_finder`;
CREATE TABLE `j_finder` (
  `fid` bigint(20) NOT NULL AUTO_INCREMENT COMMENT '求职者ID',
  `username` varchar(255) NOT NULL COMMENT '用户名',
  `password` varchar(255) NOT NULL COMMENT '密码',
  `email` varchar(255) DEFAULT NULL COMMENT '邮箱',
  `head_url` varchar(255) DEFAULT NULL COMMENT '头像链接',
  `signature` text COMMENT '签名',
  `sex` int(2) DEFAULT NULL COMMENT '性别(1:女,0:男)',
  `create_time` datetime DEFAULT NULL COMMENT '创建时间',
  `is_activate` int(2) DEFAULT NULL COMMENT '是否激活（1：yes）',
  `activate_code` varchar(255) DEFAULT NULL COMMENT '激活码',
  `qq` varchar(255) DEFAULT NULL COMMENT 'QQ',
  `weixin` varchar(255) DEFAULT NULL COMMENT '微信',
  `phone` varchar(255) DEFAULT NULL COMMENT '电话',
  `nickname` varchar(255) DEFAULT NULL COMMENT '昵称（已经丢弃）',
  PRIMARY KEY (`fid`)
) ENGINE=InnoDB AUTO_INCREMENT=94 DEFAULT CHARSET=utf8 COMMENT='求职者';

-- ----------------------------
-- Records of j_finder
-- ----------------------------
INSERT INTO `j_finder` VALUES ('1', 'zhaih1ai', '123456', 'test@qq.com', 'https://tva1.sinaimg.cn/crop.0.0.118.118.180/5db11ff4gw1e77d3nqrv8j203b03cweg.jpg', '好好学习，天天向上', '1', '2018-11-13 20:43:27', '0', 'ASDAS#$@234', '1915135329', 'hy1915135329', '17859735390', null);
INSERT INTO `j_finder` VALUES ('2', 'zhaihai', '123456', 'test@qq.com', 'https://tva1.sinaimg.cn/crop.0.0.118.118.180/5db11ff4gw1e77d3nqrv8j203b03cweg.jpg', '好好学习，天天向上', '0', '2018-11-13 20:43:27', '1', 'ASDAS#$@234', '1915135329', 'hy1915135329', '17859735390', null);
INSERT INTO `j_finder` VALUES ('3', 'zha2ihai', '123456', 'test@qq.com', 'https://tva1.sinaimg.cn/crop.0.0.118.118.180/5db11ff4gw1e77d3nqrv8j203b03cweg.jpg', '好好学习，天天向上', '1', '2018-11-13 20:43:27', '1', 'ASDAS#$@234', '1915135329', 'hy1915135329', '17859735390', null);
INSERT INTO `j_finder` VALUES ('4', 'zhaihai', '123456', 'test@qq.com', 'https://tva1.sinaimg.cn/crop.0.0.118.118.180/5db11ff4gw1e77d3nqrv8j203b03cweg.jpg', '好好学习，天天向上', '1', '2018-11-13 20:43:27', '0', 'ASDAS#$@234', '1915135329', 'hy1915135329', '17859735390', null);
INSERT INTO `j_finder` VALUES ('5', 'zhaihai', '123456', 'test@qq.com', 'https://tva1.sinaimg.cn/crop.0.0.118.118.180/5db11ff4gw1e77d3nqrv8j203b03cweg.jpg', '好好学习，天天向上', '1', '2018-11-13 20:43:27', '1', 'ASDAS#$@234', '1915135329', 'hy1915135329', '17859735390', null);
INSERT INTO `j_finder` VALUES ('6', 'zha2ihai', '123456', 'test@qq.com', 'https://tva1.sinaimg.cn/crop.0.0.118.118.180/5db11ff4gw1e77d3nqrv8j203b03cweg.jpg', '好好学习，天天向上', '1', '2018-11-13 20:43:27', '0', 'ASDAS#$@234', '1915135329', 'hy1915135329', '17859735390', null);
INSERT INTO `j_finder` VALUES ('7', 'zhaihai', '123456', 'test@qq.com', 'https://tva1.sinaimg.cn/crop.0.0.118.118.180/5db11ff4gw1e77d3nqrv8j203b03cweg.jpg', '好好学习，天天向上', '0', '2018-11-13 20:43:27', '1', 'ASDAS#$@234', '1915135329', 'hy1915135329', '17859735390', null);
INSERT INTO `j_finder` VALUES ('8', 'zhaihai', '123456', 'test@qq.com', 'https://tva1.sinaimg.cn/crop.0.0.118.118.180/5db11ff4gw1e77d3nqrv8j203b03cweg.jpg', '好好学习，天天向上', '1', '2018-11-13 20:43:27', '1', 'ASDAS#$@234', '1915135329', 'hy1915135329', '17859735390', null);
INSERT INTO `j_finder` VALUES ('9', 'zha3ihai', '123456', 'test@qq.com', 'https://tva1.sinaimg.cn/crop.0.0.118.118.180/5db11ff4gw1e77d3nqrv8j203b03cweg.jpg', '好好学习，天天向上', '0', '2018-11-13 20:43:27', '0', 'ASDAS#$@234', '1915135329', 'hy1915135329', '17859735390', null);
INSERT INTO `j_finder` VALUES ('11', 'zhaihai', '123456', 'test@qq.com', 'https://tva1.sinaimg.cn/crop.0.0.118.118.180/5db11ff4gw1e77d3nqrv8j203b03cweg.jpg', '好好学习，天天向上', '1', '2018-11-13 20:43:27', '1', 'ASDAS#$@234', '1915135329', 'hy1915135329', '17859735390', null);
INSERT INTO `j_finder` VALUES ('12', 'zhaihai', '123456', 'test@qq.com', 'https://tva1.sinaimg.cn/crop.0.0.118.118.180/5db11ff4gw1e77d3nqrv8j203b03cweg.jpg', '好好学习，天天向上', '0', '2018-11-13 20:43:27', '1', 'ASDAS#$@234', '1915135329', 'hy1915135329', '17859735390', null);
INSERT INTO `j_finder` VALUES ('13', 'zhaihai', '123456', 'test@qq.com', 'https://tva1.sinaimg.cn/crop.0.0.118.118.180/5db11ff4gw1e77d3nqrv8j203b03cweg.jpg', '好好学习，天天向上', '1', '2018-11-13 20:43:27', '1', 'ASDAS#$@234', '1915135329', 'hy1915135329', '17859735390', null);
INSERT INTO `j_finder` VALUES ('14', 'zhaihai', '123456', 'test@qq.com', 'https://tva1.sinaimg.cn/crop.0.0.118.118.180/5db11ff4gw1e77d3nqrv8j203b03cweg.jpg', '好好学习，天天向上', '1', '2018-11-13 20:43:27', '0', 'ASDAS#$@234', '1915135329', 'hy1915135329', '17859735390', null);
INSERT INTO `j_finder` VALUES ('15', 'zhai4hai', '123456', 'test@qq.com', 'https://tva1.sinaimg.cn/crop.0.0.118.118.180/5db11ff4gw1e77d3nqrv8j203b03cweg.jpg', '好好学习，天天向上', '0', '2018-11-13 20:43:27', '1', 'ASDAS#$@234', '1915135329', 'hy1915135329', '17859735390', null);
INSERT INTO `j_finder` VALUES ('16', 'zhaihai', '123456', 'test@qq.com', 'http://pjas61jlq.bkt.clouddn.com/7127fcda-4e18-4ef2-aeaf-6eebb7c448e2.png', '好好学习，天天向上', '1', '2018-11-13 20:43:27', '1', 'ASDAS#$@234', '1915135329', 'hy1915135329', '17859735390', null);
INSERT INTO `j_finder` VALUES ('17', 'zhaihai', '123456', 'test@qq.com', 'http://pjas61jlq.bkt.clouddn.com/7127fcda-4e18-4ef2-aeaf-6eebb7c448e2.png', '好好学习，天天向上', '0', '2018-11-13 20:43:27', '1', 'ASDAS#$@234', '1915135329', 'hy1915135329', '17859735390', null);
INSERT INTO `j_finder` VALUES ('18', 'zhaihai', '123456', 'test@qq.com', 'http://pjas61jlq.bkt.clouddn.com/7127fcda-4e18-4ef2-aeaf-6eebb7c448e2.png', '好好学习，天天向上', '1', '2018-11-13 20:43:27', '1', 'ASDAS#$@234', '1915135329', 'hy1915135329', '17859735390', null);
INSERT INTO `j_finder` VALUES ('19', 'zha5ihai', '123456', 'test@qq.com', 'http://pjas61jlq.bkt.clouddn.com/7127fcda-4e18-4ef2-aeaf-6eebb7c448e2.png', '好好学习，天天向上', '0', '2018-11-13 20:43:27', '1', 'ASDAS#$@234', '1915135329', 'hy1915135329', '17859735390', null);
INSERT INTO `j_finder` VALUES ('20', 'zhaihai', '123456', 'test@qq.com', 'http://pjas61jlq.bkt.clouddn.com/7127fcda-4e18-4ef2-aeaf-6eebb7c448e2.png', '好好学习，天天向上', '1', '2018-11-13 20:43:27', '0', 'ASDAS#$@234', '1915135329', 'hy1915135329', '17859735390', null);
INSERT INTO `j_finder` VALUES ('21', 'zhaihai', '123456', 'test@qq.com', 'http://pjas61jlq.bkt.clouddn.com/7127fcda-4e18-4ef2-aeaf-6eebb7c448e2.png', '好好学习，天天向上', '1', '2018-11-13 20:43:27', '1', 'ASDAS#$@234', '1915135329', 'hy1915135329', '17859735390', null);
INSERT INTO `j_finder` VALUES ('22', 'zha31ihai', '123456', 'test@qq.com', 'http://pjas61jlq.bkt.clouddn.com/7127fcda-4e18-4ef2-aeaf-6eebb7c448e2.png', '好好学习，天天向上', '1', '2018-11-13 20:43:27', '1', 'ASDAS#$@234', '1915135329', 'hy1915135329', '17859735390', null);
INSERT INTO `j_finder` VALUES ('23', 'zhaihai', '123456', 'test@qq.com', 'http://pjas61jlq.bkt.clouddn.com/7127fcda-4e18-4ef2-aeaf-6eebb7c448e2.png', '好好学习，天天向上', '0', '2018-11-13 20:43:27', '0', 'ASDAS#$@234', '1915135329', 'hy1915135329', '17859735390', null);
INSERT INTO `j_finder` VALUES ('24', 'zhaihai', '123456', 'test@qq.com', 'http://pjas61jlq.bkt.clouddn.com/7127fcda-4e18-4ef2-aeaf-6eebb7c448e2.png', '好好学习，天天向上', '1', '2018-11-13 20:43:27', '0', 'ASDAS#$@234', '1915135329', 'hy1915135329', '17859735390', null);
INSERT INTO `j_finder` VALUES ('25', 'zhaihai', '123456', 'test@qq.com', 'http://pjas61jlq.bkt.clouddn.com/7127fcda-4e18-4ef2-aeaf-6eebb7c448e2.png', '好好学习，天天向上', '1', '2018-11-13 20:43:27', '1', 'ASDAS#$@234', '1915135329', 'hy1915135329', '17859735390', null);
INSERT INTO `j_finder` VALUES ('26', 'zhaihai', '123456', 'test@qq.com', 'http://pjas61jlq.bkt.clouddn.com/7127fcda-4e18-4ef2-aeaf-6eebb7c448e2.png', '好好学习，天天向上', '0', '2018-11-13 20:43:27', '1', 'ASDAS#$@234', '1915135329', 'hy1915135329', '17859735390', null);
INSERT INTO `j_finder` VALUES ('27', 'zhaihai', '123456', 'test@qq.com', 'http://pjas61jlq.bkt.clouddn.com/7127fcda-4e18-4ef2-aeaf-6eebb7c448e2.png', '好好学习，天天向上', '1', '2018-11-13 20:43:27', '0', 'ASDAS#$@234', '1915135329', 'hy1915135329', '17859735390', null);
INSERT INTO `j_finder` VALUES ('28', 'zhaihai', '123456', 'test@qq.com', 'http://pjas61jlq.bkt.clouddn.com/7127fcda-4e18-4ef2-aeaf-6eebb7c448e2.png', '好好学习，天天向上', '0', '2018-11-13 20:43:27', '1', 'ASDAS#$@234', '1915135329', 'hy1915135329', '17859735390', null);
INSERT INTO `j_finder` VALUES ('29', 'zhaihai', '123456', 'test@qq.com', 'http://pjas61jlq.bkt.clouddn.com/7127fcda-4e18-4ef2-aeaf-6eebb7c448e2.png', '好好学习，天天向上', '1', '2018-11-13 20:43:27', '1', 'ASDAS#$@234', '1915135329', 'hy1915135329', '17859735390', null);
INSERT INTO `j_finder` VALUES ('30', 'zhaihai', '123456', 'test@qq.com', 'http://pjas61jlq.bkt.clouddn.com/7127fcda-4e18-4ef2-aeaf-6eebb7c448e2.png', '好好学习，天天向上', '0', '2018-11-13 20:43:27', '0', 'ASDAS#$@234', '1915135329', 'hy1915135329', '17859735390', null);
INSERT INTO `j_finder` VALUES ('31', 'zhaihai', '123456', 'test@qq.com', 'http://pjas61jlq.bkt.clouddn.com/7127fcda-4e18-4ef2-aeaf-6eebb7c448e2.png', '好好学习，天天向上', '1', '2018-11-13 20:43:27', '1', 'ASDAS#$@234', '1915135329', 'hy1915135329', '17859735390', null);
INSERT INTO `j_finder` VALUES ('32', 'zhaih1ai', '123456', 'test@qq.com', 'http://pjas61jlq.bkt.clouddn.com/7127fcda-4e18-4ef2-aeaf-6eebb7c448e2.png', '好好学习，天天向上', '1', '2018-11-13 20:43:27', '0', 'ASDAS#$@234', '1915135329', 'hy1915135329', '17859735390', null);
INSERT INTO `j_finder` VALUES ('33', 'zhaihai', '123456', 'test@qq.com', 'http://pjas61jlq.bkt.clouddn.com/7127fcda-4e18-4ef2-aeaf-6eebb7c448e2.png', '好好学习，天天向上', '0', '2018-11-13 20:43:27', '1', 'ASDAS#$@234', '1915135329', 'hy1915135329', '17859735390', null);
INSERT INTO `j_finder` VALUES ('34', 'zha2ihai', '123456', 'test@qq.com', 'http://pjas61jlq.bkt.clouddn.com/7127fcda-4e18-4ef2-aeaf-6eebb7c448e2.png', '好好学习，天天向上', '1', '2018-11-13 20:43:27', '1', 'ASDAS#$@234', '1915135329', 'hy1915135329', '17859735390', null);
INSERT INTO `j_finder` VALUES ('35', 'zhaihai', '123456', 'test@qq.com', 'http://pjas61jlq.bkt.clouddn.com/7127fcda-4e18-4ef2-aeaf-6eebb7c448e2.png', '好好学习，天天向上', '1', '2018-11-13 20:43:27', '0', 'ASDAS#$@234', '1915135329', 'hy1915135329', '17859735390', null);
INSERT INTO `j_finder` VALUES ('36', 'zhaihai', '123456', 'test@qq.com', 'http://pjas61jlq.bkt.clouddn.com/7127fcda-4e18-4ef2-aeaf-6eebb7c448e2.png', '好好学习，天天向上', '1', '2018-11-13 20:43:27', '1', 'ASDAS#$@234', '1915135329', 'hy1915135329', '17859735390', null);
INSERT INTO `j_finder` VALUES ('37', 'zha2ihai', '123456', 'test@qq.com', 'http://pjas61jlq.bkt.clouddn.com/7127fcda-4e18-4ef2-aeaf-6eebb7c448e2.png', '好好学习，天天向上', '1', '2018-11-13 20:43:27', '0', 'ASDAS#$@234', '1915135329', 'hy1915135329', '17859735390', null);
INSERT INTO `j_finder` VALUES ('38', 'zhaihai', '123456', 'test@qq.com', 'http://pjas61jlq.bkt.clouddn.com/7127fcda-4e18-4ef2-aeaf-6eebb7c448e2.png', '好好学习，天天向上', '0', '2018-11-13 20:43:27', '1', 'ASDAS#$@234', '1915135329', 'hy1915135329', '17859735390', null);
INSERT INTO `j_finder` VALUES ('39', 'zhaihai', '123456', 'test@qq.com', 'http://pjas61jlq.bkt.clouddn.com/7127fcda-4e18-4ef2-aeaf-6eebb7c448e2.png', '好好学习，天天向上', '1', '2018-11-13 20:43:27', '1', 'ASDAS#$@234', '1915135329', 'hy1915135329', '17859735390', null);
INSERT INTO `j_finder` VALUES ('40', 'zha3ihai', '123456', 'test@qq.com', 'http://pjas61jlq.bkt.clouddn.com/7127fcda-4e18-4ef2-aeaf-6eebb7c448e2.png', '好好学习，天天向上', '0', '2018-11-13 20:43:27', '0', 'ASDAS#$@234', '1915135329', 'hy1915135329', '17859735390', null);
INSERT INTO `j_finder` VALUES ('41', 'zhaihai', '123456', 'test@qq.com', 'http://pjas61jlq.bkt.clouddn.com/7127fcda-4e18-4ef2-aeaf-6eebb7c448e2.png', '好好学习，天天向上', '1', '2018-11-13 20:43:27', '1', 'ASDAS#$@234', '1915135329', 'hy1915135329', '17859735390', null);
INSERT INTO `j_finder` VALUES ('42', 'zhaihai', '123456', 'test@qq.com', 'http://pjas61jlq.bkt.clouddn.com/7127fcda-4e18-4ef2-aeaf-6eebb7c448e2.png', '好好学习，天天向上', '0', '2018-11-13 20:43:27', '1', 'ASDAS#$@234', '1915135329', 'hy1915135329', '17859735390', null);
INSERT INTO `j_finder` VALUES ('43', 'zhaihai', '123456', 'test@qq.com', 'http://pjas61jlq.bkt.clouddn.com/7127fcda-4e18-4ef2-aeaf-6eebb7c448e2.png', '好好学习，天天向上', '1', '2018-11-13 20:43:27', '1', 'ASDAS#$@234', '1915135329', 'hy1915135329', '17859735390', null);
INSERT INTO `j_finder` VALUES ('44', 'zhaihai', '123456', 'test@qq.com', 'http://pjas61jlq.bkt.clouddn.com/7127fcda-4e18-4ef2-aeaf-6eebb7c448e2.png', '好好学习，天天向上', '1', '2018-11-13 20:43:27', '0', 'ASDAS#$@234', '1915135329', 'hy1915135329', '17859735390', null);
INSERT INTO `j_finder` VALUES ('45', 'zhai4hai', '123456', 'test@qq.com', 'http://pjas61jlq.bkt.clouddn.com/7127fcda-4e18-4ef2-aeaf-6eebb7c448e2.png', '好好学习，天天向上', '0', '2018-11-13 20:43:27', '1', 'ASDAS#$@234', '1915135329', 'hy1915135329', '17859735390', null);
INSERT INTO `j_finder` VALUES ('46', 'zhaihai', '123456', 'test@qq.com', 'http://pjas61jlq.bkt.clouddn.com/7127fcda-4e18-4ef2-aeaf-6eebb7c448e2.png', '好好学习，天天向上', '1', '2018-11-13 20:43:27', '1', 'ASDAS#$@234', '1915135329', 'hy1915135329', '17859735390', null);
INSERT INTO `j_finder` VALUES ('47', 'zhaihai', '123456', 'test@qq.com', 'http://pjas61jlq.bkt.clouddn.com/7127fcda-4e18-4ef2-aeaf-6eebb7c448e2.png', '好好学习，天天向上', '0', '2018-11-13 20:43:27', '1', 'ASDAS#$@234', '1915135329', 'hy1915135329', '17859735390', null);
INSERT INTO `j_finder` VALUES ('48', 'zhaihai', '123456', 'test@qq.com', 'http://pjas61jlq.bkt.clouddn.com/7127fcda-4e18-4ef2-aeaf-6eebb7c448e2.png', '好好学习，天天向上', '1', '2018-11-13 20:43:27', '1', 'ASDAS#$@234', '1915135329', 'hy1915135329', '17859735390', null);
INSERT INTO `j_finder` VALUES ('49', 'zha5ihai', '123456', 'test@qq.com', 'http://pjas61jlq.bkt.clouddn.com/7127fcda-4e18-4ef2-aeaf-6eebb7c448e2.png', '好好学习，天天向上', '0', '2018-11-13 20:43:27', '1', 'ASDAS#$@234', '1915135329', 'hy1915135329', '17859735390', null);
INSERT INTO `j_finder` VALUES ('50', 'zhaihai', '123456', 'test@qq.com', 'http://pjas61jlq.bkt.clouddn.com/7127fcda-4e18-4ef2-aeaf-6eebb7c448e2.png', '好好学习，天天向上', '1', '2018-11-13 20:43:27', '0', 'ASDAS#$@234', '1915135329', 'hy1915135329', '17859735390', null);
INSERT INTO `j_finder` VALUES ('51', 'zhaihai', '123456', 'test@qq.com', 'http://pjas61jlq.bkt.clouddn.com/7127fcda-4e18-4ef2-aeaf-6eebb7c448e2.png', '好好学习，天天向上', '1', '2018-11-13 20:43:27', '1', 'ASDAS#$@234', '1915135329', 'hy1915135329', '17859735390', null);
INSERT INTO `j_finder` VALUES ('52', 'zha31ihai', '123456', 'test@qq.com', 'http://pjas61jlq.bkt.clouddn.com/7127fcda-4e18-4ef2-aeaf-6eebb7c448e2.png', '好好学习，天天向上', '1', '2018-11-13 20:43:27', '1', 'ASDAS#$@234', '1915135329', 'hy1915135329', '17859735390', null);
INSERT INTO `j_finder` VALUES ('53', 'zhaihai', '123456', 'test@qq.com', 'http://pjas61jlq.bkt.clouddn.com/7127fcda-4e18-4ef2-aeaf-6eebb7c448e2.png', '好好学习，天天向上', '0', '2018-11-13 20:43:27', '0', 'ASDAS#$@234', '1915135329', 'hy1915135329', '17859735390', null);
INSERT INTO `j_finder` VALUES ('54', 'zhaihai', '123456', 'test@qq.com', 'http://pjas61jlq.bkt.clouddn.com/7127fcda-4e18-4ef2-aeaf-6eebb7c448e2.png', '好好学习，天天向上', '1', '2018-11-13 20:43:27', '0', 'ASDAS#$@234', '1915135329', 'hy1915135329', '17859735390', null);
INSERT INTO `j_finder` VALUES ('55', 'zhaihai', '123456', 'test@qq.com', 'http://pjas61jlq.bkt.clouddn.com/7127fcda-4e18-4ef2-aeaf-6eebb7c448e2.png', '好好学习，天天向上', '1', '2018-11-13 20:43:27', '1', 'ASDAS#$@234', '1915135329', 'hy1915135329', '17859735390', null);
INSERT INTO `j_finder` VALUES ('56', 'zhaihai', '123456', 'test@qq.com', 'http://pjas61jlq.bkt.clouddn.com/7127fcda-4e18-4ef2-aeaf-6eebb7c448e2.png', '好好学习，天天向上', '0', '2018-11-13 20:43:27', '1', 'ASDAS#$@234', '1915135329', 'hy1915135329', '17859735390', null);
INSERT INTO `j_finder` VALUES ('57', 'zhaihai', '123456', 'test@qq.com', 'http://pjas61jlq.bkt.clouddn.com/7127fcda-4e18-4ef2-aeaf-6eebb7c448e2.png', '好好学习，天天向上', '1', '2018-11-13 20:43:27', '0', 'ASDAS#$@234', '1915135329', 'hy1915135329', '17859735390', null);
INSERT INTO `j_finder` VALUES ('58', 'zhaihai', '123456', 'test@qq.com', 'http://pjas61jlq.bkt.clouddn.com/7127fcda-4e18-4ef2-aeaf-6eebb7c448e2.png', '好好学习，天天向上', '0', '2018-11-13 20:43:27', '1', 'ASDAS#$@234', '1915135329', 'hy1915135329', '17859735390', null);
INSERT INTO `j_finder` VALUES ('59', 'zhaihai', '123456', 'test@qq.com', 'http://pjas61jlq.bkt.clouddn.com/7127fcda-4e18-4ef2-aeaf-6eebb7c448e2.png', '好好学习，天天向上', '1', '2018-11-13 20:43:27', '1', 'ASDAS#$@234', '1915135329', 'hy1915135329', '17859735390', null);
INSERT INTO `j_finder` VALUES ('60', 'zhaihai', '123456', 'test@qq.com', 'http://pjas61jlq.bkt.clouddn.com/7127fcda-4e18-4ef2-aeaf-6eebb7c448e2.png', '好好学习，天天向上', '0', '2018-11-13 20:43:27', '0', 'ASDAS#$@234', '1915135329', 'hy1915135329', '17859735390', null);
INSERT INTO `j_finder` VALUES ('61', 'zhaihai', '123456', 'test@qq.com', 'http://pjas61jlq.bkt.clouddn.com/7127fcda-4e18-4ef2-aeaf-6eebb7c448e2.png', '好好学习，天天向上', '1', '2018-11-13 20:43:27', '1', 'ASDAS#$@234', '1915135329', 'hy1915135329', '17859735390', null);
INSERT INTO `j_finder` VALUES ('62', 'zhaih1ai', '123456', 'test@qq.com', 'http://pjas61jlq.bkt.clouddn.com/7127fcda-4e18-4ef2-aeaf-6eebb7c448e2.png', '好好学习，天天向上', '1', '2018-11-13 20:43:27', '0', 'ASDAS#$@234', '1915135329', 'hy1915135329', '17859735390', null);
INSERT INTO `j_finder` VALUES ('63', 'zhaihai', '123456', 'test@qq.com', 'http://pjas61jlq.bkt.clouddn.com/7127fcda-4e18-4ef2-aeaf-6eebb7c448e2.png', '好好学习，天天向上', '0', '2018-11-13 20:43:27', '1', 'ASDAS#$@234', '1915135329', 'hy1915135329', '17859735390', null);
INSERT INTO `j_finder` VALUES ('64', 'zha2ihai', '123456', 'test@qq.com', 'http://pjas61jlq.bkt.clouddn.com/7127fcda-4e18-4ef2-aeaf-6eebb7c448e2.png', '好好学习，天天向上', '1', '2018-11-13 20:43:27', '1', 'ASDAS#$@234', '1915135329', 'hy1915135329', '17859735390', null);
INSERT INTO `j_finder` VALUES ('65', 'zhaihai', '123456', 'test@qq.com', 'http://pjas61jlq.bkt.clouddn.com/7127fcda-4e18-4ef2-aeaf-6eebb7c448e2.png', '好好学习，天天向上', '1', '2018-11-13 20:43:27', '0', 'ASDAS#$@234', '1915135329', 'hy1915135329', '17859735390', null);
INSERT INTO `j_finder` VALUES ('66', 'zhaihai', '123456', 'test@qq.com', 'http://pjas61jlq.bkt.clouddn.com/7127fcda-4e18-4ef2-aeaf-6eebb7c448e2.png', '好好学习，天天向上', '1', '2018-11-13 20:43:27', '1', 'ASDAS#$@234', '1915135329', 'hy1915135329', '17859735390', null);
INSERT INTO `j_finder` VALUES ('67', 'zha2ihai', '123456', 'test@qq.com', 'http://pjas61jlq.bkt.clouddn.com/7127fcda-4e18-4ef2-aeaf-6eebb7c448e2.png', '好好学习，天天向上', '1', '2018-11-13 20:43:27', '0', 'ASDAS#$@234', '1915135329', 'hy1915135329', '17859735390', null);
INSERT INTO `j_finder` VALUES ('68', 'zhaihai', '123456', 'test@qq.com', 'http://pjas61jlq.bkt.clouddn.com/7127fcda-4e18-4ef2-aeaf-6eebb7c448e2.png', '好好学习，天天向上', '0', '2018-11-13 20:43:27', '1', 'ASDAS#$@234', '1915135329', 'hy1915135329', '17859735390', null);
INSERT INTO `j_finder` VALUES ('69', 'zhaihai', '123456', 'test@qq.com', 'http://pjas61jlq.bkt.clouddn.com/7127fcda-4e18-4ef2-aeaf-6eebb7c448e2.png', '好好学习，天天向上', '1', '2018-11-13 20:43:27', '1', 'ASDAS#$@234', '1915135329', 'hy1915135329', '17859735390', null);
INSERT INTO `j_finder` VALUES ('70', 'zha3ihai', '123456', 'test@qq.com', 'http://pjas61jlq.bkt.clouddn.com/7127fcda-4e18-4ef2-aeaf-6eebb7c448e2.png', '好好学习，天天向上', '0', '2018-11-13 20:43:27', '0', 'ASDAS#$@234', '1915135329', 'hy1915135329', '17859735390', null);
INSERT INTO `j_finder` VALUES ('71', 'zhaihai', '123456', 'test@qq.com', 'http://pjas61jlq.bkt.clouddn.com/7127fcda-4e18-4ef2-aeaf-6eebb7c448e2.png', '好好学习，天天向上', '1', '2018-11-13 20:43:27', '1', 'ASDAS#$@234', '1915135329', 'hy1915135329', '17859735390', null);
INSERT INTO `j_finder` VALUES ('72', 'zhaihai', '123456', 'test@qq.com', 'http://pjas61jlq.bkt.clouddn.com/7127fcda-4e18-4ef2-aeaf-6eebb7c448e2.png', '好好学习，天天向上', '0', '2018-11-13 20:43:27', '1', 'ASDAS#$@234', '1915135329', 'hy1915135329', '17859735390', null);
INSERT INTO `j_finder` VALUES ('73', 'zhaihai', '123456', 'test@qq.com', 'http://pjas61jlq.bkt.clouddn.com/7127fcda-4e18-4ef2-aeaf-6eebb7c448e2.png', '好好学习，天天向上', '1', '2018-11-13 20:43:27', '1', 'ASDAS#$@234', '1915135329', 'hy1915135329', '17859735390', null);
INSERT INTO `j_finder` VALUES ('74', 'zhaihai', '123456', 'test@qq.com', 'http://pjas61jlq.bkt.clouddn.com/7127fcda-4e18-4ef2-aeaf-6eebb7c448e2.png', '好好学习，天天向上', '1', '2018-11-13 20:43:27', '0', 'ASDAS#$@234', '1915135329', 'hy1915135329', '17859735390', null);
INSERT INTO `j_finder` VALUES ('75', 'zhai4hai', '123456', 'test@qq.com', 'http://pjas61jlq.bkt.clouddn.com/7127fcda-4e18-4ef2-aeaf-6eebb7c448e2.png', '好好学习，天天向上', '0', '2018-11-13 20:43:27', '1', 'ASDAS#$@234', '1915135329', 'hy1915135329', '17859735390', null);
INSERT INTO `j_finder` VALUES ('76', 'zhaihai', '123456', 'test@qq.com', 'http://pjas61jlq.bkt.clouddn.com/7127fcda-4e18-4ef2-aeaf-6eebb7c448e2.png', '好好学习，天天向上', '1', '2018-11-13 20:43:27', '1', 'ASDAS#$@234', '1915135329', 'hy1915135329', '17859735390', null);
INSERT INTO `j_finder` VALUES ('77', 'zhaihai', '123456', 'test@qq.com', 'http://pjas61jlq.bkt.clouddn.com/7127fcda-4e18-4ef2-aeaf-6eebb7c448e2.png', '好好学习，天天向上', '0', '2018-11-13 20:43:27', '1', 'ASDAS#$@234', '1915135329', 'hy1915135329', '17859735390', null);
INSERT INTO `j_finder` VALUES ('78', 'zhaihai', '123456', 'test@qq.com', 'http://pjas61jlq.bkt.clouddn.com/7127fcda-4e18-4ef2-aeaf-6eebb7c448e2.png', '好好学习，天天向上', '1', '2018-11-13 20:43:27', '1', 'ASDAS#$@234', '1915135329', 'hy1915135329', '17859735390', null);
INSERT INTO `j_finder` VALUES ('79', 'zha5ihai', '123456', 'test@qq.com', 'http://pjas61jlq.bkt.clouddn.com/7127fcda-4e18-4ef2-aeaf-6eebb7c448e2.png', '好好学习，天天向上', '0', '2018-11-13 20:43:27', '1', 'ASDAS#$@234', '1915135329', 'hy1915135329', '17859735390', null);
INSERT INTO `j_finder` VALUES ('80', 'zhaihai', '123456', 'test@qq.com', 'http://pjas61jlq.bkt.clouddn.com/7127fcda-4e18-4ef2-aeaf-6eebb7c448e2.png', '好好学习，天天向上', '1', '2018-11-13 20:43:27', '0', 'ASDAS#$@234', '1915135329', 'hy1915135329', '17859735390', null);
INSERT INTO `j_finder` VALUES ('81', 'zhaihai', '123456', 'test@qq.com', 'http://pjas61jlq.bkt.clouddn.com/7127fcda-4e18-4ef2-aeaf-6eebb7c448e2.png', '好好学习，天天向上', '1', '2018-11-13 20:43:27', '1', 'ASDAS#$@234', '1915135329', 'hy1915135329', '17859735390', null);
INSERT INTO `j_finder` VALUES ('82', 'zha31ihai', '123456', 'test@qq.com', 'http://pjas61jlq.bkt.clouddn.com/7127fcda-4e18-4ef2-aeaf-6eebb7c448e2.png', '好好学习，天天向上', '1', '2018-11-13 20:43:27', '1', 'ASDAS#$@234', '1915135329', 'hy1915135329', '17859735390', null);
INSERT INTO `j_finder` VALUES ('83', 'zhaihai', '123456', 'test@qq.com', 'http://pjas61jlq.bkt.clouddn.com/7127fcda-4e18-4ef2-aeaf-6eebb7c448e2.png', '好好学习，天天向上', '0', '2018-11-13 20:43:27', '0', 'ASDAS#$@234', '1915135329', 'hy1915135329', '17859735390', null);
INSERT INTO `j_finder` VALUES ('84', 'zhaihai', '123456', 'test@qq.com', 'http://pjas61jlq.bkt.clouddn.com/7127fcda-4e18-4ef2-aeaf-6eebb7c448e2.png', '好好学习，天天向上', '1', '2018-11-13 20:43:27', '0', 'ASDAS#$@234', '1915135329', 'hy1915135329', '17859735390', null);
INSERT INTO `j_finder` VALUES ('85', 'zhaihai', '123456', 'test@qq.com', 'http://pjas61jlq.bkt.clouddn.com/7127fcda-4e18-4ef2-aeaf-6eebb7c448e2.png', '好好学习，天天向上', '1', '2018-11-13 20:43:27', '1', 'ASDAS#$@234', '1915135329', 'hy1915135329', '17859735390', null);
INSERT INTO `j_finder` VALUES ('86', 'zhaihai', '123456', 'test@qq.com', 'http://pjas61jlq.bkt.clouddn.com/7127fcda-4e18-4ef2-aeaf-6eebb7c448e2.png', '好好学习，天天向上', '0', '2018-11-13 20:43:27', '1', 'ASDAS#$@234', '1915135329', 'hy1915135329', '17859735390', null);
INSERT INTO `j_finder` VALUES ('87', 'zhaihai', '123456', 'test@qq.com', 'http://pjas61jlq.bkt.clouddn.com/7127fcda-4e18-4ef2-aeaf-6eebb7c448e2.png', '好好学习，天天向上', '1', '2018-11-13 20:43:27', '0', 'ASDAS#$@234', '1915135329', 'hy1915135329', '17859735390', null);
INSERT INTO `j_finder` VALUES ('88', 'zhaihai', '123456', 'test@qq.com', 'http://pjas61jlq.bkt.clouddn.com/7127fcda-4e18-4ef2-aeaf-6eebb7c448e2.png', '好好学习，天天向上', '0', '2018-11-13 20:43:27', '1', 'ASDAS#$@234', '1915135329', 'hy1915135329', '17859735390', null);
INSERT INTO `j_finder` VALUES ('89', 'zhaihai', '123456', 'test@qq.com', 'http://pjas61jlq.bkt.clouddn.com/7127fcda-4e18-4ef2-aeaf-6eebb7c448e2.png', '好好学习，天天向上', '1', '2018-11-13 20:43:27', '1', 'ASDAS#$@234', '1915135329', 'hy1915135329', '17859735390', null);
INSERT INTO `j_finder` VALUES ('90', 'zhaihai', '123456', 'test@qq.com', 'http://pjas61jlq.bkt.clouddn.com/7127fcda-4e18-4ef2-aeaf-6eebb7c448e2.png', '好好学习，天天向上', '0', '2018-11-13 20:43:27', '0', 'ASDAS#$@234', '1915135329', 'hy1915135329', '17859735390', null);
INSERT INTO `j_finder` VALUES ('91', 'zhaihai', '123456', 'test@qq.com', 'http://pjas61jlq.bkt.clouddn.com/7127fcda-4e18-4ef2-aeaf-6eebb7c448e2.png', '好好学习，天天向上', '1', '2018-11-13 20:43:27', '1', 'ASDAS#$@234', '1915135329', 'hy1915135329', '17859735390', null);
INSERT INTO `j_finder` VALUES ('93', 'finder', 'e10adc3949ba59abbe56e057f20f883e', '1915135329@qq.com', 'http://pjas61jlq.bkt.clouddn.com/7127fcda-4e18-4ef2-aeaf-6eebb7c448e2.png', '不开心！', '0', '2018-12-06 20:10:03', '1', '15440982033462052bd70f4df4a04adfb767cba471f1a', '1915135329', 'hy1915135329', '17859735390', null);

-- ----------------------------
-- Table structure for j_flow
-- ----------------------------
DROP TABLE IF EXISTS `j_flow`;
CREATE TABLE `j_flow` (
  `fid` int(11) NOT NULL AUTO_INCREMENT COMMENT '流水ID',
  `flow_num` varchar(30) DEFAULT NULL COMMENT '流水号',
  `order_num` varchar(30) DEFAULT NULL COMMENT '订单号',
  `paid_amount` varchar(30) DEFAULT NULL COMMENT '支付金额',
  `finder_id` int(11) DEFAULT NULL COMMENT '求职者ID（付款人ID）',
  `interviewer_id` int(11) DEFAULT NULL COMMENT '面试官ID（准收款人ID）',
  `create_time` datetime DEFAULT NULL COMMENT '创建时间',
  PRIMARY KEY (`fid`)
) ENGINE=InnoDB AUTO_INCREMENT=15 DEFAULT CHARSET=utf8 COMMENT='流水表';

-- ----------------------------
-- Records of j_flow
-- ----------------------------
INSERT INTO `j_flow` VALUES ('1', '2018121922001404030500322101', '20181219051224a8768c', '100.00', '93', '93', '2018-12-19 17:00:48');
INSERT INTO `j_flow` VALUES ('2', '2018121922001404030500322107', '2018121905124754e7a0', '100.00', '93', '93', '2018-12-19 17:19:17');
INSERT INTO `j_flow` VALUES ('3', '2018121922001404030500322290', '201812191012244877d6', '100.00', '93', '93', '2018-12-19 22:43:14');
INSERT INTO `j_flow` VALUES ('4', '2018122022001404030500322388', '20181220101206341e94', '50.00', '93', '1', '2018-12-20 10:28:24');
INSERT INTO `j_flow` VALUES ('5', '2018122022001404030500322494', '201812200412490d69bc', '100.00', '93', '93', '2018-12-20 16:45:40');
INSERT INTO `j_flow` VALUES ('6', '2018122022001404030500322797', '20181220170426ce313c', '100.00', '93', '93', '2018-12-20 17:05:15');
INSERT INTO `j_flow` VALUES ('7', '2018122022001404030500322827', '20181220193320de24d7', '100.00', '93', '93', '2018-12-20 19:33:54');
INSERT INTO `j_flow` VALUES ('8', '2018122022001404030500322535', '20181220205950c625ef', '100.00', '93', '93', '2018-12-20 21:00:21');
INSERT INTO `j_flow` VALUES ('9', '2018122022001404030500322674', '201812202130198ab69b', '100.00', '93', '93', '2018-12-20 21:31:18');
INSERT INTO `j_flow` VALUES ('10', '2018122022001404030500322847', '20181220213953cfd5a5', '100.00', '93', '93', '2018-12-20 21:40:19');
INSERT INTO `j_flow` VALUES ('11', '2018122022001404030500322676', '2018122021502324397c', '100.00', '93', '93', '2018-12-20 21:50:55');
INSERT INTO `j_flow` VALUES ('12', '2018122422001404030500324903', '20181224171120b5a24a', '100.00', '93', '93', '2018-12-24 17:12:01');
INSERT INTO `j_flow` VALUES ('13', '2018122522001404030500325728', '2018122516361146207d', '100.00', '93', '93', '2018-12-25 16:37:18');
INSERT INTO `j_flow` VALUES ('14', '2019010122001404030500329749', '20190101111018c7603f', '100.00', '93', '93', '2019-01-01 11:11:06');

-- ----------------------------
-- Table structure for j_interviewer
-- ----------------------------
DROP TABLE IF EXISTS `j_interviewer`;
CREATE TABLE `j_interviewer` (
  `iid` bigint(20) NOT NULL AUTO_INCREMENT COMMENT '面试官ID',
  `username` varchar(255) NOT NULL COMMENT '用户名',
  `password` varchar(255) NOT NULL COMMENT '密码',
  `email` varchar(255) DEFAULT NULL COMMENT '邮箱',
  `head_url` varchar(255) DEFAULT NULL COMMENT '头像链接',
  `sex` varchar(255) DEFAULT NULL COMMENT '性别(1:女,0:男)',
  `description` text COMMENT '个人介绍',
  `create_time` datetime DEFAULT NULL COMMENT '创建时间',
  `work_year` int(11) DEFAULT NULL COMMENT '工作年限',
  `help_people_num` int(11) DEFAULT '0' COMMENT '帮助过的人数量',
  `is_activate` int(2) DEFAULT '0' COMMENT '是否激活（1：激活，0：未激活）',
  `activate_code` varchar(255) DEFAULT NULL COMMENT '激活码',
  `is_certification` int(2) DEFAULT '0' COMMENT '是否认证（1：yes,0:no）',
  `grade` float(4,1) DEFAULT NULL COMMENT '评分等级',
  `cost` varchar(255) DEFAULT '1' COMMENT '收费',
  `qq` varchar(255) DEFAULT NULL COMMENT 'QQ',
  `weixin` varchar(255) DEFAULT NULL COMMENT '微信',
  `phone` varchar(255) DEFAULT NULL COMMENT '电话',
  `blog_url` varchar(255) DEFAULT NULL COMMENT '博客地址',
  `nickname` varchar(255) DEFAULT NULL COMMENT '昵称（已弃用）',
  PRIMARY KEY (`iid`)
) ENGINE=InnoDB AUTO_INCREMENT=98 DEFAULT CHARSET=utf8 COMMENT='面试官';

-- ----------------------------
-- Records of j_interviewer
-- ----------------------------
INSERT INTO `j_interviewer` VALUES ('1', 'debuggor1', 'e10adc3949ba59abbe56e057f20f883e', '123456@qq.com', 'http://static.careerfrog.com.cn/cf-visitor/images/tutor/tutors/picEvian.b74795c3.jpg', '1', '是需要求职者花时间做出调研PPT，然后和面试官进行展示，在这一轮我做了很多准备， 找了职业蛙的导师做了一对一辅导，因为他是咨询公司出身的专业人士，所以给了我很多咨询行业的知识， 特别是针对意略明公司，他给了我很全面的背景知识、商业信息的指导，包括说以往咨询行业面试会出现的很多案例和', '2018-11-22 20:53:45', '2', '21', '1', 'ADFBDFDF@#$234', '0', '9.2', '50', '1915135329', '12466', '17859735390', 'www.debuggor.com', 'debuggor');
INSERT INTO `j_interviewer` VALUES ('2', 'debuggor2', '123456', '123@qq.com', 'http://static.careerfrog.com.cn/cf-visitor/images/tutor/tutors/picEvian.b74795c3.jpg', '0', '是需要求职者花时间做出调研PPT，然后和面试官进行展示，在这一轮我做了很多准备， 找了职业蛙的导师做了一对一辅导，因为他是咨询公司出身的专业人士，所以给了我很多咨询行业的知识， 特别是针对意略明公司，他给了我很全面的背景知识、商业信息的指导，包括说以往咨询行业面试会出现的很多案例和', '2018-11-22 20:53:45', '2', '21', '1', 'ADFBDFDF@#$234', '0', '9.1', '50', '1915135329', '12466', '17859735390', 'www.debuggor.com', 'debuggor');
INSERT INTO `j_interviewer` VALUES ('3', 'debuggor3', '123456', '123@qq.com', 'http://static.careerfrog.com.cn/cf-visitor/images/tutor/tutors/picEvian.b74795c3.jpg', '0', '是需要求职者花时间做出调研PPT，然后和面试官进行展示，在这一轮我做了很多准备， 找了职业蛙的导师做了一对一辅导，因为他是咨询公司出身的专业人士，所以给了我很多咨询行业的知识， 特别是针对意略明公司，他给了我很全面的背景知识、商业信息的指导，包括说以往咨询行业面试会出现的很多案例和', '2018-11-22 20:53:45', '2', '12', '0', 'ADFBDFDF@#$234', '1', '8.0', '50', '1915135329', '12466', '17859735390', 'www.debuggor.com', 'debuggor');
INSERT INTO `j_interviewer` VALUES ('4', 'debuggor3', '123456', '123@qq.com', 'https://static.careerfrog.com.cn/cf-visitor/images/tutor/tutors/picEason.60a0d962.jpg', '0', '是需要求职者花时间做出调研PPT，然后和面试官进行展示，在这一轮我做了很多准备， 找了职业蛙的导师做了一对一辅导，因为他是咨询公司出身的专业人士，所以给了我很多咨询行业的知识， 特别是针对意略明公司，他给了我很全面的背景知识、商业信息的指导，包括说以往咨询行业面试会出现的很多案例和', '2018-11-22 20:53:45', '2', '9', '0', 'ADFBDFDF@#$234', '1', '9.7', '50', '1915135329', '12466', '17859735390', 'www.debuggor.com', 'debuggor');
INSERT INTO `j_interviewer` VALUES ('5', 'debuggor3', '123456', '123@qq.com', 'https://static.careerfrog.com.cn/cf-visitor/images/tutor/tutors/picEason.60a0d962.jpg', '0', '是需要求职者花时间做出调研PPT，然后和面试官进行展示，在这一轮我做了很多准备， 找了职业蛙的导师做了一对一辅导，因为他是咨询公司出身的专业人士，所以给了我很多咨询行业的知识， 特别是针对意略明公司，他给了我很全面的背景知识、商业信息的指导，包括说以往咨询行业面试会出现的很多案例和', '2018-11-22 20:53:45', '2', '9', '0', 'ADFBDFDF@#$234', '0', '10.0', '50', null, null, null, null, 'debuggor');
INSERT INTO `j_interviewer` VALUES ('7', 'debuggor1', '123456', '123@qq.com', 'https://static.careerfrog.com.cn/cf-visitor/images/tutor/tutors/picEason.60a0d962.jpg', '1', '是需要求职者花时间做出调研PPT，然后和面试官进行展示，在这一轮我做了很多准备， 找了职业蛙的导师做了一对一辅导，因为他是咨询公司出身的专业人士，所以给了我很多咨询行业的知识， 特别是针对意略明公司，他给了我很全面的背景知识、商业信息的指导，包括说以往咨询行业面试会出现的很多案例和', '2018-11-22 20:53:45', '2', '9', '1', 'ADFBDFDF@#$234', '0', '9.2', '50', '1915135329', '12466', '17859735390', 'www.debuggor.com', 'debuggor');
INSERT INTO `j_interviewer` VALUES ('8', 'debuggor1', '123456', '123@qq.com', 'https://static.careerfrog.com.cn/cf-visitor/images/tutor/tutors/picEason.60a0d962.jpg', '1', '是需要求职者花时间做出调研PPT，然后和面试官进行展示，在这一轮我做了很多准备， 找了职业蛙的导师做了一对一辅导，因为他是咨询公司出身的专业人士，所以给了我很多咨询行业的知识， 特别是针对意略明公司，他给了我很全面的背景知识、商业信息的指导，包括说以往咨询行业面试会出现的很多案例和', '2018-11-22 20:53:45', '2', '9', '1', 'ADFBDFDF@#$234', '0', '10.0', '50', '1915135329', '12466', '17859735390', 'www.debuggor.com', 'debuggor');
INSERT INTO `j_interviewer` VALUES ('9', 'debuggor2', '123456', '123@qq.com', 'https://static.careerfrog.com.cn/cf-visitor/images/tutor/tutors/picEason.60a0d962.jpg', '0', '是需要求职者花时间做出调研PPT，然后和面试官进行展示，在这一轮我做了很多准备， 找了职业蛙的导师做了一对一辅导，因为他是咨询公司出身的专业人士，所以给了我很多咨询行业的知识， 特别是针对意略明公司，他给了我很全面的背景知识、商业信息的指导，包括说以往咨询行业面试会出现的很多案例和', '2018-11-22 20:53:45', '2', '9', '1', 'ADFBDFDF@#$234', '0', '7.5', '50', '1915135329', '12466', '17859735390', 'www.debuggor.com', 'debuggor');
INSERT INTO `j_interviewer` VALUES ('10', 'debuggor3', '123456', '123@qq.com', 'https://static.careerfrog.com.cn/cf-visitor/images/tutor/tutors/picEason.60a0d962.jpg', '0', '是需要求职者花时间做出调研PPT，然后和面试官进行展示，在这一轮我做了很多准备， 找了职业蛙的导师做了一对一辅导，因为他是咨询公司出身的专业人士，所以给了我很多咨询行业的知识， 特别是针对意略明公司，他给了我很全面的背景知识、商业信息的指导，包括说以往咨询行业面试会出现的很多案例和', '2018-11-22 20:53:45', '2', '9', '0', 'ADFBDFDF@#$234\r\nADFBDFDF@#$234\r\nADFBDFDF@#$234\r\nADFBDFDF@#$234\r\nADFBDFDF@#$234\r\nADFBDFDF@#$234\r\nADFBDFDF@#$234\r\nADFBDFDF@#$234', '1', '8.0', '50', '1915135329', '12466', '17859735390', 'www.debuggor.com', 'debuggor');
INSERT INTO `j_interviewer` VALUES ('11', 'debuggor3', '123456', '123@qq.com', 'https://static.careerfrog.com.cn/cf-visitor/images/tutor/tutors/picEason.60a0d962.jpg', '0', '是需要求职者花时间做出调研PPT，然后和面试官进行展示，在这一轮我做了很多准备， 找了职业蛙的导师做了一对一辅导，因为他是咨询公司出身的专业人士，所以给了我很多咨询行业的知识， 特别是针对意略明公司，他给了我很全面的背景知识、商业信息的指导，包括说以往咨询行业面试会出现的很多案例和', '2018-11-22 20:53:45', '2', '9', '0', 'ADFBDFDF@#$234', '1', '8.0', '50', '1915135329', '12466', '17859735390', 'www.debuggor.com', 'debuggor');
INSERT INTO `j_interviewer` VALUES ('12', 'debuggor3', '123456', '123@qq.com', 'http://static.careerfrog.com.cn/cf-visitor/images/tutor/tutors/picEvian.b74795c3.jpg', '0', '是需要求职者花时间做出调研PPT，然后和面试官进行展示，在这一轮我做了很多准备， 找了职业蛙的导师做了一对一辅导，因为他是咨询公司出身的专业人士，所以给了我很多咨询行业的知识， 特别是针对意略明公司，他给了我很全面的背景知识、商业信息的指导，包括说以往咨询行业面试会出现的很多案例和', '2018-11-22 20:53:45', '2', '9', '0', 'ADFBDFDF@#$234', '1', '8.0', '50', '1915135329', '12466', '17859735390', 'www.debuggor.com', 'debuggor');
INSERT INTO `j_interviewer` VALUES ('13', 'debasgor3', '123456', '12113@qq.com', 'http://static.careerfrog.com.cn/cf-visitor/images/tutor/tutors/picTallan.3cfb3870.jpg', '0', '是需要求职者花时间做出调研PPT，然后和面试官进行展示，在这一轮我做了很多准备， 找了职业蛙的导师做了一对一辅导，因为他是咨询公司出身的专业人士，所以给了我很多咨询行业的知识， 特别是针对意略明公司，他给了我很全面的背景知识、商业信息的指导，包括说以往咨询行业面试会出现的很多案例和', '2018-11-22 20:53:45', '2', '9', '1', 'ADFBDFDF@#$234', '0', '10.0', '50', '1915135329', '12466', '17859735390', 'www.debuggor.com', 'debuggor');
INSERT INTO `j_interviewer` VALUES ('14', 'debuggor3', '123456', '12223@qq.com', 'http://static.careerfrog.com.cn/cf-visitor/images/tutor/tutors/picTallan.3cfb3870.jpg', '1', '是需要求职者花时间做出调研PPT，然后和面试官进行展示，在这一轮我做了很多准备， 找了职业蛙的导师做了一对一辅导，因为他是咨询公司出身的专业人士，所以给了我很多咨询行业的知识， 特别是针对意略明公司，他给了我很全面的背景知识、商业信息的指导，包括说以往咨询行业面试会出现的很多案例和', '2018-11-22 20:53:45', '3', '9', '0', 'ADFBDFDF@#$234', '1', '8.0', '50', '1915135329', '12466', '17859735390', 'www.debuggor.com', 'debuggor');
INSERT INTO `j_interviewer` VALUES ('15', 'debusggor3', '123456', '11223@qq.com', 'http://static.careerfrog.com.cn/cf-visitor/images/tutor/tutors/picTallan.3cfb3870.jpg', '0', '是需要求职者花时间做出调研PPT，然后和面试官进行展示，在这一轮我做了很多准备， 找了职业蛙的导师做了一对一辅导，因为他是咨询公司出身的专业人士，所以给了我很多咨询行业的知识， 特别是针对意略明公司，他给了我很全面的背景知识、商业信息的指导，包括说以往咨询行业面试会出现的很多案例和', '2018-11-22 20:53:45', '2', '9', '0', 'ADFBDFDF@#$234', '1', '7.5', '50', '1915135329', '12466', '17859735390', 'www.debuggor.com', 'debuggor');
INSERT INTO `j_interviewer` VALUES ('16', 'debuggor3', '123456', '12322@qq.com', 'http://static.careerfrog.com.cn/cf-visitor/images/tutor/tutors/picTallan.3cfb3870.jpg', '1', '是需要求职者花时间做出调研PPT，然后和面试官进行展示，在这一轮我做了很多准备， 找了职业蛙的导师做了一对一辅导，因为他是咨询公司出身的专业人士，所以给了我很多咨询行业的知识， 特别是针对意略明公司，他给了我很全面的背景知识、商业信息的指导，包括说以往咨询行业面试会出现的很多案例和', '2018-11-22 20:53:45', '2', '9', '0', 'ADFBDFDF@#$234', '1', '7.5', '50', '1915135329', '12466', '17859735390', 'www.debuggor.com', 'debuggor');
INSERT INTO `j_interviewer` VALUES ('17', 'debuggor3', '123456', '1232212@qq.com', 'http://static.careerfrog.com.cn/cf-visitor/images/tutor/tutors/picTallan.3cfb3870.jpg', '0', '是需要求职者花时间做出调研PPT，然后和面试官进行展示，在这一轮我做了很多准备， 找了职业蛙的导师做了一对一辅导，因为他是咨询公司出身的专业人士，所以给了我很多咨询行业的知识， 特别是针对意略明公司，他给了我很全面的背景知识、商业信息的指导，包括说以往咨询行业面试会出现的很多案例和', '2018-11-22 20:53:45', '2', '9', '0', 'ADFBDFDF@#$234', '1', '7.5', '50', '1915135329', '12466', '17859735390', 'www.debuggor.com', 'debuggor');
INSERT INTO `j_interviewer` VALUES ('18', 'debcuggor3', '123456', '1212123@qq.com', 'https://static.careerfrog.com.cn/cf-visitor/images/tutor/tutors/picEason.60a0d962.jpg', '1', '是需要求职者花时间做出调研PPT，然后和面试官进行展示，在这一轮我做了很多准备， 找了职业蛙的导师做了一对一辅导，因为他是咨询公司出身的专业人士，所以给了我很多咨询行业的知识， 特别是针对意略明公司，他给了我很全面的背景知识、商业信息的指导，包括说以往咨询行业面试会出现的很多案例和', '2018-11-22 20:53:45', '2', '9', '0', 'ADFBDFDF@#$234', '1', '7.5', '50', '1915135329', '12466', '17859735390', 'www.debuggor.com', 'debuggor');
INSERT INTO `j_interviewer` VALUES ('19', 'debuggor3', '123456', '1231212@qq.com', 'https://static.careerfrog.com.cn/cf-visitor/images/tutor/tutors/picEason.60a0d962.jpg', '0', '是需要求职者花时间做出调研PPT，然后和面试官进行展示，在这一轮我做了很多准备， 找了职业蛙的导师做了一对一辅导，因为他是咨询公司出身的专业人士，所以给了我很多咨询行业的知识， 特别是针对意略明公司，他给了我很全面的背景知识、商业信息的指导，包括说以往咨询行业面试会出现的很多案例和', '2018-11-22 20:53:45', '3', '9', '1', 'ADFBDFDF@#$234', '0', '8.0', '50', '1915135329', '12466', '17859735390', 'www.debuggor.com', 'debuggor');
INSERT INTO `j_interviewer` VALUES ('20', 'debvuggor3', '123456', '212123@qq.com', 'https://static.careerfrog.com.cn/cf-visitor/images/tutor/tutors/picEason.60a0d962.jpg', '0', '是需要求职者花时间做出调研PPT，然后和面试官进行展示，在这一轮我做了很多准备， 找了职业蛙的导师做了一对一辅导，因为他是咨询公司出身的专业人士，所以给了我很多咨询行业的知识， 特别是针对意略明公司，他给了我很全面的背景知识、商业信息的指导，包括说以往咨询行业面试会出现的很多案例和', '2018-11-22 20:53:45', '2', '9', '0', 'ADFBDFDF@#$234', '1', '10.0', '50', '1915135329', '12466', '17859735390', 'www.debuggor.com', 'debuggor');
INSERT INTO `j_interviewer` VALUES ('21', 'debuggor3', '123456', '1231212@qq.com', 'https://static.careerfrog.com.cn/cf-visitor/images/tutor/tutors/picEason.60a0d962.jpg', '0', '是需要求职者花时间做出调研PPT，然后和面试官进行展示，在这一轮我做了很多准备， 找了职业蛙的导师做了一对一辅导，因为他是咨询公司出身的专业人士，所以给了我很多咨询行业的知识， 特别是针对意略明公司，他给了我很全面的背景知识、商业信息的指导，包括说以往咨询行业面试会出现的很多案例和', '2018-11-22 20:53:45', '2', '4', '0', 'ADFBDFDF@#$234', '0', '8.0', '50', '1915135329', '12466', '17859735390', 'www.debuggor.com', 'debuggor');
INSERT INTO `j_interviewer` VALUES ('22', 'debuggor3', '123456', '122123@qq.com', 'https://static.careerfrog.com.cn/cf-visitor/images/tutor/tutors/picEason.60a0d962.jpg', '0', '是需要求职者花时间做出调研PPT，然后和面试官进行展示，在这一轮我做了很多准备， 找了职业蛙的导师做了一对一辅导，因为他是咨询公司出身的专业人士，所以给了我很多咨询行业的知识， 特别是针对意略明公司，他给了我很全面的背景知识、商业信息的指导，包括说以往咨询行业面试会出现的很多案例和', '2018-11-22 20:53:45', '2', '4', '1', 'ADFBDFDF@#$234', '1', '8.0', '50', '1915135329', '12466', '17859735390', 'www.debuggor.com', 'debuggor');
INSERT INTO `j_interviewer` VALUES ('23', 'debudfggor3', '123456', '11212223@qq.com', 'https://static.careerfrog.com.cn/cf-visitor/images/tutor/tutors/picEason.60a0d962.jpg', '0', '是需要求职者花时间做出调研PPT，然后和面试官进行展示，在这一轮我做了很多准备， 找了职业蛙的导师做了一对一辅导，因为他是咨询公司出身的专业人士，所以给了我很多咨询行业的知识， 特别是针对意略明公司，他给了我很全面的背景知识、商业信息的指导，包括说以往咨询行业面试会出现的很多案例和', '2018-11-22 20:53:45', '2', '4', '0', 'ADFBDFDF@#$234', '1', '8.0', '50', '1915135329', '12466', '17859735390', 'www.debuggor.com', 'debuggor');
INSERT INTO `j_interviewer` VALUES ('24', 'debuggor3', '123456', '1121223@qq.com', 'https://static.careerfrog.com.cn/cf-visitor/images/tutor/tutors/picEason.60a0d962.jpg', '0', '是需要求职者花时间做出调研PPT，然后和面试官进行展示，在这一轮我做了很多准备， 找了职业蛙的导师做了一对一辅导，因为他是咨询公司出身的专业人士，所以给了我很多咨询行业的知识， 特别是针对意略明公司，他给了我很全面的背景知识、商业信息的指导，包括说以往咨询行业面试会出现的很多案例和', '2018-11-22 20:53:45', '2', '4', '0', 'ADFBDFDF@#$234', '1', '8.0', '50', '1915135329', '12466', '17859735390', 'www.debuggor.com', 'debuggor');
INSERT INTO `j_interviewer` VALUES ('25', 'debuggor3', '123456', '1121223@qq.com', 'https://static.careerfrog.com.cn/cf-visitor/images/tutor/tutors/picEason.60a0d962.jpg', '1', '是需要求职者花时间做出调研PPT，然后和面试官进行展示，在这一轮我做了很多准备， 找了职业蛙的导师做了一对一辅导，因为他是咨询公司出身的专业人士，所以给了我很多咨询行业的知识， 特别是针对意略明公司，他给了我很全面的背景知识、商业信息的指导，包括说以往咨询行业面试会出现的很多案例和', '2018-11-22 20:53:45', '2', '4', '0', 'ADFBDFDF@#$234', '1', '8.0', '50', '1915135329', '12466', '17859735390', 'www.debuggor.com', 'debuggor');
INSERT INTO `j_interviewer` VALUES ('26', 'debdfuggor3', '123456', '1121223@qq.com', 'http://static.careerfrog.com.cn/cf-visitor/images/tutor/tutors/picEvian.b74795c3.jpg', '0', '是需要求职者花时间做出调研PPT，然后和面试官进行展示，在这一轮我做了很多准备， 找了职业蛙的导师做了一对一辅导，因为他是咨询公司出身的专业人士，所以给了我很多咨询行业的知识， 特别是针对意略明公司，他给了我很全面的背景知识、商业信息的指导，包括说以往咨询行业面试会出现的很多案例和', '2018-11-22 20:53:45', '2', '4', '1', 'ADFBDFDF@#$234', '1', '8.0', '50', '1915135329', '12466', '17859735390', 'www.debuggor.com', 'debuggor');
INSERT INTO `j_interviewer` VALUES ('27', 'deb4uggor3', '123456', '1121223@qq.com', 'http://static.careerfrog.com.cn/cf-visitor/images/tutor/tutors/picEvian.b74795c3.jpg', '1', '是需要求职者花时间做出调研PPT，然后和面试官进行展示，在这一轮我做了很多准备， 找了职业蛙的导师做了一对一辅导，因为他是咨询公司出身的专业人士，所以给了我很多咨询行业的知识， 特别是针对意略明公司，他给了我很全面的背景知识、商业信息的指导，包括说以往咨询行业面试会出现的很多案例和', '2018-11-22 20:53:45', '2', '4', '0', 'ADFBDFDF@#$234', '1', '10.0', '50', '1915135329', '12466', '17859735390', 'www.debuggor.com', 'debuggor');
INSERT INTO `j_interviewer` VALUES ('28', 'debdfuggor3', '123456', '12121223@qq.com', 'http://static.careerfrog.com.cn/cf-visitor/images/tutor/tutors/picEvian.b74795c3.jpg', '1', '是需要求职者花时间做出调研PPT，然后和面试官进行展示，在这一轮我做了很多准备， 找了职业蛙的导师做了一对一辅导，因为他是咨询公司出身的专业人士，所以给了我很多咨询行业的知识， 特别是针对意略明公司，他给了我很全面的背景知识、商业信息的指导，包括说以往咨询行业面试会出现的很多案例和', '2018-11-22 20:53:45', '2', '4', '0', 'ADFBDFDF@#$234', '0', '8.0', '50', '1915135329', '12466', '17859735390', 'www.debuggor.com', 'debuggor');
INSERT INTO `j_interviewer` VALUES ('29', 'deb3uggor3', '123456', '11212223@qq.com', 'http://static.careerfrog.com.cn/cf-visitor/images/tutor/tutors/picTallan.3cfb3870.jpg', '0', '是需要求职者花时间做出调研PPT，然后和面试官进行展示，在这一轮我做了很多准备， 找了职业蛙的导师做了一对一辅导，因为他是咨询公司出身的专业人士，所以给了我很多咨询行业的知识， 特别是针对意略明公司，他给了我很全面的背景知识、商业信息的指导，包括说以往咨询行业面试会出现的很多案例和', '2018-11-22 20:53:45', '2', '4', '0', 'ADFBDFDF@#$234', '1', '10.0', '50', '1915135329', '12466', '17859735390', 'www.debuggor.com', 'debuggor');
INSERT INTO `j_interviewer` VALUES ('30', 'debuggor3', '123456', '12121223@qq.com', 'http://static.careerfrog.com.cn/cf-visitor/images/tutor/tutors/picTallan.3cfb3870.jpg', '1', '是需要求职者花时间做出调研PPT，然后和面试官进行展示，在这一轮我做了很多准备， 找了职业蛙的导师做了一对一辅导，因为他是咨询公司出身的专业人士，所以给了我很多咨询行业的知识， 特别是针对意略明公司，他给了我很全面的背景知识、商业信息的指导，包括说以往咨询行业面试会出现的很多案例和', '2018-11-22 20:53:45', '2', '4', '0', 'ADFBDFDF@#$234', '1', '10.0', '60', '1915135329', '12466', '17859735390', 'www.debuggor.com', 'debuggor');
INSERT INTO `j_interviewer` VALUES ('31', 'deb3uggor3', '123456', '11212223@qq.com', 'http://static.careerfrog.com.cn/cf-visitor/images/tutor/tutors/picTallan.3cfb3870.jpg', '0', '是需要求职者花时间做出调研PPT，然后和面试官进行展示，在这一轮我做了很多准备， 找了职业蛙的导师做了一对一辅导，因为他是咨询公司出身的专业人士，所以给了我很多咨询行业的知识， 特别是针对意略明公司，他给了我很全面的背景知识、商业信息的指导，包括说以往咨询行业面试会出现的很多案例和', '2018-11-22 20:53:45', '2', '4', '0', 'ADFBDFDF@#$234', '1', '10.0', '60', '1915135329', '12466', '17859735390', 'www.debuggor.com', 'debuggor');
INSERT INTO `j_interviewer` VALUES ('32', 'debd2fuggor3', '123456', '11212223@qq.com', 'http://static.careerfrog.com.cn/cf-visitor/images/tutor/tutors/picTallan.3cfb3870.jpg', '0', '是需要求职者花时间做出调研PPT，然后和面试官进行展示，在这一轮我做了很多准备， 找了职业蛙的导师做了一对一辅导，因为他是咨询公司出身的专业人士，所以给了我很多咨询行业的知识， 特别是针对意略明公司，他给了我很全面的背景知识、商业信息的指导，包括说以往咨询行业面试会出现的很多案例和', '2018-11-22 20:53:45', '2', '4', '1', 'ADFBDFDF@#$234', '1', '10.0', '60', '1915135329', '12466', '17859735390', 'www.debuggor.com', 'debuggor');
INSERT INTO `j_interviewer` VALUES ('33', 'debu1ggor3', '123456', '12122123@qq.com', 'http://static.careerfrog.com.cn/cf-visitor/images/tutor/tutors/picTallan.3cfb3870.jpg', '1', '是需要求职者花时间做出调研PPT，然后和面试官进行展示，在这一轮我做了很多准备， 找了职业蛙的导师做了一对一辅导，因为他是咨询公司出身的专业人士，所以给了我很多咨询行业的知识， 特别是针对意略明公司，他给了我很全面的背景知识、商业信息的指导，包括说以往咨询行业面试会出现的很多案例和', '2018-11-22 20:53:45', '2', '4', '0', 'ADFBDFDF@#$234', '0', '10.0', '60', '1915135329', '12466', '17859735390', 'www.debuggor.com', 'debuggor');
INSERT INTO `j_interviewer` VALUES ('34', 'debusdggor3', '123456', '1121223@qq.com', 'http://static.careerfrog.com.cn/cf-visitor/images/tutor/tutors/picTallan.3cfb3870.jpg', '0', '是需要求职者花时间做出调研PPT，然后和面试官进行展示，在这一轮我做了很多准备， 找了职业蛙的导师做了一对一辅导，因为他是咨询公司出身的专业人士，所以给了我很多咨询行业的知识， 特别是针对意略明公司，他给了我很全面的背景知识、商业信息的指导，包括说以往咨询行业面试会出现的很多案例和', '2018-11-22 20:53:45', '2', '4', '0', 'ADFBDFDF@#$234', '1', '10.0', '60', '1915135329', '12466', '17859735390', 'www.debuggor.com', 'debuggor');
INSERT INTO `j_interviewer` VALUES ('35', 'debusdggor3', '123456', '1212123@qq.com', 'http://static.careerfrog.com.cn/cf-visitor/images/tutor/tutors/picTallan.3cfb3870.jpg', '1', '是需要求职者花时间做出调研PPT，然后和面试官进行展示，在这一轮我做了很多准备， 找了职业蛙的导师做了一对一辅导，因为他是咨询公司出身的专业人士，所以给了我很多咨询行业的知识， 特别是针对意略明公司，他给了我很全面的背景知识、商业信息的指导，包括说以往咨询行业面试会出现的很多案例和', '2018-11-22 20:53:45', '2', '4', '1', 'ADFBDFDF@#$234', '1', '8.0', '60', '1915135329', '12466', '17859735390', 'www.debuggor.com', 'debuggor');
INSERT INTO `j_interviewer` VALUES ('36', 'debuggor3', '123456', '1121223@qq.com', 'http://static.careerfrog.com.cn/cf-visitor/images/tutor/tutors/picEvian.b74795c3.jpg', '1', '是需要求职者花时间做出调研PPT，然后和面试官进行展示，在这一轮我做了很多准备， 找了职业蛙的导师做了一对一辅导，因为他是咨询公司出身的专业人士，所以给了我很多咨询行业的知识， 特别是针对意略明公司，他给了我很全面的背景知识、商业信息的指导，包括说以往咨询行业面试会出现的很多案例和', '2018-11-22 20:53:45', '2', '4', '0', 'ADFBDFDF@#$234', '0', '8.0', '60', '1915135329', '12466', '17859735390', 'www.debuggor.com', 'debuggor');
INSERT INTO `j_interviewer` VALUES ('37', 'debsduggor3', '123456', '1211121223@qq.com', 'http://static.careerfrog.com.cn/cf-visitor/images/tutor/tutors/picEvian.b74795c3.jpg', '0', '是需要求职者花时间做出调研PPT，然后和面试官进行展示，在这一轮我做了很多准备， 找了职业蛙的导师做了一对一辅导，因为他是咨询公司出身的专业人士，所以给了我很多咨询行业的知识， 特别是针对意略明公司，他给了我很全面的背景知识、商业信息的指导，包括说以往咨询行业面试会出现的很多案例和', '2018-11-22 20:53:45', '2', '4', '1', 'ADFBDFDF@#$234', '1', '7.5', '60', '1915135329', '12466', '17859735390', 'www.debuggor.com', 'debuggor');
INSERT INTO `j_interviewer` VALUES ('38', 'debuggor3', '123456', '1121223@qq.com', 'https://static.careerfrog.com.cn/cf-visitor/images/tutor/tutors/picEason.60a0d962.jpg', '1', '是需要求职者花时间做出调研PPT，然后和面试官进行展示，在这一轮我做了很多准备， 找了职业蛙的导师做了一对一辅导，因为他是咨询公司出身的专业人士，所以给了我很多咨询行业的知识， 特别是针对意略明公司，他给了我很全面的背景知识、商业信息的指导，包括说以往咨询行业面试会出现的很多案例和', '2018-11-22 20:53:45', '2', '4', '0', 'ADFBDFDF@#$234', '1', '7.5', '60', '1915135329', '12466', '17859735390', 'www.debuggor.com', 'debuggor');
INSERT INTO `j_interviewer` VALUES ('39', 'desdbsduggor3', '123456', '1121223@qq.com', 'https://static.careerfrog.com.cn/cf-visitor/images/tutor/tutors/picEason.60a0d962.jpg', '0', '是需要求职者花时间做出调研PPT，然后和面试官进行展示，在这一轮我做了很多准备， 找了职业蛙的导师做了一对一辅导，因为他是咨询公司出身的专业人士，所以给了我很多咨询行业的知识， 特别是针对意略明公司，他给了我很全面的背景知识、商业信息的指导，包括说以往咨询行业面试会出现的很多案例和', '2018-11-22 20:53:45', '2', '4', '0', 'ADFBDFDF@#$234', '1', '7.5', '60', '1915135329', '12466', '17859735390', 'www.debuggor.com', 'debuggor');
INSERT INTO `j_interviewer` VALUES ('40', 'debuggor3', '123456', '123@qq.com', 'https://static.careerfrog.com.cn/cf-visitor/images/tutor/tutors/picEason.60a0d962.jpg', '0', '是需要求职者花时间做出调研PPT，然后和面试官进行展示，在这一轮我做了很多准备， 找了职业蛙的导师做了一对一辅导，因为他是咨询公司出身的专业人士，所以给了我很多咨询行业的知识， 特别是针对意略明公司，他给了我很全面的背景知识、商业信息的指导，包括说以往咨询行业面试会出现的很多案例和', '2018-11-22 20:53:45', '2', '4', '0', 'ADFBDFDF@#$234', '0', '7.5', '60', '1915135329', '12466', '17859735390', 'www.debuggor.com', 'debuggor');
INSERT INTO `j_interviewer` VALUES ('41', 'debuggor3', '123456', '1121223@qq.com', 'https://static.careerfrog.com.cn/cf-visitor/images/tutor/tutors/picEason.60a0d962.jpg', '1', '是需要求职者花时间做出调研PPT，然后和面试官进行展示，在这一轮我做了很多准备， 找了职业蛙的导师做了一对一辅导，因为他是咨询公司出身的专业人士，所以给了我很多咨询行业的知识， 特别是针对意略明公司，他给了我很全面的背景知识、商业信息的指导，包括说以往咨询行业面试会出现的很多案例和', '2018-11-22 20:53:45', '2', '4', '1', 'ADFBDFDF@#$234', '1', '7.5', '60', '1915135329', '12466', '17859735390', 'www.debuggor.com', 'debuggor');
INSERT INTO `j_interviewer` VALUES ('42', 'desdbuggor3', '123456', '1121223@qq.com', 'https://static.careerfrog.com.cn/cf-visitor/images/tutor/tutors/picEason.60a0d962.jpg', '0', '是需要求职者花时间做出调研PPT，然后和面试官进行展示，在这一轮我做了很多准备， 找了职业蛙的导师做了一对一辅导，因为他是咨询公司出身的专业人士，所以给了我很多咨询行业的知识， 特别是针对意略明公司，他给了我很全面的背景知识、商业信息的指导，包括说以往咨询行业面试会出现的很多案例和', '2018-11-22 20:53:45', '2', '4', '0', 'ADFBDFDF@#$234', '1', '9.0', '60', '1915135329', '12466', '17859735390', 'www.debuggor.com', 'debuggor');
INSERT INTO `j_interviewer` VALUES ('43', 'debuggor3', '123456', '12123@qq.com', 'https://static.careerfrog.com.cn/cf-visitor/images/tutor/tutors/picEason.60a0d962.jpg', '0', '是需要求职者花时间做出调研PPT，然后和面试官进行展示，在这一轮我做了很多准备， 找了职业蛙的导师做了一对一辅导，因为他是咨询公司出身的专业人士，所以给了我很多咨询行业的知识， 特别是针对意略明公司，他给了我很全面的背景知识、商业信息的指导，包括说以往咨询行业面试会出现的很多案例和', '2018-11-22 20:53:45', '2', '4', '1', 'ADFBDFDF@#$234', '1', '9.0', '50', '1915135329', '12466', '17859735390', 'www.debuggor.com', 'debuggor');
INSERT INTO `j_interviewer` VALUES ('44', 'debusdggor3', '123456', '123@qq.com', 'http://static.careerfrog.com.cn/cf-visitor/images/tutor/tutors/picTallan.3cfb3870.jpg', '1', '是需要求职者花时间做出调研PPT，然后和面试官进行展示，在这一轮我做了很多准备， 找了职业蛙的导师做了一对一辅导，因为他是咨询公司出身的专业人士，所以给了我很多咨询行业的知识， 特别是针对意略明公司，他给了我很全面的背景知识、商业信息的指导，包括说以往咨询行业面试会出现的很多案例和', '2018-11-22 20:53:45', '2', '4', '0', 'ADFBDFDF@#$234', '0', '9.0', '50', '1915135329', '12466', '17859735390', 'www.debuggor.com', 'debuggor');
INSERT INTO `j_interviewer` VALUES ('45', 'debsduggor3', '123456', '123@qq.com', 'http://static.careerfrog.com.cn/cf-visitor/images/tutor/tutors/picEvian.b74795c3.jpg', '0', '是需要求职者花时间做出调研PPT，然后和面试官进行展示，在这一轮我做了很多准备， 找了职业蛙的导师做了一对一辅导，因为他是咨询公司出身的专业人士，所以给了我很多咨询行业的知识， 特别是针对意略明公司，他给了我很全面的背景知识、商业信息的指导，包括说以往咨询行业面试会出现的很多案例和', '2018-11-22 20:53:45', '2', '4', '1', 'ADFBDFDF@#$234', '1', '9.0', '50', '1915135329', '12466', '17859735390', 'www.debuggor.com', 'debuggor');
INSERT INTO `j_interviewer` VALUES ('46', 'debuggor3', '123456', '123@qq.com', 'http://static.careerfrog.com.cn/cf-visitor/images/tutor/tutors/picEvian.b74795c3.jpg', '1', '是需要求职者花时间做出调研PPT，然后和面试官进行展示，在这一轮我做了很多准备， 找了职业蛙的导师做了一对一辅导，因为他是咨询公司出身的专业人士，所以给了我很多咨询行业的知识， 特别是针对意略明公司，他给了我很全面的背景知识、商业信息的指导，包括说以往咨询行业面试会出现的很多案例和', '2018-11-22 20:53:45', '2', '4', '0', 'ADFBDFDF@#$234', '0', '9.0', '50', '1915135329', '12466', '17859735390', 'www.debuggor.com', 'debuggor');
INSERT INTO `j_interviewer` VALUES ('47', 'dessddbuggor3', '123456', '123@qq.com', 'http://static.careerfrog.com.cn/cf-visitor/images/tutor/tutors/picEvian.b74795c3.jpg', '0', '是需要求职者花时间做出调研PPT，然后和面试官进行展示，在这一轮我做了很多准备， 找了职业蛙的导师做了一对一辅导，因为他是咨询公司出身的专业人士，所以给了我很多咨询行业的知识， 特别是针对意略明公司，他给了我很全面的背景知识、商业信息的指导，包括说以往咨询行业面试会出现的很多案例和', '2018-11-22 20:53:45', '2', '21', '0', 'ADFBDFDF@#$234', '1', '9.0', '50', '1915135329', '12466', '17859735390', 'www.debuggor.com', 'debuggor');
INSERT INTO `j_interviewer` VALUES ('48', 'debuggor3', '123456', '123@qq.com', 'http://static.careerfrog.com.cn/cf-visitor/images/tutor/tutors/picEvian.b74795c3.jpg', '0', '是需要求职者花时间做出调研PPT，然后和面试官进行展示，在这一轮我做了很多准备， 找了职业蛙的导师做了一对一辅导，因为他是咨询公司出身的专业人士，所以给了我很多咨询行业的知识， 特别是针对意略明公司，他给了我很全面的背景知识、商业信息的指导，包括说以往咨询行业面试会出现的很多案例和', '2018-11-22 20:53:45', '2', '21', '1', 'ADFBDFDF@#$234', '1', '9.0', '50', '1915135329', '12466', '17859735390', 'www.debuggor.com', 'debuggor');
INSERT INTO `j_interviewer` VALUES ('49', 'debuggor3', '123456', '123@qq.com', 'http://static.careerfrog.com.cn/cf-visitor/images/tutor/tutors/picEvian.b74795c3.jpg', '1', '是需要求职者花时间做出调研PPT，然后和面试官进行展示，在这一轮我做了很多准备， 找了职业蛙的导师做了一对一辅导，因为他是咨询公司出身的专业人士，所以给了我很多咨询行业的知识， 特别是针对意略明公司，他给了我很全面的背景知识、商业信息的指导，包括说以往咨询行业面试会出现的很多案例和', '2018-11-22 20:53:45', '2', '21', '1', 'ADFBDFDF@#$234', '0', '8.0', '50', '1915135329', '12466', '17859735390', 'www.debuggor.com', 'debuggor');
INSERT INTO `j_interviewer` VALUES ('50', 'debsduggor3', '123456', '123@qq.com', 'http://static.careerfrog.com.cn/cf-visitor/images/tutor/tutors/picEvian.b74795c3.jpg', '0', '是需要求职者花时间做出调研PPT，然后和面试官进行展示，在这一轮我做了很多准备， 找了职业蛙的导师做了一对一辅导，因为他是咨询公司出身的专业人士，所以给了我很多咨询行业的知识， 特别是针对意略明公司，他给了我很全面的背景知识、商业信息的指导，包括说以往咨询行业面试会出现的很多案例和', '2018-11-22 20:53:45', '2', '21', '0', 'ADFBDFDF@#$234', '1', '8.0', '50', '1915135329', '12466', '17859735390', 'www.debuggor.com', 'debuggor');
INSERT INTO `j_interviewer` VALUES ('51', 'debuggor3', '123456', '123@qq.com', 'http://static.careerfrog.com.cn/cf-visitor/images/tutor/tutors/picEvian.b74795c3.jpg', '0', '是需要求职者花时间做出调研PPT，然后和面试官进行展示，在这一轮我做了很多准备， 找了职业蛙的导师做了一对一辅导，因为他是咨询公司出身的专业人士，所以给了我很多咨询行业的知识， 特别是针对意略明公司，他给了我很全面的背景知识、商业信息的指导，包括说以往咨询行业面试会出现的很多案例和', '2018-11-22 20:53:45', '2', '21', '0', 'ADFBDFDF@#$234', '1', '8.0', '50', '1915135329', '12466', '17859735390', 'www.debuggor.com', 'debuggor');
INSERT INTO `j_interviewer` VALUES ('52', 'debuggor3', '123456', '123@qq.com', 'http://static.careerfrog.com.cn/cf-visitor/images/tutor/tutors/picEvian.b74795c3.jpg', '1', '是需要求职者花时间做出调研PPT，然后和面试官进行展示，在这一轮我做了很多准备， 找了职业蛙的导师做了一对一辅导，因为他是咨询公司出身的专业人士，所以给了我很多咨询行业的知识， 特别是针对意略明公司，他给了我很全面的背景知识、商业信息的指导，包括说以往咨询行业面试会出现的很多案例和', '2018-11-22 20:53:45', '2', '21', '0', 'ADFBDFDF@#$234', '1', '7.0', '50', '1915135329', '12466', '17859735390', 'www.debuggor.com', 'debuggor');
INSERT INTO `j_interviewer` VALUES ('53', 'debasgor3', '123456', '12113@qq.com', 'http://static.careerfrog.com.cn/cf-visitor/images/tutor/tutors/picTallan.3cfb3870.jpg', '0', '是需要求职者花时间做出调研PPT，然后和面试官进行展示，在这一轮我做了很多准备， 找了职业蛙的导师做了一对一辅导，因为他是咨询公司出身的专业人士，所以给了我很多咨询行业的知识， 特别是针对意略明公司，他给了我很全面的背景知识、商业信息的指导，包括说以往咨询行业面试会出现的很多案例和', '2018-11-22 20:53:45', '2', '21', '1', 'ADFBDFDF@#$234', '0', '7.0', '50', '1915135329', '12466', '17859735390', 'www.debuggor.com', 'debuggor');
INSERT INTO `j_interviewer` VALUES ('54', 'debuggor3', '123456', '12223@qq.com', 'http://static.careerfrog.com.cn/cf-visitor/images/tutor/tutors/picTallan.3cfb3870.jpg', '1', '是需要求职者花时间做出调研PPT，然后和面试官进行展示，在这一轮我做了很多准备， 找了职业蛙的导师做了一对一辅导，因为他是咨询公司出身的专业人士，所以给了我很多咨询行业的知识， 特别是针对意略明公司，他给了我很全面的背景知识、商业信息的指导，包括说以往咨询行业面试会出现的很多案例和', '2018-11-22 20:53:45', '3', '21', '0', 'ADFBDFDF@#$234', '1', '7.0', '50', '1915135329', '12466', '17859735390', 'www.debuggor.com', 'debuggor');
INSERT INTO `j_interviewer` VALUES ('55', 'debusggor3', '123456', '11223@qq.com', 'http://static.careerfrog.com.cn/cf-visitor/images/tutor/tutors/picTallan.3cfb3870.jpg', '0', '是需要求职者花时间做出调研PPT，然后和面试官进行展示，在这一轮我做了很多准备， 找了职业蛙的导师做了一对一辅导，因为他是咨询公司出身的专业人士，所以给了我很多咨询行业的知识， 特别是针对意略明公司，他给了我很全面的背景知识、商业信息的指导，包括说以往咨询行业面试会出现的很多案例和', '2018-11-22 20:53:45', '2', '21', '0', 'ADFBDFDF@#$234', '1', '7.0', '50', '1915135329', '12466', '17859735390', 'www.debuggor.com', 'debuggor');
INSERT INTO `j_interviewer` VALUES ('56', 'debuggor3', '123456', '12322@qq.com', 'http://static.careerfrog.com.cn/cf-visitor/images/tutor/tutors/picTallan.3cfb3870.jpg', '1', '是需要求职者花时间做出调研PPT，然后和面试官进行展示，在这一轮我做了很多准备， 找了职业蛙的导师做了一对一辅导，因为他是咨询公司出身的专业人士，所以给了我很多咨询行业的知识， 特别是针对意略明公司，他给了我很全面的背景知识、商业信息的指导，包括说以往咨询行业面试会出现的很多案例和', '2018-11-22 20:53:45', '2', '21', '0', 'ADFBDFDF@#$234', '1', '7.0', '50', '1915135329', '12466', '17859735390', 'www.debuggor.com', 'debuggor');
INSERT INTO `j_interviewer` VALUES ('57', 'debuggor3', '123456', '1232212@qq.com', 'http://static.careerfrog.com.cn/cf-visitor/images/tutor/tutors/picTallan.3cfb3870.jpg', '0', '是需要求职者花时间做出调研PPT，然后和面试官进行展示，在这一轮我做了很多准备， 找了职业蛙的导师做了一对一辅导，因为他是咨询公司出身的专业人士，所以给了我很多咨询行业的知识， 特别是针对意略明公司，他给了我很全面的背景知识、商业信息的指导，包括说以往咨询行业面试会出现的很多案例和', '2018-11-22 20:53:45', '2', '21', '0', 'ADFBDFDF@#$234', '1', '7.0', '50', '1915135329', '12466', '17859735390', 'www.debuggor.com', 'debuggor');
INSERT INTO `j_interviewer` VALUES ('58', 'debcuggor3', '123456', '1212123@qq.com', 'http://static.careerfrog.com.cn/cf-visitor/images/tutor/tutors/picTallan.3cfb3870.jpg', '1', '是需要求职者花时间做出调研PPT，然后和面试官进行展示，在这一轮我做了很多准备， 找了职业蛙的导师做了一对一辅导，因为他是咨询公司出身的专业人士，所以给了我很多咨询行业的知识， 特别是针对意略明公司，他给了我很全面的背景知识、商业信息的指导，包括说以往咨询行业面试会出现的很多案例和', '2018-11-22 20:53:45', '2', '21', '0', 'ADFBDFDF@#$234', '1', '7.0', '50', '1915135329', '12466', '17859735390', 'www.debuggor.com', 'debuggor');
INSERT INTO `j_interviewer` VALUES ('59', 'debuggor3', '123456', '1231212@qq.com', 'http://static.careerfrog.com.cn/cf-visitor/images/tutor/tutors/picEvian.b74795c3.jpg', '0', '是需要求职者花时间做出调研PPT，然后和面试官进行展示，在这一轮我做了很多准备， 找了职业蛙的导师做了一对一辅导，因为他是咨询公司出身的专业人士，所以给了我很多咨询行业的知识， 特别是针对意略明公司，他给了我很全面的背景知识、商业信息的指导，包括说以往咨询行业面试会出现的很多案例和', '2018-11-22 20:53:45', '3', '21', '1', 'ADFBDFDF@#$234', '0', '7.0', '50', '1915135329', '12466', '17859735390', 'www.debuggor.com', 'debuggor');
INSERT INTO `j_interviewer` VALUES ('60', 'debvuggor3', '123456', '212123@qq.com', 'http://static.careerfrog.com.cn/cf-visitor/images/tutor/tutors/picEvian.b74795c3.jpg', '0', '是需要求职者花时间做出调研PPT，然后和面试官进行展示，在这一轮我做了很多准备， 找了职业蛙的导师做了一对一辅导，因为他是咨询公司出身的专业人士，所以给了我很多咨询行业的知识， 特别是针对意略明公司，他给了我很全面的背景知识、商业信息的指导，包括说以往咨询行业面试会出现的很多案例和', '2018-11-22 20:53:45', '2', '21', '0', 'ADFBDFDF@#$234', '1', '8.0', '50', '1915135329', '12466', '17859735390', 'www.debuggor.com', 'debuggor');
INSERT INTO `j_interviewer` VALUES ('61', 'debuggor3', '123456', '1231212@qq.com', 'http://static.careerfrog.com.cn/cf-visitor/images/tutor/tutors/picEvian.b74795c3.jpg', '0', '是需要求职者花时间做出调研PPT，然后和面试官进行展示，在这一轮我做了很多准备， 找了职业蛙的导师做了一对一辅导，因为他是咨询公司出身的专业人士，所以给了我很多咨询行业的知识， 特别是针对意略明公司，他给了我很全面的背景知识、商业信息的指导，包括说以往咨询行业面试会出现的很多案例和', '2018-11-22 20:53:45', '2', '21', '0', 'ADFBDFDF@#$234', '0', '8.0', '50', '1915135329', '12466', '17859735390', 'www.debuggor.com', 'debuggor');
INSERT INTO `j_interviewer` VALUES ('62', 'debuggor3', '123456', '122123@qq.com', 'http://static.careerfrog.com.cn/cf-visitor/images/tutor/tutors/picEvian.b74795c3.jpg', '0', '是需要求职者花时间做出调研PPT，然后和面试官进行展示，在这一轮我做了很多准备， 找了职业蛙的导师做了一对一辅导，因为他是咨询公司出身的专业人士，所以给了我很多咨询行业的知识， 特别是针对意略明公司，他给了我很全面的背景知识、商业信息的指导，包括说以往咨询行业面试会出现的很多案例和', '2018-11-22 20:53:45', '2', '21', '1', 'ADFBDFDF@#$234', '1', '8.0', '50', '1915135329', '12466', '17859735390', 'www.debuggor.com', 'debuggor');
INSERT INTO `j_interviewer` VALUES ('63', 'debudfggor3', '123456', '11212223@qq.com', 'http://static.careerfrog.com.cn/cf-visitor/images/tutor/tutors/picEvian.b74795c3.jpg', '0', '是需要求职者花时间做出调研PPT，然后和面试官进行展示，在这一轮我做了很多准备， 找了职业蛙的导师做了一对一辅导，因为他是咨询公司出身的专业人士，所以给了我很多咨询行业的知识， 特别是针对意略明公司，他给了我很全面的背景知识、商业信息的指导，包括说以往咨询行业面试会出现的很多案例和', '2018-11-22 20:53:45', '2', '21', '0', 'ADFBDFDF@#$234', '1', '7.5', '50', '1915135329', '12466', '17859735390', 'www.debuggor.com', 'debuggor');
INSERT INTO `j_interviewer` VALUES ('64', 'debuggor3', '123456', '1121223@qq.com', 'http://static.careerfrog.com.cn/cf-visitor/images/tutor/tutors/picEvian.b74795c3.jpg', '0', '是需要求职者花时间做出调研PPT，然后和面试官进行展示，在这一轮我做了很多准备， 找了职业蛙的导师做了一对一辅导，因为他是咨询公司出身的专业人士，所以给了我很多咨询行业的知识， 特别是针对意略明公司，他给了我很全面的背景知识、商业信息的指导，包括说以往咨询行业面试会出现的很多案例和', '2018-11-22 20:53:45', '2', '21', '0', 'ADFBDFDF@#$234', '1', '7.5', '50', '1915135329', '12466', '17859735390', 'www.debuggor.com', 'debuggor');
INSERT INTO `j_interviewer` VALUES ('65', 'debuggor3', '123456', '1121223@qq.com', 'http://static.careerfrog.com.cn/cf-visitor/images/tutor/tutors/picEvian.b74795c3.jpg', '1', '是需要求职者花时间做出调研PPT，然后和面试官进行展示，在这一轮我做了很多准备， 找了职业蛙的导师做了一对一辅导，因为他是咨询公司出身的专业人士，所以给了我很多咨询行业的知识， 特别是针对意略明公司，他给了我很全面的背景知识、商业信息的指导，包括说以往咨询行业面试会出现的很多案例和', '2018-11-22 20:53:45', '2', '21', '0', 'ADFBDFDF@#$234', '1', '7.5', '50', '1915135329', '12466', '17859735390', 'www.debuggor.com', 'debuggor');
INSERT INTO `j_interviewer` VALUES ('66', 'debdfuggor3', '123456', '1121223@qq.com', 'http://static.careerfrog.com.cn/cf-visitor/images/tutor/tutors/picEvian.b74795c3.jpg', '0', '是需要求职者花时间做出调研PPT，然后和面试官进行展示，在这一轮我做了很多准备， 找了职业蛙的导师做了一对一辅导，因为他是咨询公司出身的专业人士，所以给了我很多咨询行业的知识， 特别是针对意略明公司，他给了我很全面的背景知识、商业信息的指导，包括说以往咨询行业面试会出现的很多案例和', '2018-11-22 20:53:45', '2', '21', '1', 'ADFBDFDF@#$234', '1', '7.5', '50', '1915135329', '12466', '17859735390', 'www.debuggor.com', 'debuggor');
INSERT INTO `j_interviewer` VALUES ('67', 'deb4uggor3', '123456', '1121223@qq.com', 'http://static.careerfrog.com.cn/cf-visitor/images/tutor/tutors/picEvian.b74795c3.jpg', '1', '是需要求职者花时间做出调研PPT，然后和面试官进行展示，在这一轮我做了很多准备， 找了职业蛙的导师做了一对一辅导，因为他是咨询公司出身的专业人士，所以给了我很多咨询行业的知识， 特别是针对意略明公司，他给了我很全面的背景知识、商业信息的指导，包括说以往咨询行业面试会出现的很多案例和', '2018-11-22 20:53:45', '2', '21', '0', 'ADFBDFDF@#$234', '1', '7.5', '50', '1915135329', '12466', '17859735390', 'www.debuggor.com', 'debuggor');
INSERT INTO `j_interviewer` VALUES ('68', 'debdfuggor3', '123456', '12121223@qq.com', 'http://static.careerfrog.com.cn/cf-visitor/images/tutor/tutors/picEvian.b74795c3.jpg', '1', '是需要求职者花时间做出调研PPT，然后和面试官进行展示，在这一轮我做了很多准备， 找了职业蛙的导师做了一对一辅导，因为他是咨询公司出身的专业人士，所以给了我很多咨询行业的知识， 特别是针对意略明公司，他给了我很全面的背景知识、商业信息的指导，包括说以往咨询行业面试会出现的很多案例和', '2018-11-22 20:53:45', '2', '21', '0', 'ADFBDFDF@#$234', '0', '6.0', '50', '1915135329', '12466', '17859735390', 'www.debuggor.com', 'debuggor');
INSERT INTO `j_interviewer` VALUES ('69', 'deb3uggor3', '123456', '11212223@qq.com', 'http://static.careerfrog.com.cn/cf-visitor/images/tutor/tutors/picEvian.b74795c3.jpg', '0', '是需要求职者花时间做出调研PPT，然后和面试官进行展示，在这一轮我做了很多准备， 找了职业蛙的导师做了一对一辅导，因为他是咨询公司出身的专业人士，所以给了我很多咨询行业的知识， 特别是针对意略明公司，他给了我很全面的背景知识、商业信息的指导，包括说以往咨询行业面试会出现的很多案例和', '2018-11-22 20:53:45', '2', '21', '0', 'ADFBDFDF@#$234', '1', '6.0', '50', '1915135329', '12466', '17859735390', 'www.debuggor.com', 'debuggor');
INSERT INTO `j_interviewer` VALUES ('70', 'debuggor3', '123456', '12121223@qq.com', 'http://static.careerfrog.com.cn/cf-visitor/images/tutor/tutors/picEvian.b74795c3.jpg', '1', '是需要求职者花时间做出调研PPT，然后和面试官进行展示，在这一轮我做了很多准备， 找了职业蛙的导师做了一对一辅导，因为他是咨询公司出身的专业人士，所以给了我很多咨询行业的知识， 特别是针对意略明公司，他给了我很全面的背景知识、商业信息的指导，包括说以往咨询行业面试会出现的很多案例和', '2018-11-22 20:53:45', '2', '21', '0', 'ADFBDFDF@#$234', '1', '6.0', '50', '1915135329', '12466', '17859735390', 'www.debuggor.com', 'debuggor');
INSERT INTO `j_interviewer` VALUES ('71', 'deb3uggor3', '123456', '11212223@qq.com', 'http://static.careerfrog.com.cn/cf-visitor/images/tutor/tutors/picEvian.b74795c3.jpg', '0', '是需要求职者花时间做出调研PPT，然后和面试官进行展示，在这一轮我做了很多准备， 找了职业蛙的导师做了一对一辅导，因为他是咨询公司出身的专业人士，所以给了我很多咨询行业的知识， 特别是针对意略明公司，他给了我很全面的背景知识、商业信息的指导，包括说以往咨询行业面试会出现的很多案例和', '2018-11-22 20:53:45', '2', '21', '0', 'ADFBDFDF@#$234', '1', '7.5', '50', '1915135329', '12466', '17859735390', 'www.debuggor.com', 'debuggor');
INSERT INTO `j_interviewer` VALUES ('72', 'debd2fuggor3', '123456', '11212223@qq.com', 'http://static.careerfrog.com.cn/cf-visitor/images/tutor/tutors/picEvian.b74795c3.jpg', '0', '是需要求职者花时间做出调研PPT，然后和面试官进行展示，在这一轮我做了很多准备， 找了职业蛙的导师做了一对一辅导，因为他是咨询公司出身的专业人士，所以给了我很多咨询行业的知识， 特别是针对意略明公司，他给了我很全面的背景知识、商业信息的指导，包括说以往咨询行业面试会出现的很多案例和', '2018-11-22 20:53:45', '2', '21', '1', 'ADFBDFDF@#$234', '1', '7.5', '50', '1915135329', '12466', '17859735390', 'www.debuggor.com', 'debuggor');
INSERT INTO `j_interviewer` VALUES ('73', 'debu1ggor3', '123456', '12122123@qq.com', 'http://static.careerfrog.com.cn/cf-visitor/images/tutor/tutors/picEvian.b74795c3.jpg', '1', '是需要求职者花时间做出调研PPT，然后和面试官进行展示，在这一轮我做了很多准备， 找了职业蛙的导师做了一对一辅导，因为他是咨询公司出身的专业人士，所以给了我很多咨询行业的知识， 特别是针对意略明公司，他给了我很全面的背景知识、商业信息的指导，包括说以往咨询行业面试会出现的很多案例和', '2018-11-22 20:53:45', '2', '21', '0', 'ADFBDFDF@#$234', '0', '7.5', '50', '1915135329', '12466', '17859735390', 'www.debuggor.com', 'debuggor');
INSERT INTO `j_interviewer` VALUES ('74', 'debusdggor3', '123456', '1121223@qq.com', 'http://static.careerfrog.com.cn/cf-visitor/images/tutor/tutors/picTallan.3cfb3870.jpg', '0', '是需要求职者花时间做出调研PPT，然后和面试官进行展示，在这一轮我做了很多准备， 找了职业蛙的导师做了一对一辅导，因为他是咨询公司出身的专业人士，所以给了我很多咨询行业的知识， 特别是针对意略明公司，他给了我很全面的背景知识、商业信息的指导，包括说以往咨询行业面试会出现的很多案例和', '2018-11-22 20:53:45', '2', '21', '0', 'ADFBDFDF@#$234', '1', '7.5', '50', '1915135329', '12466', '17859735390', 'www.debuggor.com', 'debuggor');
INSERT INTO `j_interviewer` VALUES ('75', 'debusdggor3', '123456', '1212123@qq.com', 'https://static.careerfrog.com.cn/cf-visitor/images/tutor/tutors/picEason.60a0d962.jpg', '1', '是需要求职者花时间做出调研PPT，然后和面试官进行展示，在这一轮我做了很多准备， 找了职业蛙的导师做了一对一辅导，因为他是咨询公司出身的专业人士，所以给了我很多咨询行业的知识， 特别是针对意略明公司，他给了我很全面的背景知识、商业信息的指导，包括说以往咨询行业面试会出现的很多案例和', '2018-11-22 20:53:45', '2', '21', '1', 'ADFBDFDF@#$234', '1', '7.5', '50', '1915135329', '12466', '17859735390', 'www.debuggor.com', 'debuggor');
INSERT INTO `j_interviewer` VALUES ('76', 'debuggor3', '123456', '1121223@qq.com', 'https://static.careerfrog.com.cn/cf-visitor/images/tutor/tutors/picEason.60a0d962.jpg', '1', '是需要求职者花时间做出调研PPT，然后和面试官进行展示，在这一轮我做了很多准备， 找了职业蛙的导师做了一对一辅导，因为他是咨询公司出身的专业人士，所以给了我很多咨询行业的知识， 特别是针对意略明公司，他给了我很全面的背景知识、商业信息的指导，包括说以往咨询行业面试会出现的很多案例和', '2018-11-22 20:53:45', '2', '21', '0', 'ADFBDFDF@#$234', '0', '10.0', '50', '1915135329', '12466', '17859735390', 'www.debuggor.com', 'debuggor');
INSERT INTO `j_interviewer` VALUES ('77', 'debsduggor3', '123456', '1211121223@qq.com', 'https://static.careerfrog.com.cn/cf-visitor/images/tutor/tutors/picEason.60a0d962.jpg', '0', '是需要求职者花时间做出调研PPT，然后和面试官进行展示，在这一轮我做了很多准备， 找了职业蛙的导师做了一对一辅导，因为他是咨询公司出身的专业人士，所以给了我很多咨询行业的知识， 特别是针对意略明公司，他给了我很全面的背景知识、商业信息的指导，包括说以往咨询行业面试会出现的很多案例和', '2018-11-22 20:53:45', '2', '21', '1', 'ADFBDFDF@#$234', '1', '10.0', '50', '1915135329', '12466', '17859735390', 'www.debuggor.com', 'debuggor');
INSERT INTO `j_interviewer` VALUES ('78', 'debuggor3', '123456', '1121223@qq.com', 'https://static.careerfrog.com.cn/cf-visitor/images/tutor/tutors/picEason.60a0d962.jpg', '1', '是需要求职者花时间做出调研PPT，然后和面试官进行展示，在这一轮我做了很多准备， 找了职业蛙的导师做了一对一辅导，因为他是咨询公司出身的专业人士，所以给了我很多咨询行业的知识， 特别是针对意略明公司，他给了我很全面的背景知识、商业信息的指导，包括说以往咨询行业面试会出现的很多案例和', '2018-11-22 20:53:45', '2', '13', '0', 'ADFBDFDF@#$234', '1', '7.5', '10', '1915135329', '12466', '17859735390', 'www.debuggor.com', 'debuggor');
INSERT INTO `j_interviewer` VALUES ('79', 'desdbsduggor3', '123456', '1121223@qq.com', 'https://static.careerfrog.com.cn/cf-visitor/images/tutor/tutors/picEason.60a0d962.jpg', '0', '是需要求职者花时间做出调研PPT，然后和面试官进行展示，在这一轮我做了很多准备， 找了职业蛙的导师做了一对一辅导，因为他是咨询公司出身的专业人士，所以给了我很多咨询行业的知识， 特别是针对意略明公司，他给了我很全面的背景知识、商业信息的指导，包括说以往咨询行业面试会出现的很多案例和', '2018-11-22 20:53:45', '2', '13', '0', 'ADFBDFDF@#$234', '1', '7.5', '10', '1915135329', '12466', '17859735390', 'www.debuggor.com', 'debuggor');
INSERT INTO `j_interviewer` VALUES ('80', 'debuggor3', '123456', '123@qq.com', 'https://static.careerfrog.com.cn/cf-visitor/images/tutor/tutors/picEason.60a0d962.jpg', '0', '是需要求职者花时间做出调研PPT，然后和面试官进行展示，在这一轮我做了很多准备， 找了职业蛙的导师做了一对一辅导，因为他是咨询公司出身的专业人士，所以给了我很多咨询行业的知识， 特别是针对意略明公司，他给了我很全面的背景知识、商业信息的指导，包括说以往咨询行业面试会出现的很多案例和', '2018-11-22 20:53:45', '2', '13', '0', 'ADFBDFDF@#$234', '0', '7.5', '10', '1915135329', '12466', '17859735390', 'www.debuggor.com', 'debuggor');
INSERT INTO `j_interviewer` VALUES ('81', 'debuggor3', '123456', '1121223@qq.com', 'https://static.careerfrog.com.cn/cf-visitor/images/tutor/tutors/picEason.60a0d962.jpg', '1', '是需要求职者花时间做出调研PPT，然后和面试官进行展示，在这一轮我做了很多准备， 找了职业蛙的导师做了一对一辅导，因为他是咨询公司出身的专业人士，所以给了我很多咨询行业的知识， 特别是针对意略明公司，他给了我很全面的背景知识、商业信息的指导，包括说以往咨询行业面试会出现的很多案例和', '2018-11-22 20:53:45', '2', '13', '1', 'ADFBDFDF@#$234', '1', '7.5', '10', '1915135329', '12466', '17859735390', 'www.debuggor.com', 'debuggor');
INSERT INTO `j_interviewer` VALUES ('82', 'desdbuggor3', '123456', '1121223@qq.com', 'https://static.careerfrog.com.cn/cf-visitor/images/tutor/tutors/picEason.60a0d962.jpg', '0', '是需要求职者花时间做出调研PPT，然后和面试官进行展示，在这一轮我做了很多准备， 找了职业蛙的导师做了一对一辅导，因为他是咨询公司出身的专业人士，所以给了我很多咨询行业的知识， 特别是针对意略明公司，他给了我很全面的背景知识、商业信息的指导，包括说以往咨询行业面试会出现的很多案例和', '2018-11-22 20:53:45', '2', '13', '0', 'ADFBDFDF@#$234', '1', '9.6', '10', '1915135329', '12466', '17859735390', 'www.debuggor.com', 'debuggor');
INSERT INTO `j_interviewer` VALUES ('83', 'debuggor3', '123456', '12123@qq.com', 'https://static.careerfrog.com.cn/cf-visitor/images/tutor/tutors/picEason.60a0d962.jpg', '0', '是需要求职者花时间做出调研PPT，然后和面试官进行展示，在这一轮我做了很多准备， 找了职业蛙的导师做了一对一辅导，因为他是咨询公司出身的专业人士，所以给了我很多咨询行业的知识， 特别是针对意略明公司，他给了我很全面的背景知识、商业信息的指导，包括说以往咨询行业面试会出现的很多案例和', '2018-11-22 20:53:45', '2', '13', '1', 'ADFBDFDF@#$234', '1', '9.6', '10', '1915135329', '12466', '17859735390', 'www.debuggor.com', 'debuggor');
INSERT INTO `j_interviewer` VALUES ('84', 'debusdggor3', '123456', '123@qq.com', 'http://static.careerfrog.com.cn/cf-visitor/images/tutor/tutors/picEvian.b74795c3.jpg', '1', '是需要求职者花时间做出调研PPT，然后和面试官进行展示，在这一轮我做了很多准备， 找了职业蛙的导师做了一对一辅导，因为他是咨询公司出身的专业人士，所以给了我很多咨询行业的知识， 特别是针对意略明公司，他给了我很全面的背景知识、商业信息的指导，包括说以往咨询行业面试会出现的很多案例和', '2018-11-22 20:53:45', '2', '13', '0', 'ADFBDFDF@#$234', '0', '9.6', '50', '1915135329', '12466', '17859735390', 'www.debuggor.com', 'debuggor');
INSERT INTO `j_interviewer` VALUES ('85', 'debsduggor3', '123456', '123@qq.com', 'http://static.careerfrog.com.cn/cf-visitor/images/tutor/tutors/picTallan.3cfb3870.jpg', '0', '是需要求职者花时间做出调研PPT，然后和面试官进行展示，在这一轮我做了很多准备， 找了职业蛙的导师做了一对一辅导，因为他是咨询公司出身的专业人士，所以给了我很多咨询行业的知识， 特别是针对意略明公司，他给了我很全面的背景知识、商业信息的指导，包括说以往咨询行业面试会出现的很多案例和', '2018-11-22 20:53:45', '2', '13', '1', 'ADFBDFDF@#$234', '1', '9.6', '50', '1915135329', '12466', '17859735390', 'www.debuggor.com', 'debuggor');
INSERT INTO `j_interviewer` VALUES ('86', 'debuggor3', '123456', '123@qq.com', 'http://static.careerfrog.com.cn/cf-visitor/images/tutor/tutors/picTallan.3cfb3870.jpg', '1', '是需要求职者花时间做出调研PPT，然后和面试官进行展示，在这一轮我做了很多准备， 找了职业蛙的导师做了一对一辅导，因为他是咨询公司出身的专业人士，所以给了我很多咨询行业的知识， 特别是针对意略明公司，他给了我很全面的背景知识、商业信息的指导，包括说以往咨询行业面试会出现的很多案例和', '2018-11-22 20:53:45', '2', '13', '0', 'ADFBDFDF@#$234', '0', '9.6', '50', '1915135329', '12466', '17859735390', 'www.debuggor.com', 'debuggor');
INSERT INTO `j_interviewer` VALUES ('87', 'dessddbuggor3', '123456', '123@qq.com', 'http://static.careerfrog.com.cn/cf-visitor/images/tutor/tutors/picTallan.3cfb3870.jpg', '0', '是需要求职者花时间做出调研PPT，然后和面试官进行展示，在这一轮我做了很多准备， 找了职业蛙的导师做了一对一辅导，因为他是咨询公司出身的专业人士，所以给了我很多咨询行业的知识， 特别是针对意略明公司，他给了我很全面的背景知识、商业信息的指导，包括说以往咨询行业面试会出现的很多案例和', '2018-11-22 20:53:45', '2', '13', '0', 'ADFBDFDF@#$234', '1', '9.6', '80', '1915135329', '12466', '17859735390', 'www.debuggor.com', 'debuggor');
INSERT INTO `j_interviewer` VALUES ('88', 'debuggor3', '123456', '123@qq.com', 'https://static.careerfrog.com.cn/cf-visitor/images/tutor/tutors/picEason.60a0d962.jpg', '0', '是需要求职者花时间做出调研PPT，然后和面试官进行展示，在这一轮我做了很多准备， 找了职业蛙的导师做了一对一辅导，因为他是咨询公司出身的专业人士，所以给了我很多咨询行业的知识， 特别是针对意略明公司，他给了我很全面的背景知识、商业信息的指导，包括说以往咨询行业面试会出现的很多案例和', '2018-11-22 20:53:45', '2', '13', '1', 'ADFBDFDF@#$234', '1', '9.6', '80', '1915135329', '12466', '17859735390', 'www.debuggor.com', 'debuggor');
INSERT INTO `j_interviewer` VALUES ('89', 'debuggor3', '123456', '123@qq.com', 'https://static.careerfrog.com.cn/cf-visitor/images/tutor/tutors/picEason.60a0d962.jpg', '1', '是需要求职者花时间做出调研PPT，然后和面试官进行展示，在这一轮我做了很多准备， 找了职业蛙的导师做了一对一辅导，因为他是咨询公司出身的专业人士，所以给了我很多咨询行业的知识， 特别是针对意略明公司，他给了我很全面的背景知识、商业信息的指导，包括说以往咨询行业面试会出现的很多案例和', '2018-11-22 20:53:45', '2', '13', '1', 'ADFBDFDF@#$234', '0', '6.0', '80', '1915135329', '12466', '17859735390', 'www.debuggor.com', 'debuggor');
INSERT INTO `j_interviewer` VALUES ('90', 'debsduggor3', '123456', '123@qq.com', 'https://static.careerfrog.com.cn/cf-visitor/images/tutor/tutors/picEason.60a0d962.jpg', '0', '是需要求职者花时间做出调研PPT，然后和面试官进行展示，在这一轮我做了很多准备， 找了职业蛙的导师做了一对一辅导，因为他是咨询公司出身的专业人士，所以给了我很多咨询行业的知识， 特别是针对意略明公司，他给了我很全面的背景知识、商业信息的指导，包括说以往咨询行业面试会出现的很多案例和', '2018-11-22 20:53:45', '2', '13', '0', 'ADFBDFDF@#$234', '1', '6.0', '80', '1915135329', '12466', '17859735390', 'www.debuggor.com', 'debuggor');
INSERT INTO `j_interviewer` VALUES ('91', 'debuggor3', '123456', '123@qq.com', 'https://static.careerfrog.com.cn/cf-visitor/images/tutor/tutors/picEason.60a0d962.jpg', '0', '是需要求职者花时间做出调研PPT，然后和面试官进行展示，在这一轮我做了很多准备， 找了职业蛙的导师做了一对一辅导，因为他是咨询公司出身的专业人士，所以给了我很多咨询行业的知识， 特别是针对意略明公司，他给了我很全面的背景知识、商业信息的指导，包括说以往咨询行业面试会出现的很多案例和', '2018-11-22 20:53:45', '2', '13', '0', 'ADFBDFDF@#$234', '1', '6.0', '80', '1915135329', '12466', '17859735390', 'www.debuggor.com', 'debuggor');
INSERT INTO `j_interviewer` VALUES ('92', 'debuggor3', '123456', '123@qq.com', 'https://static.careerfrog.com.cn/cf-visitor/images/tutor/tutors/picEason.60a0d962.jpg', '1', '是需要求职者花时间做出调研PPT，然后和面试官进行展示，在这一轮我做了很多准备， 找了职业蛙的导师做了一对一辅导，因为他是咨询公司出身的专业人士，所以给了我很多咨询行业的知识， 特别是针对意略明公司，他给了我很全面的背景知识、商业信息的指导，包括说以往咨询行业面试会出现的很多案例和', '2018-11-22 20:53:45', '2', '13', '0', 'ADFBDFDF@#$234', '1', '8.0', '80', '1915135329', '12466', '17859735390', 'www.debuggor.com', 'debuggor');
INSERT INTO `j_interviewer` VALUES ('93', 'interviewer', 'e10adc3949ba59abbe56e057f20f883e', 'debuggor@foxmail.com', 'http://qiniu.three-day.cn/fd54d796-e4f0-4bd5-a056-9c52023b24a4.png', '1', '<p><h1>本人一贯致利于心灵，<i>灵性领域的探索</i>、实践和研究，发现心灵是主宰命运的关键因素，一个人心理受到了伤害，认知出现了偏差，就会造就烦闹、疾病。当一个人获得足够的人生智慧，他就可以解决问题，消除障碍，随着人格逐渐的完美，命运变得通畅，这是一个不断成长不断历练的人生过程。我愿意陪伴我的受访者一起经历，给予正确的引导，在我经历的个案当中，发现真正的解决来访者的实质问题都来源于中国的传统文化，佛学思想，所以我愿意在更多平台上，更多的人群中进行推广，让人们生活和谐，心性光明，安祥自在！</h1><br><b><font color=\"#ff0000\">恋爱婚姻：<a href=\"http://www.yidianling.com/ganqingdanmo/\">感情淡漠</a>、恋爱指导、夫妻关系<br>职业发展：人际关系、职业减压、<a href=\"http://www.yidianling.com/zhiyeguihua/\">职业规划</a><br><a href=\"http://www.yidianling.com/gerenchengzhang/\">个人成长</a>：自我认知、自我疗愈、情绪管理</font></b></p><p align=\"center\" style=\"text-align: center;\"><img src=\"http://pjas61jlq.bkt.clouddn.com/74f791b3-585d-4047-9cec-7c853872bc36.png\" alt=\"IT\" style=\"max-width:100%;\" class=\"clicked\"><br></p><p><br></p>', '2018-12-13 19:33:54', '5', '91', '1', '15447008337661bc3c1e6eae74ec6890932b9efd0a1de', '0', null, '100', '1915135329', 'hy1915135329', '17859735390', 'https://www.yidianling.com', null);
INSERT INTO `j_interviewer` VALUES ('94', 'debuggor3', '123456', '123@qq.com', 'http://static.careerfrog.com.cn/cf-visitor/images/tutor/tutors/picTallan.3cfb3870.jpg', '1', '是需要求职者花时间做出调研PPT，然后和面试官进行展示，在这一轮我做了很多准备， 找了职业蛙的导师做了一对一辅导，因为他是咨询公司出身的专业人士，所以给了我很多咨询行业的知识， 特别是针对意略明公司，他给了我很全面的背景知识、商业信息的指导，包括说以往咨询行业面试会出现的很多案例和', '2018-11-22 20:53:45', '2', '13', '0', 'ADFBDFDF@#$234', '0', '9.6', '50', '1915135329', '12466', '17859735390', 'www.debuggor.com', 'debuggor');
INSERT INTO `j_interviewer` VALUES ('95', 'dessddbuggor3', '123456', '123@qq.com', 'http://static.careerfrog.com.cn/cf-visitor/images/tutor/tutors/picTallan.3cfb3870.jpg', '0', '是需要求职者花时间做出调研PPT，然后和面试官进行展示，在这一轮我做了很多准备， 找了职业蛙的导师做了一对一辅导，因为他是咨询公司出身的专业人士，所以给了我很多咨询行业的知识， 特别是针对意略明公司，他给了我很全面的背景知识、商业信息的指导，包括说以往咨询行业面试会出现的很多案例和', '2018-11-22 20:53:45', '2', '13', '0', 'ADFBDFDF@#$234', '1', '9.6', '50', '1915135329', '12466', '17859735390', 'www.debuggor.com', 'debuggor');
INSERT INTO `j_interviewer` VALUES ('96', 'debuggor3', '123456', '123@qq.com', 'http://static.careerfrog.com.cn/cf-visitor/images/tutor/tutors/picTallan.3cfb3870.jpg', '1', '是需要求职者花时间做出调研PPT，然后和面试官进行展示，在这一轮我做了很多准备， 找了职业蛙的导师做了一对一辅导，因为他是咨询公司出身的专业人士，所以给了我很多咨询行业的知识， 特别是针对意略明公司，他给了我很全面的背景知识、商业信息的指导，包括说以往咨询行业面试会出现的很多案例和', '2018-11-22 20:53:45', '2', '13', '0', 'ADFBDFDF@#$234', '0', '9.6', '50', '1915135329', '12466', '17859735390', 'www.debuggor.com', 'debuggor');
INSERT INTO `j_interviewer` VALUES ('97', 'dessddbuggor3', '123456', '123@qq.com', 'http://static.careerfrog.com.cn/cf-visitor/images/tutor/tutors/picTallan.3cfb3870.jpg', '0', '是需要求职者花时间做出调研PPT，然后和面试官进行展示，在这一轮我做了很多准备， 找了职业蛙的导师做了一对一辅导，因为他是咨询公司出身的专业人士，所以给了我很多咨询行业的知识， 特别是针对意略明公司，他给了我很全面的背景知识、商业信息的指导，包括说以往咨询行业面试会出现的很多案例和', '2018-11-22 20:53:45', '2', '13', '0', 'ADFBDFDF@#$234', '1', '9.6', '50', '1915135329', '12466', '17859735390', 'www.debuggor.com', 'debuggor');

-- ----------------------------
-- Table structure for j_interviewer_type
-- ----------------------------
DROP TABLE IF EXISTS `j_interviewer_type`;
CREATE TABLE `j_interviewer_type` (
  `id` bigint(20) NOT NULL AUTO_INCREMENT COMMENT '中间表ID',
  `iid` bigint(20) DEFAULT NULL COMMENT '面试官ID',
  `tid` bigint(20) DEFAULT NULL COMMENT '类别ID',
  PRIMARY KEY (`id`)
) ENGINE=InnoDB AUTO_INCREMENT=44 DEFAULT CHARSET=utf8 COMMENT='面试官和类别中间表';

-- ----------------------------
-- Records of j_interviewer_type
-- ----------------------------
INSERT INTO `j_interviewer_type` VALUES ('1', '1', '1');
INSERT INTO `j_interviewer_type` VALUES ('2', '2', '1');
INSERT INTO `j_interviewer_type` VALUES ('3', '3', '1');
INSERT INTO `j_interviewer_type` VALUES ('4', '2', '2');
INSERT INTO `j_interviewer_type` VALUES ('5', '3', '3');
INSERT INTO `j_interviewer_type` VALUES ('6', '4', '4');
INSERT INTO `j_interviewer_type` VALUES ('7', '5', '5');
INSERT INTO `j_interviewer_type` VALUES ('8', '6', '6');
INSERT INTO `j_interviewer_type` VALUES ('9', '7', '7');
INSERT INTO `j_interviewer_type` VALUES ('10', '8', '8');
INSERT INTO `j_interviewer_type` VALUES ('11', '9', '11');
INSERT INTO `j_interviewer_type` VALUES ('12', '10', '13');
INSERT INTO `j_interviewer_type` VALUES ('13', '11', '14');
INSERT INTO `j_interviewer_type` VALUES ('14', '12', '15');
INSERT INTO `j_interviewer_type` VALUES ('15', '13', '1');
INSERT INTO `j_interviewer_type` VALUES ('16', '14', '2');
INSERT INTO `j_interviewer_type` VALUES ('17', '15', '3');
INSERT INTO `j_interviewer_type` VALUES ('18', '16', '4');
INSERT INTO `j_interviewer_type` VALUES ('19', '17', '5');
INSERT INTO `j_interviewer_type` VALUES ('20', '18', '6');
INSERT INTO `j_interviewer_type` VALUES ('21', '19', '7');
INSERT INTO `j_interviewer_type` VALUES ('22', '20', '8');
INSERT INTO `j_interviewer_type` VALUES ('23', '21', '1');
INSERT INTO `j_interviewer_type` VALUES ('24', '22', '2');
INSERT INTO `j_interviewer_type` VALUES ('25', '23', '3');
INSERT INTO `j_interviewer_type` VALUES ('26', '24', '4');
INSERT INTO `j_interviewer_type` VALUES ('27', '25', '5');
INSERT INTO `j_interviewer_type` VALUES ('28', '26', '6');
INSERT INTO `j_interviewer_type` VALUES ('29', '27', '7');
INSERT INTO `j_interviewer_type` VALUES ('30', '28', '1');
INSERT INTO `j_interviewer_type` VALUES ('31', '29', '2');
INSERT INTO `j_interviewer_type` VALUES ('32', '30', '3');
INSERT INTO `j_interviewer_type` VALUES ('33', '31', '4');
INSERT INTO `j_interviewer_type` VALUES ('34', '32', '5');
INSERT INTO `j_interviewer_type` VALUES ('35', '23', '6');
INSERT INTO `j_interviewer_type` VALUES ('36', '12', '7');
INSERT INTO `j_interviewer_type` VALUES ('37', '21', '8');
INSERT INTO `j_interviewer_type` VALUES ('38', '93', '1');
INSERT INTO `j_interviewer_type` VALUES ('39', '93', '6');
INSERT INTO `j_interviewer_type` VALUES ('40', '94', '18');
INSERT INTO `j_interviewer_type` VALUES ('41', '95', '18');
INSERT INTO `j_interviewer_type` VALUES ('42', '96', '18');
INSERT INTO `j_interviewer_type` VALUES ('43', '97', '18');

-- ----------------------------
-- Table structure for j_order
-- ----------------------------
DROP TABLE IF EXISTS `j_order`;
CREATE TABLE `j_order` (
  `oid` int(11) NOT NULL AUTO_INCREMENT COMMENT '订单ID',
  `order_num` varchar(30) DEFAULT NULL COMMENT '订单号',
  `order_status` varchar(30) DEFAULT NULL COMMENT '订单状态 1：待付款  2：已付款',
  `order_amount` varchar(30) DEFAULT NULL COMMENT '订单金额',
  `paid_amount` varchar(30) DEFAULT NULL COMMENT '实际支付金额',
  `introduction` text COMMENT '求职者个人介绍',
  `resume_url` varchar(255) DEFAULT NULL COMMENT '简历链接',
  `finder_id` int(11) DEFAULT NULL COMMENT '求职者ID',
  `interviewer_id` int(11) DEFAULT NULL COMMENT '面试官ID',
  `is_interviewed` varchar(10) DEFAULT NULL COMMENT '是否面试（1：是,2：否）（面试官跟新）',
  `is_ordered` varchar(10) DEFAULT NULL COMMENT '是否结单（1：是,2：否）(求职者跟新)',
  `is_evaluation` varchar(10) DEFAULT NULL COMMENT '是否已经评价（1：是,2：否）',
  `evaluation_id` int(11) DEFAULT NULL COMMENT '评论表单ID',
  `create_time` datetime DEFAULT NULL COMMENT '订单创建时间',
  `paid_time` datetime DEFAULT NULL COMMENT '支付时间',
  `ordered_time` datetime DEFAULT NULL COMMENT '结单时间',
  PRIMARY KEY (`oid`)
) ENGINE=InnoDB AUTO_INCREMENT=41 DEFAULT CHARSET=utf8 COMMENT='订单表';

-- ----------------------------
-- Records of j_order
-- ----------------------------
INSERT INTO `j_order` VALUES ('31', '20181220170426ce313c', '2', '100', '100.00', '见客户说地方贵司的复合弓深刻的房价高红领巾的施工方和看见了啥地方刚好看见了时间了客户端索拉卡给个地方和坚实的付款了', null, '93', '93', '2', '1', '1', '1', '2018-12-20 17:04:26', '2018-12-20 17:05:15', '2018-12-20 17:05:48');
INSERT INTO `j_order` VALUES ('32', '20181220193320de24d7', '2', '100', '100.00', '哈哈哈，教科书的回复开始的喝咖啡护士地方进口件大事', null, '93', '93', '2', '1', '1', '1', '2018-12-20 19:33:20', '2018-12-20 19:33:54', '2018-12-20 19:39:39');
INSERT INTO `j_order` VALUES ('33', '20181220205950c625ef', '2', '100', '100.00', 'hsjdvfksv了进入回复我放假快乐是科技如何发牢骚本文 ', null, '93', '93', '2', '2', '2', null, '2018-12-20 20:59:51', '2018-12-20 21:00:21', null);
INSERT INTO `j_order` VALUES ('34', '201812202130198ab69b', '2', '100', '100.00', '安徽省个地方哈加快速度爱对方是健康韩国会卡死的噶啥地方安静的回复收购价款哈数据库的按实际的风格化即可', null, '93', '93', '2', '2', '2', null, '2018-12-20 21:30:19', '2018-12-20 21:31:18', null);
INSERT INTO `j_order` VALUES ('35', '20181220213826353521', '1', '100', null, '是大法官说离开的积分那个了数据库的风格看老师傅 ', null, '93', '93', null, null, null, null, '2018-12-20 21:38:27', null, null);
INSERT INTO `j_order` VALUES ('36', '20181220213953cfd5a5', '2', '100', '100.00', '是对方告诉对方个是对方告诉对方是对方告诉对方是对方感受到是大法官说', null, '93', '93', '2', '2', '2', null, '2018-12-20 21:39:53', '2018-12-20 21:40:19', null);
INSERT INTO `j_order` VALUES ('37', '2018122021502324397c', '2', '100', '100.00', '黄金时代分涉及到付款函数电极开发深刻的积分换是关乎是关乎谁看见了对方韩国谁看见的发挥谁离开家地方刚刚好跨世纪的回复过看见了啥地方和国际上库升级了V地方', null, '93', '93', '1', '1', '1', '1', '2018-12-20 21:50:23', '2018-12-20 21:50:55', '2018-12-20 22:07:39');
INSERT INTO `j_order` VALUES ('38', '20181224171120b5a24a', '2', '100', '100.00', '健康的回复如果就肯定会发生过的境况时返回给楼上的返回会计师的分开两个试试看可是老江湖给对方是开机后高考了加水淀粉新空间浪费和关闭了放大上岛咖啡令箭荷花地方了看见过号开始的离开刷卡缴费的回复了开始绩点发过来低级开发合格率是浪费的打开就发生过劳动力科技风格和懒人沙发', null, '93', '93', '1', '1', '1', '1', '2018-12-24 17:11:20', '2018-12-24 17:12:01', '2018-12-25 22:43:22');
INSERT INTO `j_order` VALUES ('39', '2018122516361146207d', '2', '100', '100.00', 'dfgsdljk荻花宫高欧地哦你的方法给较好的法规   ', null, '93', '93', '2', '1', '1', '1', '2018-12-25 16:36:11', '2018-12-25 16:37:18', '2018-12-25 16:38:37');
INSERT INTO `j_order` VALUES ('40', '20190101111018c7603f', '2', '100', '100.00', '哈哈哈哈哈哈哈哈哈哈', null, '93', '93', '2', '2', '2', null, '2019-01-01 11:10:19', '2019-01-01 11:11:06', null);

-- ----------------------------
-- Table structure for j_type
-- ----------------------------
DROP TABLE IF EXISTS `j_type`;
CREATE TABLE `j_type` (
  `tid` bigint(20) NOT NULL AUTO_INCREMENT COMMENT '分类ID',
  `type_name` varchar(255) NOT NULL COMMENT '栏目名称',
  `order_no` int(11) DEFAULT NULL COMMENT '栏目顺序',
  `parent_id` bigint(20) DEFAULT NULL COMMENT '父栏目ID',
  PRIMARY KEY (`tid`)
) ENGINE=InnoDB AUTO_INCREMENT=19 DEFAULT CHARSET=utf8 COMMENT='IT类别';

-- ----------------------------
-- Records of j_type
-- ----------------------------
INSERT INTO `j_type` VALUES ('1', '后端开发', '1', '0');
INSERT INTO `j_type` VALUES ('2', '前端开发', '2', '0');
INSERT INTO `j_type` VALUES ('3', '移动开发', '3', '0');
INSERT INTO `j_type` VALUES ('4', '人工智能', '4', '0');
INSERT INTO `j_type` VALUES ('5', 'Java', '1', '1');
INSERT INTO `j_type` VALUES ('6', 'G0', '2', '1');
INSERT INTO `j_type` VALUES ('7', 'PHP', '3', '1');
INSERT INTO `j_type` VALUES ('8', 'web前端', '1', '2');
INSERT INTO `j_type` VALUES ('11', 'java', '12', '3');
INSERT INTO `j_type` VALUES ('13', '深度学习', '1', '4');
INSERT INTO `j_type` VALUES ('14', '机器学习', '2', '4');
INSERT INTO `j_type` VALUES ('15', '算法工程师', '3', '4');
INSERT INTO `j_type` VALUES ('16', 'C++', '4', '1');
INSERT INTO `j_type` VALUES ('17', '其他', '10', '0');
INSERT INTO `j_type` VALUES ('18', 'HR', '1', '17');
